sample_id,component_1,component_2,component_3,component_4,component_5,component_6,component_7,component_8,component_9,component_10,component_11,component_12,component_13,component_14,component_15,component_16,component_17,component_18,component_19,component_20,component_21,component_22,component_23,component_24,component_25,component_26,component_27,component_28,component_29
sample_0,19.23312703604372,34.78514391402616,-25.031950718155407,2.394047533114449,1.330520102741788,-2.875678021485658,-22.502128093866684,-1.9934394183850879,2.9361550600104285,-4.998545304324944,0.2602734718941717,-0.7505276881855238,0.6715592869556681,5.026378912606609,6.412628201705809,-2.494105134348758,0.753965720670592,-7.347376324269203,-0.05471865084264366,-5.392273152010302,-1.7879359430943833,2.2880907221339566,-1.3091609896461989,-0.06760426357025029,1.6842147299934864,-1.7562847118989346,-3.16128893406029,-1.1472340048277965,-1.6875196028544086
sample_1,0.810886773732474,-30.052289502128957,-1.9448647519131028,17.802678961899478,-20.596013457787294,5.113113709024459,11.883389968924618,12.94906967724057,1.188131724952407,-13.351012204788969,-1.4182175044745902,-5.987203571190605,5.809595840534789,11.085610365915235,-0.0952045354751408,3.5788703999062816,-7.208213397442015,0.7533763772098292,-5.245306040781331,5.949958228997785,4.329931787515117,-3.7110174182948525,2.754052950695622,-2.3534358013981067,-3.4312909766598776,4.021543038828935,3.4661187098875517,2.483132294536352,-3.981907989651662
sample_2,17.39869474775386,-1.02071177878327,-20.68039575903008,-31.869048837526606,-39.32580700556767,1.1360381012357774,9.067622065204223,14.534614114181933,-1.5614473440417513,0.2637708781292284,-6.101099211561209,10.286264531662164,1.3995586641228175,-1.232594408006308,-4.02499446942316,9.803638872458228,13.617618476237434,4.818878147293891,-3.049487414815297,0.7531301008668216,5.245389143116872,3.4908259568676407,7.457083070252723,-3.638219588501221,3.4338834455752867,1.8625958796218927,-3.577800246856384,-3.626510111564145,-2.0733179418941816
sample_3,24.50898354656524,24.973898394421276,-23.92375954691463,-12.609279507983773,-17.507033210362867,-0.601707002186416,6.630149474156849,3.041400835165758,2.1387641798829566,-1.6995572081366972,7.335166228189917,12.54407355973029,-0.09147249545606519,-0.9808927421237678,-1.2629085450582245,9.20126581759073,2.3204285547349954,-0.5403512206245965,-2.3157405805886775,1.2831172978311103,-5.166206468698483,2.854969882719308,-1.0595990961718975,-1.809000710016093,3.750560575458331,0.6942680271060175,-2.6498107208401813,-3.133454625559153,-4.315520252799274
sample_4,24.4513173855506,1.1297389895397287,22.509397272471457,-11.949659191620727,2.5013354291838796,-0.04169298032379307,-3.8996772509276942,-17.757540006675104,4.3570079467095555,-6.343659522314778,8.41109519783456,5.492533453362575,-3.821497966277576,-2.9582467769764915,0.27996405318639905,-2.6452852557401774,-0.6026139305941516,-2.047856318836683,-0.1579214221427634,-1.0266908945784046,-2.2496909907157168,-1.0496666855055616,2.797039162083826,-4.238634952409776,0.5864524974704628,7.676855055255186,3.7903222913000074,2.492240641835088,-1.3306560498881022
sample_5,11.740203600987345,36.69465694589731,-15.224741403067377,-0.7697836268967263,4.690730271602517,3.943995755374454,2.953454271490219,4.281175450196924,10.681374734536494,5.570611392307364,-11.585481726925844,-3.712841212165022,-2.6486038258277076,-2.2782027444055117,2.110714512198964,10.318814392168923,4.0807589503284385,-3.6212167314155845,6.066878433075142,3.9396744083953887,2.511334360908122,4.888468674569752,3.8765386806537863,-0.13803621485175224,0.2091553955182575,6.837884033752525,-2.7490159615811782,-2.6357547546205926,-9.811954401862897
sample_6,-26.809577787810372,14.655894581353817,2.355456911001253,3.043424605408606,6.076725760569297,3.5830421984427745,-19.384736704016426,-17.173751772592215,9.761137915851627,-5.669885711946772,-13.730577329163577,-1.9755638385401695,0.14866472598702243,-5.424959543530743,-4.917152874855115,-2.6176750703632052,4.254621835930019,0.25679689461805166,-0.7175936273809123,-5.115617434566115,2.858522358934781,-2.937591225432376,-18.02622604539828,-7.844206898286409,5.075710521580777,-3.28795394184044,11.673509155154754,-10.024309655304986,0.06781752599051354
sample_7,6.992210632890308,43.37337179283258,-11.978312505308933,8.552997631074005,15.523208933566925,4.811145833656859,1.8270764443478302,1.579588143292259,7.371234954524539,-6.275498027364034,-21.942131529953475,-9.05753163706255,1.9858299230341052,0.16819618049427992,11.50683686528822,-5.370633268408954,5.887570112310047,5.561473831704743,6.923883533286266,-3.7404520558729373,17.153751158705184,6.37470363197243,2.4209637116540126,-1.1394062541944283,-12.502369371342851,2.306172812162018,7.6565095347560685,3.4410316403055865,2.1238577895437354
sample_8,12.013605247365133,-10.044277566880277,13.630067508569635,0.5618142776053092,-6.677658895329993,31.414031736800148,6.387535569429396,-17.970659617303767,0.4781140618054469,-3.7209434376222856,2.8885003386300174,-0.46708176310823674,-1.0834928563808308,1.4381714421338958,1.9697191235931142,-1.537005321369812,3.3298289628270603,4.251038146875515,4.035067314068579,2.7727086098588067,-1.7833304328861916,-0.5444045359274772,-0.36399426626374115,0.6139885105425049,-0.9059431898285756,3.074040967793777,-1.655601387308164,-0.1333273630526471,-6.05545630684415
sample_9,18.876482173802955,39.975596821502016,-23.00560045336021,-14.995501529352913,-5.458966673328762,3.636609740519433,4.937021567580375,-7.340527316885141,7.999026031545615,3.4996012300157,-20.7136796232441,-2.0253541690181756,-2.2659772779188647,-0.4056829185048333,-0.425987723257234,7.79944912001753,13.235146397131402,-1.152947929058336,2.28497536170175,-0.5784810310466331,5.954606898110628,1.9808857104857889,3.4205807863642814,-2.7177424427682504,-2.3585260974760893,0.4745036918157556,7.043096711825441,8.153108140623775,7.1512856113819785
sample_10,19.811822994431218,8.035233828396661,22.66476645277271,-0.1081926606671345,12.780845249217432,-6.369697567456592,-7.622255380196838,4.451905223599684,-9.984096302575109,4.60457577524969,2.0429545870362142,0.6196112209791331,-1.2205785769154078,-2.261255362737401,-1.7619897253248764,5.297142749524892,4.7719319333623,-3.520258699047192,-1.338263373171201,-2.6063039399910846,-5.7805386090769755,-3.573743219046132,1.3328965188985524,-4.3737879927096355,-8.065276807129484,2.7932693184637243,1.4505184106418794,3.0689466239067125,-0.6079918453972444
sample_11,-60.5691763081957,5.4659120027819545,6.641024405647444,-4.84319567184286,-2.7338302142587145,-1.911046620791818,-1.0594106337388713,12.48225525098961,-5.65342002471627,3.702271675727189,1.6954410596532532,3.365635162343602,-6.560204997698034,1.1773064084842857,-1.2364601579105243,-2.8467537957470466,-0.27300914215748223,2.198402730989519,1.6856262873974894,2.47535322352846,0.9980405176998991,0.5777968782470851,0.6308943307009361,3.842840004364968,-1.1243022016884825,-0.6473489980920727,-0.8867340769206499,2.237949183039086,-2.113822471011711
sample_12,11.16851772445007,34.23064268966316,-21.020614292112207,12.406219583213739,6.635426619018865,5.863458336459927,0.22130239839159394,13.627333441841685,-3.7868332899052564,2.574546345029605,7.929221809165651,-1.1099090431119358,1.633170019885816,-0.12030015470522824,1.168188578384286,-7.880298505766147,-5.332891379307758,4.720488401333149,-2.040306884539369,1.1322245406318987,-0.18585281607620083,-1.8360459673557865,-0.21308925385854408,-0.7071114690683313,2.0203732096964697,2.0339845038418667,-2.619366798000228,0.03547817799263292,-4.080586413623903
sample_13,21.820475078448062,-10.226863709821643,16.659816744663864,-21.232212005883508,-9.963565659865449,-11.425288026596293,-16.882949346136083,5.609772140588596,17.960035832736203,-0.668317129554257,-17.669297947237155,-2.5938441639005116,0.9773362684624264,10.246168685838686,5.4833926383227025,0.8106041555359671,-4.223013806418755,0.30522236908195544,4.388711866610421,1.0973334249070275,-7.48921367035091,1.4449281155659448,0.8653143817166485,-5.097295962107436,3.6677307476113143,-3.5128007531288468,-6.917002993034077,1.7072860371597562,4.741970202668092
sample_14,25.13563682454971,-5.335704609888844,20.322994977821793,-24.6755011134112,-10.067541246981186,-10.73599714657553,-2.9085191461180413,-1.322282082181373,8.88534333747079,4.937931059288059,6.493107694003361,-11.522463068864814,-2.6754358291678875,0.2862218005305313,-4.972122954811546,-2.067766220634267,-0.12506359721856,-9.1858605184493,0.5226987827690941,-0.7307280521798616,2.164534703506215,3.544071696183003,1.800454660576837,5.189488969628153,0.35831927002845926,0.15332413824208985,-0.43804022226794326,2.998374901604552,-6.467801450796068
sample_15,17.549255136790393,3.6223792672161568,28.301025967730872,-5.062887921208284,9.530549159223602,-5.791954181554756,2.967653893669184,-8.21215239874818,3.4373408907465515,-9.932032732734273,5.68820815520252,5.770664516029894,-2.8920377617326403,-5.9235976651221875,-2.405389068413854,-4.820526507281475,2.7633706491924475,-3.4430251092719395,-1.8071522891262557,3.201315671754741,2.5483444014107746,0.5604178703873782,-1.2331585441640782,5.549615778298364,-1.2212763467867453,-0.31983532634822115,1.3878597955534995,2.3477001234802626,0.5399797968076535
sample_16,-1.779159823006039,-18.877790699116343,-4.833179035906753,32.634547136379275,-17.07156998738728,-13.317173467585974,-0.9931622806776494,-5.545877796988669,-1.5299769517858055,-6.601425107280451,5.808415934082345,-13.309369856593687,-9.699732367040877,-2.2286121330344755,-5.732179633990521,11.030510910871579,-4.903844325370952,4.425386377334701,-5.677958973800433,-0.9258278550066447,3.5365782517603988,4.9398234542790105,6.247402029884897,-1.066651823529413,1.218441203608974,-0.5082054051716149,1.398545725302706,0.011447706751452402,-0.32164230661176535
sample_17,-50.67843481565458,9.44534216650213,2.93442708148541,-7.04501806973658,2.853989314542079,-1.5140709725279906,-1.6291111230867727,-8.58073936616278,-0.6620214672819953,-0.012259584886283035,-2.4310356545954837,3.389235188674211,-5.184741734317869,1.1235606740664479,-3.1310493885194637,-2.007858334905528,-0.5581685341570509,2.5342742334224253,-0.1609930728245163,1.340096920333957,-1.3501344633572632,1.2257008889437109,-3.912137158675523,-2.608070313645265,4.192411645482761,1.599390781322315,3.961218948578395,-4.365528087441119,0.4509582809979332
sample_18,-48.235866703906204,7.775713297665855,4.8805871146751105,3.52556860384137,11.019990787611091,3.960826824388069,6.899668570277961,1.7146991480664797,2.321853271978212,-5.690424853991079,-2.017681899863098,0.041473342055500864,2.174431500557118,-4.064869525434947,7.210675227502769,0.5531376599510182,-1.911942406483568,-3.9744114460136912,7.830265792897171,-1.0791185375987955,-8.061181094958874,2.7205746032933633,0.8664676650051594,-3.241313984040481,3.0659111725380535,-2.0477848901773608,3.9283104921521192,2.2598621341517675,0.9595854930969642
sample_19,17.865145103447063,27.034966201799342,-24.531478788094915,-3.357854102276285,-3.6649392320484955,6.890023105474965,7.480641615685398,0.28684576261943373,0.595538014206499,-3.4921397024495695,5.986271863123929,4.899813960650667,2.2240166228029747,-0.6502011890200488,-1.3861628462726143,2.994451626933135,0.11350002009112654,-2.5171298156193878,-4.095315797842141,-2.706207783990361,-9.299758176155446,3.0340745121610047,-2.0573055767921935,-4.207685273857127,3.640850817502297,2.5714268008575982,6.463815732612213,-0.6169973398943521,0.7586042737200741
sample_20,17.432089335312696,-7.764252259233743,23.647210818553667,-18.796833137730864,-8.534111484853105,3.2188511998450413,18.568652557661977,-11.657706317671277,14.84566086743807,-4.236810142531066,3.919655438114099,-2.7859022727112324,1.1732191283172433,7.621162664237865,7.617709536749651,-2.1219252194970393,3.3320836940769247,4.764211689743118,0.6280039844760158,0.5274858729416466,1.9095140074476031,-3.5888888043949474,-7.929841877937018,-1.2683752395850576,-1.1625661359654411,-0.16825088896982723,-3.10036311269528,-4.1093755840241135,-5.266004808555492
sample_21,-30.949482138292566,-11.103103100979952,1.1871338069353317,-6.172232094730921,-7.8009730629034815,11.299462903012492,4.701253855254667,3.9451572182903405,22.003697133624556,-6.221447798478221,-1.1875540856712499,-4.577733627159994,17.707623213744313,-7.535144534878922,-2.784092535949905,5.13910207647438,-0.9507482485832063,-1.4179403226830065,-2.0587323800521813,-3.419966676665253,-0.35193004186137705,-5.90610401269697,1.9830147175115616,0.938650632912135,-1.5009362674693134,2.298400485293087,-6.479785481404824,9.337674294897235,-3.1955319841690484
sample_22,-1.0607853293617018,-12.632141443769191,-4.091165013414386,30.203699702410646,-12.706467937160772,-4.083488002172075,6.1309082455242745,-8.864890743882185,1.1083068975109525,2.7743132893137057,-12.500448105400002,0.9983910698701095,2.586444212572691,9.623111850170739,-1.4068202046481397,3.983876726287129,3.697325647733944,8.581910624819269,-1.9136875750543172,5.630018014964374,-2.2969714228788773,1.580302963987235,-0.40719833871927175,2.1871679286437593,3.0880531445665,0.36798762150013237,5.728574305922464,7.0459066117163145,9.925530998181024
sample_23,26.99615350563597,-12.911555768305925,16.6623031426917,-26.697109987031578,-21.88711975287063,-16.631322813160843,-17.054734505773645,-3.455922186604281,5.5872620103575805,-6.608058597429479,5.55305241695067,-8.520772441476291,5.156433565670229,-1.7931438799568435,-2.2427037311306544,-12.11896227514149,-2.0930759479619874,-7.619662479986211,-1.5954083531040275,-1.3361565480326996,2.129665422871768,9.449094770069982,2.6770039034049233,8.092498408259088,4.671466157627152,2.728520012679027,3.1964869384013,0.19902471737891933,4.659607360481324
sample_24,-63.36566232309433,3.442483168038426,2.244991661866114,-19.865808452162526,-12.790404066023703,-1.8289745379905045,13.724934501569914,1.5318088412894697,-11.212533623124838,-0.17276263909485698,4.7125985545771485,-0.5456634872352758,-2.722941479092924,2.545842062332737,2.274740389088862,-2.2513636145002494,2.707706812900659,-1.9085356944862422,-0.9863587669167085,2.3470457060932732,0.8297915756326067,-1.0250828116793789,1.013441545028169,0.10508105515528997,-3.285098315423233,-1.8130581810159943,-0.39992220432344344,3.5080293510928695,-0.5847887608704103
sample_25,-2.9935159835593983,-1.4500019044737893,-3.3572362070602217,41.16781623130143,5.780885402530926,-13.222088674835028,8.987756160105153,-1.8464605600685726,-9.164942866337316,6.310319643456577,-13.123695183037462,-1.9141608224907605,-6.884475913078993,-8.728451327692625,0.5753469926091423,-0.04002855427522916,-7.584548424308142,3.381156881700284,7.045237811271095,-0.689141137069252,3.3548477051157883,-4.457550856567611,-3.506687009102825,-0.6072265603059241,1.6614644345780016,1.2499601604086408,-5.532738170628572,2.191800917545829,-1.4577345333807767
sample_26,3.7410943780018777,-35.79951707663515,-35.2044484435006,-20.246111294590314,19.794219724169665,-2.864711375309503,2.8662048579526793,-3.0358389921392046,0.6228728211654792,-3.2483908986512615,-2.2657417531478794,-1.1854397118736564,-3.1022283862254034,-4.685238574394385,-0.525906641263549,-1.2543529601735055,0.8646360750124791,-0.43944946616401137,-1.3109191388938342,-0.7730765996508935,-2.511007836379625,-0.9305778087400556,-3.598930664669467,0.8280171639667169,-2.4329772307473427,0.04724334315935044,1.2861274429195029,-3.834133179125144,-1.9432122527904927
sample_27,17.397401942495105,-0.198126305621582,17.97436018749574,-16.748381446623792,-2.301081487112681,-11.440581247141505,7.562593883738555,1.4457165439689357,-3.2155585641268085,5.353189454383311,-7.623989929478223,-8.404418026576034,8.510024654644242,5.475515147734243,-4.911729420661413,-2.965747723772539,-6.537008866703917,-4.017656950883822,1.4873483489996775,-4.263985467460809,-1.6204732416874523,7.809449401900726,-3.2935420271837463,0.005939003191668172,-5.437381037663357,-2.1856877799588945,-2.637727173018956,-8.392299186118832,5.201935908150885
sample_28,11.429823557639812,-10.443212731436137,6.419006288932223,9.908066940932331,-1.269776960239578,34.51989358804271,0.3396635319456344,-4.8972568974275985,-5.847619438514456,8.249149667150101,0.6534099662179264,-7.856517452841056,-3.3658186268003245,0.14339990019138052,-2.908493489333112,-1.1743593842748845,2.678761596776684,-8.212360014527007,1.3444277080979183,0.3338699100763175,-1.3424520635877553,1.1274587390513942,3.4579509777346087,-4.305581185913999,-0.5270019164150358,2.7111971783047397,-3.8688443031937543,3.965452142956952,2.0253784121360434
sample_29,16.369418041683186,-0.5223303747093477,-1.136702571777344,-6.44996493791325,-6.822926175105853,29.12819259459488,-4.468564822434293,-23.386824294181203,10.114006213463023,34.52494545020567,5.490059070662256,-13.94114687796762,-13.769252250152972,-3.6772082697789976,-1.4178763864560797,-4.14889618554921,-5.301526799357614,-13.261984311755933,-5.053039564539611,-4.427498280361876,8.475658419027503,-6.283426535762253,3.6154373946130365,-3.7021517350870448,-8.569559871386272,3.847446841886211,-1.9980606760305417,5.284779544380384,0.8479556894480725
sample_30,17.58456779617889,-9.433895856704076,23.533094413599912,-13.670523682445785,-11.559206836202291,-8.437093433367409,2.3538565641181823,18.021159669432457,3.2821805974521965,3.8851214909094987,1.1018047190841864,-2.946311974529692,-0.9261128120931801,-2.5024752408401034,5.615319100235949,-4.236066805532364,-2.4219795751760085,9.751333193710629,5.092567830471153,-2.094651488613264,-5.337338285794095,0.3347194625170563,-7.013048063509773,-1.0348805054556298,3.442090648612267,-1.0652521242666735,0.7893983683372068,0.8908025854428845,-3.5561231699536022
sample_31,23.339712382515163,-4.3121635032916315,23.46234939583166,-18.16186246448384,-2.526162501342843,0.06704061825435768,15.102557493039637,-12.547294875937839,5.233135382858936,-8.885234654019555,7.369928730376734,4.674918789654027,-4.5484160363567305,-3.4033572547431126,2.7266296043696943,-4.324742687048448,5.7677890341856966,2.1184413126021986,1.2579352326129958,-1.5942830411667894,0.28178222988843454,-3.9165856161597854,-1.600145738767036,-3.3919944429487447,-0.23653977821733457,3.1217765837335874,0.522406677667834,2.9007543573006918,0.48437186045840874
sample_32,-41.95187203396349,1.9095727327035625,9.475571983683595,4.480880632967668,2.0602621238378016,9.805979883815784,11.909907866258807,14.597194493368953,6.396122420262105,-5.730070335120721,-7.280286663702943,-2.381548408310141,1.7470300803644585,-0.2172352296110229,-3.908088181565565,-5.103402004331405,2.1887504741226307,-3.336680662791965,-0.2848417064162793,-3.6499957926561386,0.845289700223463,-2.695811532071077,-5.410141141372158,1.4350214739960003,-1.8842701468573106,-4.798443198065948,-2.214069911851408,-1.9174790497961771,3.914059350067682
sample_33,12.436103392654122,4.758467979985614,19.586717573330553,6.279474070264616,14.443581517655087,-4.749712872557055,-21.904589195527375,20.732967447719684,-10.701860440446046,0.09450589879242771,-8.313090665518851,2.9731884442466776,0.8648029853592072,-1.0326362602302592,2.0543244334294197,4.072935436464469,-1.2527812690833178,-8.180931936987678,-4.12157968528658,0.4932632913075715,-2.6443780509601824,-2.3973533253693295,-2.1000891578983913,-0.5470193151578616,-1.3226604851606878,1.5300137658716397,1.9574388773177624,2.2244921308119308,-1.9089811199992617
sample_34,17.868838659865002,34.77738514898539,-19.43746825597442,0.2206345958804293,1.2263368898510203,5.535753410984629,-0.02825265456551692,-1.1679893573451927,4.213404583147716,-3.2933003265947924,-5.566764068306448,-0.8252498625933532,-2.4195502120218535,-2.4586696008019215,-1.4772859024387486,0.2817268116219898,2.172301504374402,-1.8656894276738856,2.0009670010924667,-1.495877402656721,-6.75672390869639,1.7819227891200065,-1.0157272690843797,-3.578008672523456,2.255177187388513,1.7157051727842476,5.501639207949377,0.4284362503482972,3.3957570366355996
sample_35,21.26565539586738,-5.784395840998732,22.149829555412268,-19.917004529294022,-7.654327974760682,-3.549209224569113,6.830882294377141,-2.2019288755501183,4.710221760792734,-5.7635071671281235,0.5403358311114089,5.6157895198927985,-1.2038094849285697,0.3573635519683885,4.778517694987684,-3.719168897688443,2.5387362224697627,4.0418950311766055,3.531402243163354,-5.874952641599489,-7.1173440356221915,-3.233609961502079,-7.398779612568768,-6.395721401969243,0.17024560193675067,0.09292458646386838,-1.1980030954519367,1.2906155353282556,-6.5995298628660235
sample_36,-36.32686645818184,12.562611299893252,0.5780607256945314,-5.081692435947288,2.3613502412588456,-1.0260469315784781,-7.467820220447443,-27.583129921757887,-4.511666714722414,5.103124777355891,0.861617916920187,-2.2732510199283507,3.639226887073056,-4.219639612303343,5.8381275139309485,-1.1414641414129085,-0.41100705325654097,0.15665289807271812,-0.04491213877834459,-1.1656055387017878,5.125036568001062,-2.5902500417715935,-7.384229730174898,-8.868820540699287,11.47500598107565,-8.271278087261274,12.401002734560786,-11.987060043688897,2.801676955100443
sample_37,-0.7248863424468331,3.2048123729360523,-3.0828909101291555,45.785244929464376,4.483769776730272,-20.043973101230257,-7.069740928403353,-3.4760816389896227,-12.787717028129475,2.922541179711517,14.644008429783964,-11.54662580865818,-13.741542282231942,1.2814296220471226,-4.5573859617092225,6.193987162284861,18.832968637870284,-0.7488155685949948,5.628495094997915,-13.207648846294559,8.280807312847065,-3.508549822391448,-3.5890096950096932,4.462456625675985,1.5594544372025498,-5.3750812714692815,-3.824973988594268,2.580719913132017,0.7442112573347032
sample_38,19.37001306487485,-4.030026790399629,21.96169260263001,-11.61738031303493,1.8715918029751895,-16.963294554879344,-13.161147942115237,1.109621500402872,-4.794396065584295,0.8758434667881678,-1.7571151262032558,1.9066923045198985,2.8177926964379916,1.0743334347383486,0.09138138017256468,0.778093021096985,-2.574659586223913,9.275455024887004,-0.35419825712080855,2.8534521466685763,1.3238809169581085,11.335881050166043,-8.813569236866131,-1.7602058347304306,3.549820892198066,-2.3610350839320624,0.8869598440099453,2.6665607337281076,-1.4507353438351756
sample_39,20.625274596225655,-5.29214408527084,16.623316374691143,4.809265044567904,3.7205405395400954,-3.9383577032007153,-26.03523294415916,5.674136278979864,-4.491898883388603,-2.9295372003578843,4.001048956075249,8.422744489877646,-2.738784765393585,-3.8361857220030275,6.145296721920134,2.503915391057107,7.235250633307439,-8.30327282449643,1.4254615976073792,-3.6049847286932803,-1.1861504825605262,1.8932660258074712,1.0257218833277615,-1.6868793143063714,-2.3391119724979865,1.5021220757851714,3.52823266922196,-1.89652080723692,0.380235386184039
sample_40,-57.49460001030916,11.370237850449882,7.895530492117912,-5.683192881866949,0.5608556542808829,0.13155453592947555,7.243280343851049,1.2440472375096452,-4.408574323076454,0.42315548965445826,-0.08505082338572197,1.7236998014152465,-6.804449597288296,3.10800486197005,-5.334594174781767,-3.9630674114342463,-0.18377220721808543,1.581789458505157,0.4923463815438729,1.6645158336044743,2.9578294727454875,-2.913696939877313,-1.9697716194072368,2.434112912908815,-1.9671686414068226,-0.605844929380006,-1.978261129015942,-2.215813894082128,1.6435281478099781
sample_41,17.616123218737524,46.51508291605961,-29.928104682942937,-4.5737307495238495,-3.739046608967196,-1.6455915412355304,-7.976376176575054,-6.556389423781211,-4.42104238611632,-2.7339675902335014,3.901425851624003,-3.1563375424363733,3.6100014298939254,2.5709403737383867,4.4677803289752305,-8.249306331163433,-5.612846906323154,5.683541999870349,-0.5905259950834896,-0.9307549844785211,5.535366213931619,-2.2441523521605546,0.7167693375070889,0.6175599308316275,-3.209110974373993,-0.9594896451548585,-6.6905143001385445,2.0761858748099593,-3.2460331292284974
sample_42,14.084855359913542,32.818151916930205,-19.733994977844503,7.042811829540993,5.497356729362265,4.655177243846771,-1.9661122483312896,-1.5519430869399777,3.1154496120758517,1.5886467610542125,2.812050104939719,0.5574410261384273,-2.5173972785629246,-2.508889125192602,-6.690275656451966,0.1563171218509202,-4.540824230330532,1.2825196259347083,-1.8549260758915742,-0.9751240391044039,-5.332099763627013,1.516754857983342,-0.6427807419617311,0.10308517303974736,6.374352352314112,-1.66540485294026,7.737356291847114,0.40690719818271287,5.715538440325432
sample_43,-59.53678277023409,9.123691345758727,2.1989500284593864,-14.344420561002812,-6.966329084951,-5.819824865159551,-7.176235417449915,-4.059415023542084,-7.33938956254406,-0.46591403342454524,-2.554368083932842,2.023903435423832,-8.575165361525894,6.60172020926648,0.24600689882632654,-3.462072940940715,-0.7192376742568181,-2.926467274779493,-1.3912608440859227,3.435760757111498,0.21789267996004055,1.4127426039641084,2.5760085771427015,0.4671052749150276,0.6692394064333681,-1.0334001736920544,1.6421393463630858,-0.7121155263584957,-0.5391855971766981
sample_44,-62.411506493850396,9.816061329082931,4.1216238614879215,-10.55272445934477,-4.000033944008755,-3.9588050619002737,-2.191839248065092,5.604535732613485,-10.9875322042007,2.581719216092808,-4.1222260692203,7.115633122566561,-10.341959618620837,7.147156204050347,-3.361135715023794,-5.691237585465139,-1.6024169028768025,1.019181770839991,-1.306606543442922,2.2690353960117315,1.7140282296778435,0.4313040348064419,0.6160310740589708,2.8315409484373317,-0.2315390769334164,-0.6216817201286513,-0.3817616745682896,-2.1717806384596527,0.07875667993205959
sample_45,19.145462446965237,-4.487557963174126,26.811658588577792,-11.003836054407106,0.9038287086188272,0.4999944578076706,14.492735629464796,2.3722375035248957,6.736440472970838,-5.484263497565018,3.317518942278302,0.8038306845588443,-2.672895511164407,-2.915794789542253,2.6753409589354153,-7.91687250944026,4.150168029645691,3.396779156088117,2.304326498512302,1.9580646911208857,-4.016705015463047,-5.559219561763933,5.988692223179905,-5.521655079390841,1.2403613171680186,8.291464394437813,-1.4798091036277505,0.6849338456523789,-0.09615426131573052
sample_46,13.965587244805528,46.432518941715934,-24.617363354961647,1.3719299746247748,7.36288062940074,1.474658209403643,-22.094661124544935,-5.7914715916318364,4.524129000997136,-4.0960039207783625,-19.28682539523813,-8.775186455977922,3.7921981352831815,1.5959003857668062,12.690572954635137,-11.035903478058035,5.003504496044157,4.62605972573944,4.222075334013129,-4.314883463707509,16.861144468469313,2.1660241141564263,-1.6361042774544796,0.14933120191882157,-13.70528980676668,-0.40054180953779545,7.65921091403254,9.068976853084214,7.766681438256181
sample_47,9.283781882509544,-47.431077940784846,-44.343922530523166,-30.00797535143289,8.710724540017942,-10.153520301504772,-3.705783534967162,-2.7021427734889336,-12.693819215123336,1.5968641156756074,4.7110213269005925,1.4579459173533504,-0.32585545788014025,4.944273180501295,-5.50875392556646,4.199137101608712,0.279636762081559,4.5334486741665625,3.2864465669512186,1.0136340619221025,6.163585630267799,-2.878187543593945,-3.5672146488647676,-3.7306114814940132,-6.680329884329095,2.333856424988476,-3.2343822505611723,-0.8926011568193228,7.083408050922904
sample_48,18.67126125166862,-10.259129109790814,25.139677056821117,-10.048401176703186,-5.29887911827586,3.7547614118950627,6.611908188385634,5.26268800000011,9.407223795533607,0.8211317540516202,7.777114271360338,4.0067294776319535,-6.124709434055512,2.21896191338534,8.921315677527293,-2.265986854371471,0.18892244905444364,2.7390154316305177,-1.9981910238459177,-6.184302210271643,6.991002371482045,-1.8915629430612466,1.918925876320564,-1.046738136833032,6.319993169088383,7.247098121278387,-0.2791807164205489,-0.5164722877963566,5.5280320905650004
sample_49,3.542190417683651,-16.19000683170675,-5.732337191069809,27.03342392992182,-10.20818026753655,-9.353290948066718,6.322174986971001,-6.088433660343007,5.143491061448709,14.767138952788804,-4.482528656816636,14.10357942275201,2.5927094131342665,-9.315639656464688,-6.319450973886614,-11.416346658869305,9.33256774320403,-1.5815015260980352,-5.653880308283458,-5.856992309704536,-1.5472352433085543,0.14590894047516348,8.048527179508335,-10.430129739346174,3.040603718275431,-9.124563199118706,-2.190334140708666,1.2328106356177853,-4.974378628706018
sample_50,20.001453043089736,-3.1664876499173222,23.216858758335306,-21.079617633374617,-4.030813184165459,-14.445813568405454,14.0175072039575,-6.19496390685015,8.732656921127873,-3.9826388914160282,2.180830262308164,1.5528242419891884,4.586467440471507,-2.531419801413149,-3.4951358116381144,0.19652846455767453,-0.06940229133558261,2.6303007029861627,1.648373334232929,2.0887820368155254,2.8362973773547826,6.693588490419602,-4.1945088590744195,2.6703475066509608,-1.5284760601753093,-4.935817614603192,0.2217460188227647,0.6021798665798205,-5.388819047198266
sample_51,-0.2983192889376638,-16.946669573687146,-14.844965957249554,14.887288312099765,-11.138903999134453,-17.622487004231452,5.209981658610818,-6.251319986475933,-3.461005536713323,9.381767294432924,-8.75487355438656,6.684651071579022,8.168407526091634,-11.128599026162245,2.057811892876908,-6.370907311103479,-1.2548534063426917,-9.010237022616348,6.064815381716285,-4.271486103301711,-7.23627331476123,-2.8229122115802836,2.361852058478083,-2.699972326819734,-4.722891805815852,10.085333120869993,-2.387027793283752,-3.0859347219088304,-8.563020825957354
sample_52,14.849564252767129,-17.652081478532455,5.3976394761171145,-8.805214303625029,-19.35566011904503,31.45400668295018,-6.480695538663385,-15.282794595322583,-9.250601001937167,-3.3189932035380765,-6.866223408590326,-1.2023230992114722,-0.8401508110001308,-3.0369734626191747,-7.143164942372602,-0.13841632737064827,0.5172882520801911,4.239685358940729,10.177353418350195,4.863114907299124,-2.686897834554758,5.521750358332524,1.1396096904789907,2.9828471010894098,2.2465484685724526,-5.387781840387323,-4.890074369356942,0.040758594143323716,2.5218118010166237
sample_53,13.047592915819374,41.47503542373864,-24.22488654781854,-12.888467139562989,-9.236911843566237,-3.143094107453456,3.252540047138018,0.9324777819789677,0.43024843155301357,-2.85990521873692,-11.84382623176072,4.063797300324274,0.7080330385871234,2.197595074965414,-2.5954701382559255,5.892584080640363,1.0876885386550852,1.8807443916667947,0.8717777174805084,0.018717695072621443,5.617262552706749,2.5078743228989753,2.696458305725657,1.9395754030838945,3.108015889951367,0.5767680510458072,-4.934151353768499,-3.518487218142123,-4.362773804954848
sample_54,7.723272338678375,-45.09966928145564,-37.75025977211618,-35.98737224686267,0.47653231380318684,-6.275124630520616,-7.0252282803660115,-9.084666518562578,-5.001244528982743,0.22022460366469146,1.5964425423064945,-1.2677660127268597,-2.340490642544221,0.4534519413573708,5.082461203646705,8.221106855538066,2.505274308590231,5.392024324303735,-2.5996756877084692,0.11329121930015248,-0.7095810949525798,-5.991142867639796,-0.550733516763388,5.559787634261125,-3.669554465132969,3.028047145349377,2.1410031466773796,0.8389993512854049,-3.307532881727987
sample_55,17.48029089510457,-17.616535925076445,2.1951699770264237,-6.614537321763186,-25.612218515914392,28.519651970821812,-31.481102964128976,-16.037919557212675,-7.801205090543801,5.928823292225867,0.9906554014104888,-0.49785040693456745,-1.3190032988867948,-5.246011666064921,2.6007193729495652,2.236424328569394,-7.6844542849712285,6.661787035128719,6.300496994051892,-0.05899115399143939,-1.2184614392740503,5.638054701081073,-0.6828985478577995,6.088661678167159,1.0072050673110606,-0.3829483872910534,-0.42647310564152474,-1.6565988306357224,0.5644752668083355
sample_56,21.34319086769846,-6.395073256816538,26.43340706683673,-21.577974559406332,-5.88487765120481,-12.125500467933806,4.479814018632506,-4.473683091078296,3.2001721775681427,-4.508242628430523,3.18457138646537,-4.2885692464903435,3.268435393647583,-6.3812459789990665,-2.7071118108662846,-10.875695200001744,-2.8998346462364304,-1.1437370859711846,-4.495655324802547,-1.6039310677050334,4.953739117517273,10.096633584602069,-3.2326558262865337,6.867833006463041,4.312860253909634,0.6078699091523718,4.966452155323203,3.812350679889312,1.606412845524526
sample_57,0.11619035787911405,-31.817736470115207,-24.583399753776654,-5.386417325599158,26.519900413938398,4.729470377603091,8.156951162536597,3.718788705841348,3.8329127518470347,2.157726177266044,-3.8953827173011417,-1.802603884627447,-3.454085637692963,-6.005067083791368,4.47179616448032,-2.4044018557091817,0.9044817763862819,7.406331418859242,-3.167767182245278,-3.1324936942043133,-5.451036489190982,-1.109003947585129,5.71760872526541,8.612176404775822,1.4227747215011488,-4.212216355121673,2.925379164917503,-2.5112533219979047,-2.315131125309191
sample_58,-51.124712229360306,11.762718177866274,0.6162958706817108,-5.350997803516309,2.8027833232734802,-3.6103538022448354,-12.394850707163009,-4.92692001056172,-3.2540305917135206,2.312476902317016,-5.067836943734604,0.7349087715488741,-4.849403736930724,4.820459122605803,4.9719717048273875,-4.1833535491250124,0.07545500480482586,-4.173800119977178,1.30676415725292,1.6161982114649132,-2.023492752828763,1.5013096390518235,-0.5217418077621739,-2.8481770154723636,4.665378014874457,-2.1600674183528494,4.595382037537432,-3.3770522983585853,-1.392876700213552
sample_59,15.713886211258847,14.339294773000885,20.133582766262492,-0.419782529758266,17.223055159952327,-2.9879778343155134,-9.056537602924065,-8.714442278771548,-16.648398668207037,-5.138968889629444,-4.256114336988721,5.791816819682864,7.215108932548609,-2.2101165317657476,-1.0505578726749858,4.6633231120422804,1.166097029166627,-5.482610627862662,-5.657258685402751,6.168100463771528,2.1909442373704593,0.9589241958024233,-2.0913895180701965,2.475278885793022,-3.91316576053509,-2.1309513269671316,-4.122408665703537,-1.374682905203029,2.1307785256169987
sample_60,2.435460152013932,-18.72912322934638,-5.741319080961841,25.52266790963183,-17.065384121445607,-1.0586735164083947,8.965451295492707,-8.552856872439143,-0.5336130336641122,-11.52898294502888,-2.754616687855666,-10.456723761313155,6.810326104562906,12.234726227628999,4.477211736956319,8.812426147144576,-2.041876453505743,-0.16541157701649545,-8.36857546640223,1.9932880945646427,-1.667747614829491,4.4572551349134795,0.8766286338206195,-0.44073918823698705,-3.8193630544858808,9.223537910343959,2.0916697783071028,-2.0169828199352002,-1.1505451310128734
sample_61,-9.545094138011466,-0.033956930561620385,5.8226577727813105,6.85624432157721,-0.16043382815226917,12.186825864213642,5.73836368220107,0.3575713329023127,12.26872317090832,6.9723289272409525,4.967230671456916,-6.0398330973139345,6.0622366881227885,-1.8153588157134017,5.924405333526564,-2.4167885387984684,0.35904696734670144,3.5449619014135596,-6.800711341915062,11.437474629145894,17.803560853912046,-12.616528977352303,-3.7257722289102855,-10.555445360506768,20.705395386749124,-6.703688041574346,5.222157918500467,-6.515681472517886,-5.044913904996278
sample_62,11.60076277088502,9.273825653100173,25.744654076890335,6.09257770379617,22.533319937121995,1.7930104320331428,9.734359857189084,-4.803064053547145,-8.232301371315515,1.6106710693687563,-0.2011462675499569,2.414401807182374,4.925285699312178,2.2168716899339413,-4.871924420121792,5.000090078267062,2.915189369149396,-0.3620183708097749,-5.414816333859257,4.405842338319719,1.6193767828945436,5.805518800661422,-1.7078105476453198,1.5975708593474576,1.1859719187868054,-2.027620174404861,-0.7270324174371936,1.4891136636564535,-2.973466194733172
sample_63,-1.682821723934554,-11.077568872593735,-6.416544589115107,32.82358495908742,-13.1143871488007,-19.509931987792672,3.207476650175992,0.7974955476095533,-11.843822372111347,-4.657652827473571,-6.613128433027719,1.1599042897619396,8.4075299825633,0.18309499866884188,-3.30427695635325,-2.0775602953502417,1.7401000800851607,-5.098795241178337,7.699841611343248,-7.541835927816975,2.327361883082268,-12.495199280115683,4.884550775777002,11.400039228621242,0.481565430761441,1.8409550061348188,0.6569160903929336,-3.859510692947574,1.2088260522678163
sample_64,21.0919905468255,28.011716737185342,-28.463254979335506,-14.20870740266135,-13.033346258361574,3.208187074851988,10.90314660422216,-2.8911249640583625,0.0044164445996675555,-3.1064961619226774,3.277014077887363,1.6021639500262284,2.457456384678997,-2.6141780294300343,-4.058378609624516,5.4615773949995905,-3.9536620104024682,-8.75626095587792,-1.1095409634818738,-2.9922089261225695,-10.03899234887794,0.9323649679684043,-1.9344742029443334,-1.774326988004743,5.530985601954765,0.14722977487324604,4.777993018122914,2.9833839542616603,6.289554927743505
sample_65,3.1424326277279846,-43.36716980480851,-34.06163268953239,-18.904214197630235,20.025918493838468,0.90037609030408,6.959406732002003,-1.6068238861268447,4.43364223932868,-2.6338946866640884,-0.3914404674651417,-0.24948466033873967,-1.9169759918335345,-0.6943646281714462,-1.277189118811747,-2.2181381052453077,0.8342055246076215,3.5137819296029957,-1.8450369112820233,-1.3336870381078185,-3.0322282203197357,-1.9217900253376305,4.079737075704768,2.537093526121087,0.39337931989959574,-2.239377202978168,-0.4058585575247503,-0.49519879032963904,-2.0033594778495614
sample_66,12.496833419041316,10.7750076778107,18.309994333456075,2.027875213884548,10.751045549096629,9.128887864276129,-6.6686885893315955,-8.232121751767343,7.76943424821095,10.633535310507465,-2.722472725307448,-5.757718531337408,-5.222868830479242,2.201452914295493,-10.029913172322182,-1.7984377606721993,-5.020332577010089,0.1924406373863094,-5.890491690693937,4.8620118037724875,1.6069912779863815,-5.427662836385286,5.517833915740453,-3.8490110359397818,-6.625260644657772,-1.7751615381542527,3.611204876243006,5.725415943991253,-4.20677885697047
sample_67,18.763898279345895,41.96244394959323,-28.122031696200732,-13.115751907382277,-10.329355897372555,0.31918248365228685,6.909293629819724,-4.888480765790541,3.633391526920167,0.10054271252849031,-9.631641791643496,-2.3530468383752456,-0.5546116909350298,-4.913510778137262,-2.2960790055426337,3.3355983396740463,-0.4887284490899059,-3.0137419404572743,0.6382485488785928,0.2591829722525471,-1.4108303785276441,-0.46483695610485326,-0.13668716349174406,2.1811961448213255,-2.8145347509551004,-2.0616080268919488,5.996224733969909,6.6416987512308925,8.041312347163366
sample_68,-56.79484636411307,5.623721912229755,4.188295056513815,-7.420851062961052,-1.1970930295116182,0.9410747941957277,4.798148987298933,-3.84040251999087,-3.463135380084111,-0.8010537718938494,0.8905224840422419,1.2787435681838624,0.14558838785173836,2.3660856505462187,6.868019650646024,-2.8281839251795895,0.8435084932895667,-4.827877606934463,-0.5957983008058011,-0.9504308345548325,-0.4725806295064132,1.9173864602606037,2.9350344299069286,-3.631693738676341,6.515418750094354,-4.647263769907543,6.825979957616486,-1.4770473579396022,-1.0535421800753724
sample_69,11.016498120764407,-7.514972359767289,12.186041170937207,8.102507024250563,2.122068398825056,32.343696624874454,-7.075128236387308,-7.2948852821741905,-2.269336225230968,-3.053678123751206,-11.290461981538453,-1.8647170096643682,-2.275518928505458,-2.3207942804185686,-1.874723391038591,-0.8318198778321515,1.7187360418612903,-3.329222986433809,4.2209747863177,0.9261677039606012,-3.4695246102332673,2.704620034314232,4.488034350338947,1.8596381926612715,1.91680406139018,-1.9876015106209244,-2.934199915653865,-3.3819635228077303,-1.4211955865539687
sample_70,-60.31197550506817,3.1948245097982024,2.8324324360557203,-11.28952003483652,-9.22499253199242,-2.444024435525387,-4.070184663907869,6.466672501577338,-4.743529084618105,3.261732557302374,8.508497121660032,1.1018717994319878,-3.838222248428918,-0.6154084252184437,0.674657015275515,-1.3922004956185332,-3.360380179774538,-5.644502898238167e-05,-0.38314307436507444,3.2261777715034463,-0.7168553126185079,2.068484374913355,4.779938983306856,3.049940336980189,-5.286757939726838,-0.19416064038782055,-1.1850105652474092,2.530708725407087,2.89204506951218
sample_71,15.830304569457814,6.254522106898436,23.345889058665776,2.4768686668033486,16.139224479821948,-8.255183290469793,-8.805079548577455,2.6890560268840042,-1.4037389375428933,2.233834370377358,-0.9482975837141293,1.5527716350116465,1.0064823299491625,1.135253912922667,-3.0523279622870874,6.715403157097189,-3.964871276013277,-1.4027708366484455,-1.9541305877189128,3.7903762301896475,0.4687870650933794,6.529341418940543,1.2912563485599058,-0.1900772417971052,3.316849495713688,-4.5482941252453095,3.06141381946327,4.6720297572166345,-4.954002913608859
sample_72,17.539500471827,2.7810787767906793,21.398366757008603,1.169894749214054,13.77343633889611,-7.456762818653399,-18.847831408859022,-1.6522382753327771,-9.7426789732344,0.39287007202727514,-6.4348800416150045,5.299883357737172,4.604075062099799,1.109040155935154,-1.6616669822753711,7.350520892768535,-3.1682276616829554,1.7204190687386927,-4.158922420533463,2.145606127191845,-0.4431589868890619,6.971114373967979,4.293904168806366,-0.9037063140524582,3.9541280903769516,-5.779070414247967,0.9599479508533817,3.666191816837552,0.933108175272214
sample_73,-3.197152979406346,-8.583468673669364,-10.712843036589511,18.527374949755636,-21.798480473571043,-17.12094108418469,10.875498537419928,-18.49302617459122,-10.415819508889934,2.711969286635098,-17.66066827371387,2.4309298835735533,14.106855459846406,1.8544886767563928,3.354904711172928,-0.5411748514354985,-5.6862470049786955,5.388987082612276,3.3699556550808056,-5.542822124161623,-7.15547547528899,-5.17388108046802,-1.4607034692417886,8.593792681336872,-2.5854944254446743,8.880631978258586,4.596737558040317,7.104026103324141,-3.101012193360922
sample_74,8.65861643258642,-13.119194376744394,8.74334679018601,-3.5854548400800645,-15.045577596639975,35.861357780960546,17.395243363709433,0.41109417390296216,-11.778614970459945,7.4795850203202034,-6.352865332614818,-4.029960703079519,-2.1076202915380597,-3.7636919929342074,-2.116646958918074,-3.1655211253240454,9.830111432846921,0.851179591194017,-0.5814278314547333,0.9383914429722932,2.7094990621082395,-1.4198678870726915,-3.7172853887936244,-0.7634583977087168,-3.4894051838576905,-1.585593563144486,-2.7833275168735656,2.3463986546790347,-0.33401916739245424
sample_75,5.298124785086628,-27.993019431247916,-3.7020892476094933,22.971175825255436,-21.031272561911635,-6.9628090684375445,1.5834257395282252,5.2804683791876705,3.737697575001649,-11.495722448778952,-8.15949033656337,-1.6455536451536774,-8.377657468456816,-2.7463013152961926,0.5965378730234586,-0.5099906903265641,-6.800522972430405,2.337119190381809,-1.3346778546946239,0.8185055969257353,-5.400345557327921,2.8772938431197415,1.9626086669249339,-2.9114036323883217,-4.743430377772706,-3.6015530517130103,2.0271656201283124,1.6479117421701448,-0.596744737850436
sample_76,17.336388584817897,7.320848551643225,27.054775981660086,4.147692495141312,14.20824305401024,-3.8508090629229828,-3.0106191878455557,-3.5484702279468876,-5.234775126157491,-2.9800230621691797,7.059262480913142,-2.290958728635744,0.08419068334067169,-2.149232861566219,-4.279465603540485,0.521876949518111,6.116458325775403,-3.5041808640502166,-1.882053795692943,3.854763010050035,-0.333834177047326,2.045629354224069,3.6655216430191415,1.19983169087621,-1.713051821994141,2.393093237604387,-0.13085813755240736,2.0726094018915577,1.8221055861550906
sample_77,-39.24910599063632,-6.086738606086067,1.5677687513789043,-7.954034185647841,-14.556901570522022,6.7524467453200225,-32.701646740111954,3.7878707047474562,19.54196015596499,5.633645993994228,-1.8228469335602215,-3.784225428808532,6.914970591278975,-2.8187400677765444,-8.069914203524851,9.376883477855474,-4.926229886745516,0.045431847699720806,-10.188548841000353,-4.272438934663174,10.630631811260614,-7.861213213011974,2.086194399103306,3.6721618552931976,-0.7288121544184833,1.0123058357844203,-0.41514792292016695,-2.4476937530709897,-0.6108527975565937
sample_78,18.721414851335535,38.37386790659785,-26.317237013455735,3.0293837681630573,0.7463487416125529,1.7699657071756267,2.7847937153608773,0.09677756165662452,-3.801363814353884,-3.1259231027532395,10.388276287845045,1.2710411758344828,0.17359394502226427,3.8707965994714173,-1.5829694882893577,-2.6877641887543375,-1.6576386512788701,-3.0165842450873654,-1.6887446288107721,-5.776527871934118,-4.033856527229849,-1.3062395154944866,-2.9409278955510825,-1.0789643072481507,-0.13080279002679332,-3.299933504764414,-2.719585689163417,2.9700959270013545,0.7209987022899267
sample_79,6.196688704680014,-34.50693534932685,-37.25394742726217,-19.752924755931907,22.951832121262882,-2.6765285702652144,-2.2522363053941916,-11.152200660248988,0.25791223849531386,1.0172907864749992,1.738023495478252,-0.31541562503706166,-0.8579934070218576,-3.34936105472623,4.310162414461845,-1.5918512719067226,0.48939187378376436,-2.638062228269378,-1.5601501610694601,-3.7018203595279893,-2.962182585576476,-1.556833589403016,-1.4258414056953612,-0.17183302891913224,-1.7543150414748092,-0.6576987454255571,0.3746168321770164,-1.8217120776539286,-2.1704033178224305
sample_80,19.117827105457472,-6.735414708644796,22.8800981129945,-16.759680157888525,-7.088662456704581,-2.6216823089869217,8.445041391935678,1.0041399506430053,9.605620435907232,-5.34968677394809,4.758793141495543,-0.44128363248046076,-3.9005652745590296,-6.416505062007313,1.2820086292932853,-5.664950692507417,2.9353307978340566,-2.1329903071897363,2.8748096568555255,-2.7080650054011284,6.784493225999318,3.436818052785373,5.933660656149459,-0.20943657408187022,4.311946750785178,4.409271685325809,1.7767033824392815,1.3967892426312025,-0.6609079613866209
sample_81,16.19970619751151,35.234066077314566,-27.64047230458711,-3.995237571647064,-6.086414068533234,3.6299145473820196,4.976066451778632,2.939783216968858,2.3300753892259376,6.094560301936531,6.670498472748504,-1.8414912903696792,-0.8859369940872106,-3.7452531921490033,-3.165506414926255,1.178217021028551,-3.578073217536019,-8.572080443831483,-3.3113643323360256,3.5197947599439234,-7.09568423894278,-1.611351988731685,-2.7913745722150365,1.4293283992443657,1.6065283548278244,0.7911802656323249,1.2655951107644023,-2.661278928507927,2.674925336003886
sample_82,18.91220307810996,-0.010505549809117403,13.299879268801927,-22.20184858307325,-10.658612829364804,-9.784547512544075,1.4757957509945854,5.136465069513773,-16.461453969898926,-0.6124394117017721,1.5538818779830468,16.409109104338764,0.2771381963113416,-8.889792490459374,4.581586592186588,8.970397949531895,-7.845585391104104,-4.091260195855761,-0.2771622173422118,-3.5021647694150064,10.190878740916682,-0.8514167457644114,-10.579281109909093,0.9378385844746161,-5.020909579053855,0.5558965034051017,-1.4838028731780526,4.48607509497785,0.8867637206310377
sample_83,16.638749783440474,-3.52261893723243,23.883672011035493,-17.137725076625202,-6.150873900081101,-8.161904383462083,11.594209225040878,3.2847951308460317,-4.157339698731184,7.247582191926344,0.5749148848415646,-8.68999086183116,5.397449062150425,1.5450930546277954,-5.62498731010464,0.8670415201117687,-2.303384780196694,0.38909464175169545,1.466499645717987,-4.729070765092313,2.255652545544502,-2.78126622911842,5.1728956366298515,-1.1187401684086025,-0.6398286557397787,4.726951291814218,2.2837542081998867,-6.451985640114578,6.6584143909188995
sample_84,12.917592780969114,42.01688403354849,-24.038912605335153,4.721233090519456,2.0698706550040966,1.0927905698521585,-14.49754186834385,7.458037335759288,0.22015461410122608,-6.532891162531922,-1.307821010963446,-1.5778223152566608,5.142693426499758,1.46868194029999,7.109568819452976,-7.786873059172984,0.8140520790086817,-1.172521837482607,-2.580181664208438,-0.6948634826326282,1.3044294188143832,0.3845247192676819,-0.6487356685946731,1.6450824868418692,-0.02520958408550815,0.6251226849755734,-3.1365835812838707,-2.235177331721469,-5.153987793282479
sample_85,15.882460147346753,40.420675107637756,-29.4501125746763,3.5045702782992803,3.862306569132797,0.07340760387474195,-7.7948984375784764,-4.741576660792427,-5.625330331312142,-2.3835583522841133,8.681378172309277,-1.0735612505551915,5.997661291319948,2.726577975832225,3.997814760303361,-9.77811842863736,-9.102636913052455,6.884551193285729,-3.697068316386705,-1.5509955024710043,0.7766481389218705,-4.041469191897711,-4.275768386879573,-0.7555300101872802,-0.4072479803626398,-0.24347828394098459,-2.9187480430370165,3.1115893708146465,0.971964715670487
sample_86,17.38640119252808,-11.35585110392068,15.31397740392163,-9.580290809261435,-9.382863961280732,3.909934511294327,5.179657812411649,3.7456042824679714,-8.153000139781517,4.799640450050409,12.283073400599578,1.5257781757101794,7.4999583563167045,9.980081312796163,5.005631573391202,4.286780117468663,2.558730430471374,-1.7178919808527926,-6.347617000427452,-5.045178250219398,-1.5540731625822466,-1.0531400321950135,-3.212457814238772,-5.634759484523528,3.577085143754336,9.928326104527027,2.201358753268126,3.534846639632846,-0.235180942155685
sample_87,24.661602825200887,-2.467015099071896,26.72537563206668,-20.796645198991875,-3.6385956294302635,-13.303851011396038,-8.92030599620695,-7.053321181628549,3.6752716668715784,-7.295267759783501,8.036610426719848,6.044640741864606,-3.401674990124398,-0.3175021643618098,-0.2699671325633877,-0.11440366170097403,-1.7843687842560438,-2.2839797415857754,-3.920138501263783,2.424143703845814,4.785006612204505,2.469911900779211,0.05908847147039459,2.762097948688795,0.9069307289346948,3.6635489374888137,5.273819471604081,3.592255040351634,-0.04856291988804222
sample_88,-61.79345851028343,9.87615266238715,0.6791881819892021,-17.398568275264058,-7.91543196127298,-6.0397093631603616,-9.69592661736937,-5.1310576847674145,-5.511927217423627,-0.793550572641838,-5.059377903395703,5.789921744956547,-8.236199791295107,8.650883704512799,-3.339775160568716,-2.88948100831693,-0.4964928850739689,-1.159546246115553,-3.2402394503916128,0.29060922519750015,0.14329529595212498,0.6734672036311132,-0.7587667868468329,0.5847766721057845,-1.465105429275816,4.139441393734241,-1.4743166707893642,-2.781437014972469,0.6938929182120525
sample_89,10.918719652203734,-16.277933168032572,11.478948114124684,1.7582424953077522,-9.596195274065852,34.55034194918012,1.3434665242030894,2.9392024915165025,-11.165472466348657,-1.0899284425014892,-9.352288370063588,-1.863697082885468,3.744853110989952,-0.9838123899642695,-3.8895260519302695,-3.7519544660692152,6.378078113899043,-1.730240290033537,-0.8878822910328181,0.30719157624577476,-1.6552283573350266,2.7282770622965398,-0.39278532732177585,-1.2271334478432196,0.6535118827396543,-0.147364226074667,0.053841681143528566,-2.1568338457227876,0.18751657636386068
sample_90,19.364375364292833,37.544878829107624,-25.243855118458235,-4.611358415956128,-2.9598135579136082,3.681589968656722,0.5494869079367891,0.5584793362578176,-0.17522185571286522,-3.172571000996639,-0.25846978138268606,0.32702068396582484,2.296736636531485,1.0007911658747781,1.1987989305053095,-1.1323499236280148,-2.768250033384532,-1.8164507271057628,-1.6179300583078073,0.13148455600517667,-3.9453672531102213,-0.9270891206290681,-2.447418104433548,-3.1955412279276207,1.0470838158234783,1.6967969943655707,-1.825301843517675,0.3123817229113825,-1.5828246690044279
sample_91,19.398770009867526,34.95036394459991,-25.072854432377603,-8.782877209696348,-8.745075433889884,-3.3839376628815554,-2.6522689757594873,0.8493565078702995,8.004315237532925,0.1998084378306932,0.40548903241685846,1.6866972282240649,-4.214733837949619,-2.807600656940457,2.436076722048468,6.250134667015742,6.6759457116071195,1.4987540128451498,4.067216845184896,6.033448412260115,-0.8918497167898856,4.634564749056453,4.625730409379379,3.529324427405775,-2.512304564412524,3.5007820576924837,-6.490849639445497,-8.139647223917617,-9.08638101755013
sample_92,10.357879039307424,3.3992055488320796,25.075730017021336,9.064787971360174,16.02786800925275,0.4384316586488809,5.651127886859551,13.609156186313522,-8.292279138302648,2.958396875963496,-0.16206844343908278,-2.5038640576724354,1.9842036826659242,1.563520466053525,-3.936854888408929,1.8716282820055683,-1.7880933323488415,-0.8119110460409277,0.4403911667100317,4.714827798832435,-3.0913121039253437,-3.7310646142993,3.9016181874506435,0.025334241732981367,-3.378299951159791,-2.024545799464337,3.194689118958541,1.2257001764475708,0.7378131063073955
sample_93,14.935261101707518,4.3357324286995675,22.330832288118604,2.36675887341453,13.304920412098047,-10.407507258422447,-31.057130523065617,9.278248766614498,-6.845053222247741,-6.39983869067956,-12.860835016397075,2.7082759264035543,2.9821617101441746,-0.06165430039560468,0.1067805180245537,2.5376897340552866,0.8375925684176722,-8.111759008288036,-3.597173764282882,2.677738465654174,-0.5615385111181651,0.2044904323101552,5.843570565867262,3.006814092731366,4.251193091385154,0.5432036764077965,2.2686399821528798,4.9504543131390815,2.397204844603449
sample_94,20.566544022685274,3.9192189481949735,25.795429121152857,-4.92141306612536,7.973943798081734,-7.582391074065017,1.4630760934900522,-0.21498149420474325,5.358112562221042,6.227941384274066,10.155705619171824,-7.820764530712111,-1.2808484297425773,-4.582180088010155,0.01783747496042571,-2.4532437115619383,-1.6893951579512674,-8.426410457097802,1.1607574075086762,-2.342103625929215,1.618097859717075,6.6206957015727355,-1.272188004186603,5.672002840193043,1.735693372932057,-2.3982887270798328,0.7199618360361365,6.494868764199777,-5.187324322718072
sample_95,20.070544157977455,44.61907397147724,-31.154303024654187,-8.82617743768273,-8.504946167354797,-1.3671957970694573,1.659741189799673,-0.3148224600587596,-2.4866556096393073,-1.0840681376828103,3.834758434037576,0.8544879340146085,0.45652020074002936,-2.584624168387917,0.7033027597696969,-1.1690860346250842,-5.132279800355476,0.6266682785316492,-1.1925637219280567,2.7711664692344518,-0.63915698037835,-2.4580720017050424,-2.1395873921342727,2.2796526485742303,-3.6265607698282083,-2.2470417220948047,-2.325514251087842,1.9565352889313392,0.9254790676613289
sample_96,2.6728988774111158,-42.962684943441694,-33.30519444601002,-13.438910301081851,17.07280103988493,3.263296148354236,3.1831650304446804,6.902061072752325,-1.3619632781914186,-2.6503096501999246,2.9785578113843827,-0.5544592841113487,-0.19634824989233055,-1.2367406653113668,3.928213306416545,-3.681584519468208,3.490460438737107,0.38837323788164174,-7.79385738883031,-3.0327572363129724,-3.883197799635913,0.03927537467784072,2.2232256698517134,1.5945933147273061,2.2208015494698143,-0.8526028043697417,-0.3681297656381478,-1.872022728669592,-0.05901970832728577
sample_97,20.63194028799215,-4.507463778726253,25.801669502910567,-20.9616568638955,-5.611249407086924,-12.001220545758198,5.146399501675569,-4.0890258135889015,3.448684283544546,-11.494301565982408,3.3494783507211108,4.600057212000087,0.951758732655663,-5.850715065973569,-0.8700262675637896,-6.26683170702389,-3.3347900681804727,-0.9168690454301225,-1.7555057179605624,1.4762320623216831,3.4261350422023633,8.239467131416445,-10.787309058871182,6.936369789428407,2.8464163130187035,-4.145739253914025,2.1076733251122044,4.266484286601839,-4.243835237441465
sample_98,13.510338907258497,41.33902594198892,-24.966265955579345,7.772882475016509,9.418542297845741,5.798716280141904,9.535063709871062,-4.722775052292245,-3.644483499715587,-2.9783248975288887,6.36139514934009,-3.5867115173891686,5.165284072324364,5.664837307100887,1.8808648908865293,-7.999719767120522,-5.219457917451385,1.9484591969994782,-3.6364439244259157,-5.899231556389195,-0.3853464903201697,-2.096071507469203,-3.6516575957018254,-1.5287304805752038,0.41121800994861935,-2.262607221996372,0.15912200767764914,3.0941921633692555,4.430597409854311
sample_99,12.518306984638985,-1.910920191655452,25.09886716161241,1.9344106487630495,7.475256865252483,2.457441473302117,-2.526479828029312,12.90738055759895,-7.873823515646732,-0.24505090282997394,0.3533241373681761,3.8238587613509676,-0.42318107325092796,-1.139813405505416,2.2619083519346326,0.6981185212436,2.7782368917544376,2.714788847155548,-5.214844435569158,0.3441532435619171,-2.5785809171648353,-3.6659086330781925,1.2439793664110925,-0.8967960986078675,2.886225865543981,5.215005471933065,2.0166765008479683,0.11135679338715924,-0.49773562845078967
sample_100,17.78916188665941,-1.1872514094839088,20.159925488509106,-14.858985059385155,0.05367964983207404,-7.9063567287137735,-1.8489623695317994,-4.618965584552289,7.211064164494899,5.60997690813851,-8.113777508580501,-1.8695975665303113,2.442824273005185,7.741533447147175,-5.386183908952328,8.138005056783038,-4.149831377064969,2.028578824515649,2.6431061678308696,-2.874211348510449,-4.649757221584314,4.2377188251936175,-2.8755334054534583,0.14265531127734082,-0.8327937258500846,-8.695710938531528,-0.22875208340091954,-1.7742601597127767,-4.642324851407627
sample_101,-58.2242953951795,10.052993440759753,3.641490434495314,-12.460251983254437,-1.563054883538856,-1.9845595165468433,4.647063775923273,-6.709704977757225,-2.0827581797152037,1.2744020501199584,-3.8851756192826206,0.6532448612499363,-10.353433885914828,4.757855866320603,-3.401348131602626,-1.9735094338160246,-2.4034091384454737,2.9333298708078117,3.0578544082165333,4.091207245099563,-0.05260940754342929,1.063585230524536,3.6981316640918753,-1.6896073347263463,0.9911986713751217,1.706238153778405,1.2933696136614972,0.5215493201264617,0.6795058814771414
sample_102,19.422463373395995,4.214895486371459,19.836612227872333,6.496167096105492,11.083858566898076,6.704085354932485,-4.792992466641022,-9.789315758977079,-1.0027871734955607,2.4250381141802326,10.068442679983649,2.629833711129627,-5.916242686860397,0.3838623728496012,2.662543933134412,2.7401694633347375,1.3815880254170876,-1.673311981136035,4.4462963404157305,-3.3736994229093527,-3.8397124212175435,-0.5311711444658559,5.092720198583148,-3.7921650020386157,0.37932015061765884,-0.6740643791151716,0.45848299730618136,-0.7299530822753258,-2.256018583301604
sample_103,-60.37216106944607,5.594670830852928,3.5002762780466137,-11.448330883579965,-8.511371924125141,-1.8721145486559068,-2.5270702871788866,5.645219867437729,-6.305799721834179,-1.766989924015597,0.8116482063994861,1.2004364038911626,-4.508564937787459,6.0213368561565765,0.18814154682183568,-2.850849615727281,2.250541845655712,-2.3133088749328223,-4.352462754942318,1.4989875043974712,-0.9809401320152948,1.648102220406928,0.39368758380346075,0.1348435787355124,0.10710397979099122,3.9061929910440596,-1.8303419209141292,-2.956982884474348,-1.4022858816891535
sample_104,2.5827063519318805,-18.2899709311103,-6.5121059154457885,20.5403303044067,-15.960878328259165,-7.795185621819218,2.7780954162709075,-5.943754540409057,5.454894647775264,13.16160956580374,-11.918048504978401,15.591950926616498,4.878344679011667,-8.984976717381633,-5.346041929397506,-11.219172336841106,1.0860130589084538,5.113245945957541,-5.92158054449263,-2.7863143710015725,0.30669851377059903,-4.254137192696812,8.47924651568712,-6.856764445138572,4.473765097353813,-11.522137981322508,2.437735903777543,0.5860342337423015,-0.6852869222574219
sample_105,-58.75267393920868,7.411125061032985,5.983967435405682,-10.214191425114729,-6.04023044031345,-1.88875702422963,7.82685168972735,11.036961674924399,-9.408971004420417,0.892513512463162,1.6642671652605718,0.8360224783973953,-7.7563310648127555,3.006791273935938,-1.6272065521272443,-4.87035573865219,0.23608015512220643,1.6507183794957152,1.8951074730727524,5.029188390729703,3.6604950040788813,-1.7760241685887308,0.13081529050557109,1.8538768160304475,-2.8984554433080776,-2.207553864111275,-0.024994369962579702,3.273367908828272,-2.3877710146873357
sample_106,-2.1534039041700668,-25.300342728357357,-6.746395827340507,14.132561641991055,-9.594143528309816,7.219477778739106,1.1420295044048374,16.280666768541458,2.9135755662549347,-10.104976962394735,-0.3323444709244394,2.452437995695505,14.029160823570932,6.644327506640097,-9.222246059293946,-5.371070394763021,-5.159060908441122,0.008722917577192431,7.40897718447362,7.8872722522463485,5.543285192681691,-6.552152831155411,1.215713363796619,1.6596077250156882,0.8168171917401923,-5.394963642336291,11.503037771702497,3.130741780681655,-2.3075279282338452
sample_107,6.05123895374986,-35.1916741297964,-31.668397455714846,-7.763927525618048,16.972816098111448,0.27798827218401734,-4.805289604187841,-11.460492361076701,9.739723609548024,5.391488365709931,1.7224117555376468,2.6133690505862535,4.169667016901508,-4.361751534344526,-5.860875280181598,-5.57443394801495,0.14311120688764495,-2.4905494377256394,-1.471324026854123,0.2662779984369141,1.8071893646876485,6.264778992002416,5.39403261552099,-4.831508991050938,5.761767533659419,-5.663247739715331,-3.625392215641731,4.103177084071715,-0.6293637508821537
sample_108,6.349775542031127,-17.64635708406502,-3.309502629225054,25.57369446900665,-13.560400044688448,-5.57895713109541,-1.043737108544078,-12.913091726899475,1.7104169024645801,-13.364851571845682,-7.4504414236834995,-7.333367504505833,-11.201022548136262,-4.19432623731561,15.008681752303323,3.4874868992483403,-0.31081112774693276,-4.505024700082706,-6.432939478119686,-1.0199667187324435,-9.913981059702675,7.878648182728933,-1.8700820478440097,-5.619788609009551,4.478997702661858,-2.2243428302788493,-6.5408636888374785,2.9737230668459573,2.1491199395499145
sample_109,2.266977231778377,-15.369072946464227,-4.594117785579045,27.65053868183378,-7.973864476710321,7.845614869301706,3.8722399398827547,2.9813268187451496,0.1702357314074318,19.079736983110063,8.92274483748686,4.6765243161025865,-1.5460810904164382,3.3160224703814944,3.9494466872146234,-4.424853658168022,6.950911516252789,4.461333613431124,-7.369987120704535,5.80302550808401,4.365594759757956,0.47449168701755917,-7.051322544935238,-9.144164770663973,4.267363410385749,4.289533802747348,-0.9904039549872522,10.895662072348063,5.013616946496169
sample_110,19.67639622534339,31.970727979908848,-28.953518566422307,-5.156808507785975,-10.458042422567832,-4.226498253725656,-20.710546516228714,7.6463587274068185,1.7438427905917737,-4.381199594992214,-1.1832632331329875,2.465259429948012,-2.795188298938263,-0.9227825357785727,-0.7416325760361315,-0.2520052964309618,-1.912737866876652,-11.1206987485806,-3.9298499782666116,4.186152721761902,-8.964514857343614,-4.569438652749827,-3.7618670583744787,1.3286745125269515,5.9286393686983,-1.651661603276794,-1.9344553532299151,0.7032532635060318,3.8363467747032387
sample_111,16.93601083846977,7.567143228989582,22.982441945543012,0.535557443441406,13.95749336560421,-0.10732553905071143,1.9293686462752082,-5.506310867919431,-1.6945071572293435,3.0119837944393364,2.0759637383645138,-0.18061099512703632,2.6605525705202386,4.092011522120991,0.042731327436895374,0.3906469077761816,-0.9378993938478779,0.20597619719413482,0.1628907233763986,-1.6979214974342407,-6.259337169732718,-0.11669131327394834,-2.3009187594489706,-2.1628906989415704,-0.48375562665547006,-2.469193471919479,-2.04169219498474,-2.9712926256508365,-3.5670553779543153
sample_112,8.142643249427202,-11.67405386581888,-3.304804158900933,31.767334362253393,0.976985082206315,2.9560723553515427,-5.128386656595046,-6.901607300286713,-2.755014128710269,-6.475065781998451,26.05565191572524,-3.0395282398918613,-4.016422554408126,16.48024532315674,-8.825970403089684,-0.11671961961880654,17.17714893546911,-7.310638065951338,1.3200643804012235,-18.036589257538726,1.2946673286872894,-7.152445415231253,-0.3548515260245122,2.147557206862303,3.0322825150584043,-6.0599255739143345,-3.3312494403627717,2.7197564970648958,0.5932694310899912
sample_113,16.59384192996423,35.09642127732017,-25.501408344028064,8.185756494033395,-0.02014371065499422,2.209428136062486,-5.056492862863163,9.089933223636056,-2.0390526941907634,-3.2817772800713287,12.220860511413262,0.5954022587230867,-0.3375015017028269,2.422967092582992,-0.1365364965794394,-3.882396991289569,-1.9112836475021273,-0.36991001637919896,-1.6009785384207418,-1.4703290805247533,-1.6834877751643433,-2.0077245739723155,-0.8592108046948667,2.111767052107798,2.5531937102381663,-5.148071262286279,-0.6325684862543712,-0.39365008513672606,-2.1867419245839317
sample_114,21.847441196414525,-1.2633169814991356,22.383597447124014,-5.529550366114989,4.274103524749416,-1.105353679574257,2.1990479224050348,-10.325948453140365,11.589176812306077,-5.288338072528774,7.04168191479362,4.917527168761301,-2.1035616542775184,-2.063556970292658,1.6060050678893816,-2.6942864948991505,-4.978251454676394,-3.4019803848574113,4.624408530694638,-0.24106888997896278,-0.21224754161306475,0.0031147362110848236,3.0955966346690174,-0.7103850797676218,-4.726246035802227,3.5139741271467098,2.8788136552403305,-3.369700352843073,-0.6682681077078507
sample_115,-64.07476596124665,9.37126657307729,2.2797115959471066,-17.011644125139426,-7.19741940984125,-4.945129836684053,0.30651674429538567,1.1441823103785895,-5.3060170498075685,2.2884050266368288,3.688904982358562,0.37836798324275867,-3.9044739238659667,4.5756723248908955,-0.009555120106574456,-2.8975855575134415,-2.1456249004233365,-1.5850693354255978,1.167889964744703,2.3221424528240306,-1.218207537883984,2.2134996003435776,4.671172751445931,2.832214151931945,-5.325783440715257,3.210192643782351,-1.378865435035804,0.35085255385848296,-0.9877650195098979
sample_116,-59.30577534836255,0.8039727202624214,3.1147856581099296,-5.266668205981772,-2.9972205820361335,-1.4712964879187345,7.221594552302366,7.31342125646361,-1.8741810525732934,-4.515612774099541,14.777315901781376,-1.1740037080232997,10.5746379023185,-10.57660682942419,3.244024786001375,3.977116778479736,0.8114582926279387,2.8872968344050354,2.819135082242662,-1.1228203011916933,-4.776270410793261,3.339986837299784,2.9872520160273806,-3.672545016254202,-3.5343970062533847,-1.652221761475041,-1.5972325804933898,0.47994990812067145,4.984605611359266
sample_117,-55.70278066676869,12.426593146150111,5.271787399347935,-8.466932234856884,2.1734367288527316,-0.2970928158974798,2.1352834463606847,-4.359465984269583,-3.083178990484118,-4.090616479216121,-9.091040242937645,3.326059232671821,-5.2403208307180655,6.2296921703411,-0.5362870930858552,-4.878498784891388,-0.05447105875517427,-3.4788376596505137,0.03763340169698451,-2.143181165183977,-2.5207208523615448,2.7958616279611883,-3.059665887608752,-0.5331497974260568,0.5984865063260164,-1.5659238996802096,3.569813263117645,-1.2362355580817135,-0.9039406433180132
sample_118,13.578811200815702,-5.606881103611496,27.985156303068838,-6.894177531577424,2.9053530989592393,-4.715229635009829,16.607920624163583,8.314313130758393,7.2876413695124445,-9.895570461754284,3.6751219706873646,-0.5836044726557311,-1.0661314721031225,-4.255324403780591,-3.8147135634055287,-11.347139362467004,-2.112765747603643,-2.598991512796025,0.6167440485508484,5.6251147720000505,1.6019144061067643,3.3724383703593976,-5.386285857280275,5.383721562633953,2.344982249468235,-0.5108999916869373,-0.677001392640036,2.2816086748255264,-2.0203806031834537
sample_119,18.740800454032644,-3.572991330819745,16.710572215807066,-6.163604391821881,0.2895227623551778,5.0900913931053395,6.234871797271781,2.169011237832279,-6.110984196242231,8.995597114243004,2.727033145838343,0.6509497615382208,0.41256558859415826,4.5325530174284845,4.751273555952043,7.178970815325194,-2.917736021062686,5.083782403644829,0.9281702771178053,-4.296800475298369,0.6044354361679678,-3.859379198105034,2.966086425940931,-7.883131339236414,-5.231113478792407,0.27647867210263594,1.6784314108534957,-3.872308807556166,0.19912961734937376
sample_120,-2.7968233490665813,-22.807677169691438,-5.333754623680135,21.99140470012685,-0.9287960061100542,2.828150710204572,2.69017196540434,6.28954901961341,3.435036028322464,-6.872958521648089,6.92859639081738,5.587229268203928,9.057249852675545,5.159803844234452,-1.0675746702268305,1.5236499824492187,-0.013914715112385838,3.9852325597900866,6.573257593505545,12.376744595802553,-3.571773778145634,-1.7013535241962547,-7.457171283282974,4.1177873336866115,-2.8058753850001854,6.053674251403934,6.651449247418157,-0.06693405551790621,-5.890890997978093
sample_121,-57.50034837003454,-1.8323502664403202,1.4448088417498075,-10.405625848621392,-7.854325626729284,-2.8933489035492896,-2.0147357050235506,6.703946700268666,-2.25606662695703,-0.1316853771703919,13.125179765219528,-1.6294371652750461,4.394503834137763,-7.694984964861473,4.853954606889952,4.404721621070733,-3.931976994804684,0.2903301892302097,6.970757694619622,2.4689140600736543,-1.636364785873807,1.24981643342485,8.451279386801978,-1.2040596192446449,0.40061276491153686,-4.307928553441959,-2.4921173203807414,7.319760030942635,1.1490603462436788
sample_122,6.4476278148119235,-16.936501083318326,-6.202102432040904,30.456673510931825,-5.4018341255034095,-4.263289933668098,-0.19652459333786143,-3.8876111933721376,5.4514545657147595,11.887078144811502,-4.35613119379218,17.21577123467215,3.962525362383532,-2.5803964791784235,-6.884723738217293,-14.779194858117002,3.1098616215501047,-2.4349756049054596,-2.3956029623722896,-1.538241143508115,1.033619887290212,-1.6604105261706386,3.659708620298106,-6.762251659467153,-2.3194232941317163,-9.530681730976857,-2.3403627714087136,-2.8082143763989214,4.331746187044907
sample_123,23.516194509826644,-3.960129459388799,21.73480859741702,-29.164399440609245,-17.679943208190917,-16.30822383848062,-0.7279919873138387,5.068887795601013,6.805797432344294,4.4691517622409975,-4.612001995039705,-6.424409384875472,-1.7450475489248973,5.061005497748463,0.7055679267474356,-7.2423296696482975,3.713376305947419,9.650846452304148,3.484645917644824,2.401854620526807,-3.8856657330328277,-5.3277247762653195,1.2381841230088122,-3.0476516341977167,0.7047180340655794,3.8363635569351495,-8.502051691630559,-5.20835404215736,10.704674289792019
sample_124,16.940472417115117,39.30509585304035,-20.189663685771084,6.862750513317449,3.426957384543985,4.3354521646236694,4.55353910964566,3.8017213335541395,1.552585304013369,-0.38843457038788937,7.3940133810951245,-2.233227183536837,0.901969729888774,1.8087195144523163,3.1360784471190275,0.032173369364636106,-1.9520421477774628,-1.2338022166552054,1.8660905990714822,-2.2206981530002783,1.5190876922704262,5.194829427331164,5.799074492651759,-0.4081457073806885,-1.7624130781399612,1.273675433721212,-3.276891158078143,-3.2140469825449323,-4.766063942901108
sample_125,11.609150391093067,39.26357082445044,-16.955004115399003,9.151528202211763,7.689349769765741,2.5138945089687144,-5.9790107096454195,5.298319116507077,0.6441350135763394,0.8015875010829114,-0.6989933649843041,-2.379217483779487,-0.6618713064146624,3.2505820680293023,7.323385940823661,-4.31373024787859,-1.761336508471994,6.982887723034198,-0.3245981470566818,-1.8288371994012829,4.9863614205966185,1.7480945302451352,1.8886948703305326,-2.6197884942976564,-3.567195123738219,2.7105970510915554,-0.30739704567962345,3.653185762211149,-5.80541709759832
sample_126,18.798728502014086,38.18004433744624,-28.269449784068723,0.56578750246339,1.6894216731032885,-0.32717096963727155,-12.38283581348461,-4.086110763088021,-4.331845090392859,-4.776734663164642,4.182983211467365,0.16643567194682782,2.0187428128282967,3.197983989198473,3.035137931852565,-9.011605534324033,-6.690372938600066,5.115014341498312,-2.982535830946137,-0.04617321434689636,-1.4895748743404922,-6.163040588158861,-6.280675631567449,-2.52748160169174,-0.9262137053517143,-0.5963588112410817,-2.039086291724027,4.12837614288581,0.1576498395211364
sample_127,16.03566046054748,6.9204196818837636,23.321328985924023,-14.179803055717963,6.9679454840801585,-12.37944272915822,2.6899330704559534,-12.058271715373078,-5.017128956616579,-4.501347704598367,-3.7408830472847794,5.133734122671258,5.234900753082359,-3.273578415588411,-1.155618525834748,3.376075828925716,-1.0882442689660516,-1.7260585211533153,-4.060601994581878,-0.6952926452305529,1.9584922328579413,8.59865642710927,-9.197639958444872,6.419664138742801,2.5514613664324934,-4.851584724883152,0.5549333467886738,4.363848438905356,-0.9880801409474456
sample_128,-60.18786365819141,12.140051354452602,1.4490873635771764,-13.379621418558683,-3.4676883767329696,-6.637744374207226,-1.959492875608839,-0.9938612532019064,-8.278377617013208,4.972139629514961,-4.797153757560942,5.098740998743754,-8.245909129927922,7.5498614163626145,-1.9671001403573636,-2.8779411916182243,-3.257842484437157,2.4270287748490222,1.824305818671891,1.32208545063703,-0.08541775591917092,2.4475786880889494,0.7671480894946446,3.382592580044536,0.8639288199605228,2.727090015021292,1.0966904430751467,0.6235259194586596,-1.7870946628258482
sample_129,12.475228630082217,-18.616233106269945,-6.26414802610119,-9.0943945570792,-24.35866276724595,15.001439068843998,4.258627606058749,-15.628498647370705,-6.649989147664339,-3.301238756639437,0.18719708929438753,0.021645354756678635,-3.276282185634819,1.7763651971424164,-6.612019514584162,-1.0134761545969593,8.883488378903921,-3.823671702792343,-12.319830267475352,-1.1046451451876023,5.007264670977107,-9.973096035023056,-5.066217468611366,-15.413514856591783,-5.781189721176778,0.37318785032915647,10.405024356364324,-2.082119082827207,-0.639719226850621
sample_130,5.400811909334751,-41.63329950260445,-28.469807773805105,-9.755917351160864,19.716739758870663,5.24759320592174,-3.4531030944060523,-3.7143145513334828,5.8489165589349605,-2.151143838842214,2.0172701042163723,1.7297591373092802,-0.5699684031352086,7.289728275323418,8.157598568992134,-0.9679045966940102,0.8097112562971244,4.1963003294964825,1.3816681695058506,1.7414425894857284,-4.427024193483631,2.9787012724092294,5.522587647723519,2.853949624405148,5.228389871528842,0.998231549342891,-3.3142205055990206,2.7381209674616556,5.271258984092788
sample_131,15.038972118271335,-8.978527292510929,3.5724608844621533,-5.584687724413777,-15.850115083639599,29.3149551614349,-11.085585211500451,-14.806766772633797,-7.647366197074806,12.015166834245791,-2.9782692156919284,2.208917955172731,-0.006825731884507467,-0.46061797429717743,7.339517222717586,3.270974431886555,3.560524590702064,-1.9125306425783348,-1.5310346001182826,6.383931791753303,-0.33155271283071436,6.813497379176623,-8.485877717224398,-2.341167848861598,-4.63267573988399,6.310451009165907,-4.155277566341253,3.5558439960419665,1.229773334450844
sample_132,0.8347326423136165,-52.69839829298816,-46.34841224919619,-31.262808541087693,7.6168273340985,-9.346631603308214,-7.815729624362332,8.259549036490828,-9.879972779419521,0.8642052138652405,3.2675829246354953,0.43095869391621994,2.0181468404535785,-0.8568701738325216,3.2016163162230447,3.1773413302121174,-2.2602341488017053,1.8088463680854125,-2.1538312250458715,1.413813889521232,-1.0914653180591363,-3.1246160317134226,2.309700091493614,4.22011084011753,-2.0597521401287415,3.2885009791017774,-1.6268449382886814,1.725698987324038,0.46556891563420955
sample_133,12.977600136361165,-11.257150554173128,14.86053765876119,-0.7664044588814142,-2.4518276693408607,13.606067574632563,-2.635092276994764,6.391936180055014,-7.385404220673841,-8.756074208236061,-2.367878992844275,13.153207072586675,-1.2310796738786747,0.5031996058834323,7.1883446755583735,3.1677165726176058,-2.65403325244637,-2.622226719694555,-1.2818567389499833,-5.145274440164088,1.4616428606994394,-0.6244991578438213,0.4001447737947059,-2.2381315970187456,4.793892393769129,2.9237228729325246,2.625500649538356,1.152144461541335,4.275957204050878
sample_134,21.39459835760395,-10.695847201253667,20.1904335244443,-20.247709251324373,-12.030521508962416,-6.384010042887922,1.7549196230255328,8.394683324497974,3.6958881965516945,3.864025119027994,0.07662821543892395,-8.963712623340307,1.286890686661358,3.1507320829040006,-0.15352068547706002,0.5984010398578096,-1.2441250741469942,5.454873894383483,2.519207931457489,-2.3326355789231723,-2.318362789120664,1.6110518797147912,3.7104906852879695,-7.040991720452648,2.9664513928336147,3.996249387189228,1.583394231652832,4.063475987902981,0.4825027169927789
sample_135,-61.03874319767643,2.6004881944082854,3.388805455104299,-13.78917241493354,-9.226398812120925,-1.6148575096852413,3.237032840593289,13.094619983460598,-11.058931946392361,-2.6383134111966635,-0.9921327106197863,-0.14899253153275135,-5.2275133432601795,4.625754758213358,3.5143970840198513,-6.012581901278598,3.3337342020023644,-9.003557349188087,-2.0715562346742225,-1.682016543141612,-3.433623577506476,1.229928067099836,-0.35261663023362894,3.094216485847567,-5.204924717138113,-1.8019117804897926,-0.6203013339356858,3.0497869029838656,-2.4168307867081626
sample_136,-8.136624981652016,-2.7269819381061238,-4.24014294369356,35.338411201434766,-1.3845128522512868,-13.550782235798573,10.926243954065374,-4.276150371485018,-15.726959365329853,-5.918372047713145,-9.333280555819007,-6.796168748501947,2.9329004107568686,-3.7005248980650776,8.637267026376199,1.3046470200133802,-10.417994108240414,-4.276177499648272,1.5271748021012446,-5.538365278903648,4.065316639856564,-1.35083171823178,-3.3538146374218765,-2.38072738888629,6.838154197045983,9.021215194129404,-6.639747575699434,1.2344262309106162,-2.086979780042352
sample_137,19.546073874776834,-0.7076400305783505,19.390407002390553,-1.313604640488273,2.93099228018488,0.5540612648251729,0.8485208023613358,-3.2260029708926816,9.83704903694997,2.7715215230271077,5.5709405327836565,-4.9617042392957025,-0.3876344172037567,13.896512110936134,-1.4424644628969192,2.4679535351526187,6.3041011198490935,-3.2492456746347385,4.068267576771372,-5.825832655407602,-8.07130079864187,-3.7295530112581825,0.7703691313898123,-2.5035845919445934,-0.2596622021820702,-0.5863348162791534,-2.198355858746014,-2.4056066342693656,-4.033260485048292
sample_138,-38.57467407016686,5.84157181403096,9.009613832589803,3.579900526886989,4.256136549527305,7.0428556218794345,-7.107901285876729,-0.24956727737121873,11.273927002316064,-6.427995313205178,0.806005748897901,-2.5916561344824185,1.9215602158985743,-9.810718963297424,-6.553231456241982,2.061301340368924,3.3681879494860243,0.47879203635681084,0.2896913325057833,-3.69028464707609,-1.7063996558176433,-6.208337889523358,-8.44686321143348,-1.965994856562163,-3.822942773644806,-3.509412428022903,1.2450072681825055,2.9851348368375423,-0.12811050628905427
sample_139,2.849779156271072,-46.264107435602774,-33.711378800354254,-27.823847215805838,9.283876991099293,2.6392505228315795,11.210300752493172,2.8843839804421756,-0.1689024549049997,-4.443421079159536,-3.852229481319217,-2.3487771972906004,-2.6601753067086396,-1.8645101225989897,-0.8027389790435777,-1.9547132641536795,5.478755378714767,1.0263249289276473,-7.451544761295572,-1.6363608873727848,-0.032054010322040694,-5.012303990328017,2.0780324861969013,5.268455481528895,1.6067253985174623,-3.1369337433361477,2.347489273060362,2.251555513577921,-3.6570944918429413
sample_140,18.519859201991206,1.8258112520458472,24.727898979574206,-4.605224500271613,9.202327651580097,1.9093001455795313,8.919634017978712,-2.180602802656723,0.009415293831865016,-0.5642085695370624,1.477525790540912,6.273996490228113,-0.4654299514585461,1.466361752992447,3.416429549287209,4.503219033397977,-2.876163526264645,0.8777619054103315,3.5763870221129292,-2.0725323105725835,-2.337258600581374,0.8735921534087645,-2.8098766525473935,-4.507121479961398,-4.980818815971974,-2.4921403176256183,0.9189565040305456,1.9391918514659992,-8.605127275951716
sample_141,20.399900959849113,42.991199753862645,-28.499728512653824,-9.926632936552037,-7.895438987126211,-0.7321029229154278,-0.26543334135873636,-3.977990844431579,4.2304751593837695,0.31451376274273407,-4.499755158793389,-0.6095028978152855,-1.7595343798200027,-3.4549774874969743,-2.5096871577405464,2.8884409169095484,4.0633779655471916,-3.446612509257584,-0.393422101547248,-1.1366368089816183,-3.009445696353309,0.18548033096725675,-0.4965616621003359,2.062146628338736,-0.7274266337355176,-1.63859120035431,4.513738856400091,1.2218039217656005,5.822271872482391
sample_142,17.700233518996896,9.733841504934857,28.30045695459868,-2.7228733440160164,15.281560381188363,-7.608730568854709,6.251197629564488,-7.159255247803585,-1.058047160998315,-5.531024895662766,-1.0093833278808604,-0.1111880076145111,-0.4811197626068471,-2.0571986773993047,-4.822313246660341,-3.3665681399506053,2.0126143024252485,1.4465684063592035,1.2605791992621955,10.435438596100534,-1.4550192188135855,-2.6601352423419833,0.8078014228708462,3.1588376944067575,-0.8401719444902677,-2.316699413020629,-5.632359840578432,5.659658921596098,2.210227468571713
sample_143,-39.82879603257162,-10.851105121471866,3.279964952128873,-10.518330201525508,-7.966884762785359,8.177539790610167,-7.842682100702539,3.5024450389614055,18.80221858607209,-10.58082896007435,-1.5767584448015906,0.7425876910670883,19.433300692294676,-6.394415632860765,-3.420416312821479,10.02319676252119,-3.1223809429467755,5.847524590386201,-7.133299991401757,-6.984717754440653,2.9009219399389656,-4.09916049954187,3.1513604835861577,4.004690729662287,-1.4146184463123999,-1.4707922232051223,-9.591915754847017,12.11184258167555,-5.174129979850924
sample_144,1.6468506029021734,-6.944051974610847,3.3967873031511204,40.816646057271925,5.502332807817585,-3.0002804112961203,10.207411957145636,-10.37081797329488,2.7157204135303328,-12.070670490417772,6.905480971319837,2.6677669657752903,-7.742351284191975,0.8502532755848258,2.466468966954169,-0.5729988615848611,-1.1458161396628492,2.1281155820467363,-3.3462139923455787,3.0416113566719387,0.8326671913678024,0.24137766013636386,-2.864124607969572,-1.805616253935512,1.74360806806976,-0.3156458030168491,-6.331229288858656,-4.816303686857606,0.7172331281426303
sample_145,6.626539596875508,-46.16407769722915,-43.577540437503224,-22.805040290678203,11.381643391348629,-6.64329399678295,-5.036997883203383,-2.253505397225798,-2.952962423194851,-5.1227263785746056,9.856924845541274,-0.9123520008548457,5.14183350976083,5.734299284020379,-4.650411064466782,4.022941010237394,-2.1870752259077864,-5.791382045861056,6.201897684703584,2.9966998329946195,5.699220657654969,3.4550177448961312,-3.018631144094962,-8.01011259554725,-1.8148941802310055,7.817348251044376,-1.8528388561114595,-1.2524065421049577,-0.8139330633738566
sample_146,6.086644429448911,37.99979365269765,-16.192985482270814,6.845129409810056,11.411113140059033,3.6919223574548528,-19.531621468572098,-4.748504818078056,-1.0316774682271015,-6.416984209061753,-13.745540758312197,-10.027081176148656,2.063208924767358,4.461351600903563,7.366502205516483,-13.041310951506198,-0.27613528629248013,4.329751245989165,-2.5041579645750764,-5.831302835655271,7.363401174819103,-6.665652257971266,-8.691892915033689,-1.9345943883297858,-5.610765647445934,0.36155500672497287,5.6053268913346805,9.868939675561533,-4.09593138588497
sample_147,16.65668455711775,1.7655613344211243,20.583569684885582,-8.961982216714345,7.889042040692951,1.0878079942866357,9.245896594509565,-8.525553940427828,3.748722125665843,1.0332404594556106,-6.96864914712941,-3.631685172066713,3.9215345865664197,6.792201833774867,-4.2850557089065555,6.4741401690422204,-0.5454828582313656,2.1450689319744063,-2.509030765203958,0.43180625341420575,-3.832280853188882,1.2900499868177835,0.9762792741742007,-2.332435872094742,-1.1622655503216663,-3.10949982670562,-0.33991619451578153,-0.22637998233428483,-2.8344290904602816
sample_148,-3.6145559243401446,-13.042129169390991,-13.288565116048694,29.148382849525195,-10.321966469191768,-22.77439409426108,3.712504564795634,-4.632581776808936,-6.498326626148636,6.942354545534984,-7.072275657808922,9.5830378722315,8.284859634623157,-6.37368548795091,-3.1035953015442725,-4.816557200664251,2.595558707871436,-0.983392389355178,7.166736044044395,-1.173316674280914,-0.8512679000594054,-1.5678917250202584,1.2466556443706167,-1.519729550107583,-0.03761555127083312,2.874205715667258,-2.899432263376037,-3.8148701948075265,-4.2531355435283205
sample_149,-3.021085048986841,-20.407334958540694,-13.090454526113989,3.8270360660458618,-24.164230776236646,-14.82910130031151,2.258152582043289,-10.700993247924028,-9.99129043351734,0.278244957788598,-11.38933534423667,1.5565293699648035,-1.631964637700408,-15.321483796190323,6.015978616489543,4.203649121096408,-11.127016468821473,5.303838391271007,1.0300948876189895,2.0117490724716354,0.2134119967062048,-3.4678939102104827,-6.109260996177208,1.3522474355401837,5.824126048907151,10.307660561283024,-2.026724746957156,5.53132070607967,-2.7345724830931486
sample_150,-0.4840376758672177,-17.87015115410487,2.0826333750397232,29.74053200596082,-4.036947121484965,7.5105400228067705,12.335351288002446,8.122860423316878,10.336217196734372,-12.080750149643077,3.1650556791195426,-7.438466226335955,-4.498591286108458,5.854689653782101,-5.106687007012805,-2.1010481635410097,7.463114708600873,-0.6672537182970982,-2.931355102164577,4.0448430534699185,-1.1056815895837857,-0.3221828339749324,1.752793134121814,-2.257397107877282,-2.67991476175081,-4.592331630713142,4.071425036331724,-0.15382289302620242,-5.895359751664109
sample_151,3.4368320863277626,-21.842652562088418,-10.318443211527821,17.75754646385678,-1.7842422538156484,-0.004577977431538554,7.152901380716144,-8.415864926200753,14.294302875495108,-0.4177812794020974,1.4110649733642466,9.963323490816514,11.348280251045692,6.865524257601411,-7.204583117875844,-4.28773866789304,7.596869172849049,-2.4025060711487827,8.380741395502069,3.1726784052895063,-4.7658081456255745,-2.7042321050041513,1.019564254857102,4.360088212656259,-7.034789299100829,-1.2795935151320434,10.633669619003898,-1.1263468544188462,-6.175098443095497
sample_152,26.35765067082507,-10.257679913708095,22.29336122563579,-17.730579786858094,-3.819192734311962,-3.9248243557867615,2.429482604740558,-5.32850555327409,5.2546079583174174,-6.257783532814591,9.279584822869564,15.400673348839547,-5.612442412820531,-3.8875520284709606,5.888899411132144,2.397142701167892,-8.630898551332303,0.05258283408427334,-1.7999519979480307,-2.272608207401532,7.870368764995756,3.084569311046286,-2.024494895044257,-0.5005838575333086,2.3890826542354118,-2.530489207612682,4.158693508793561,5.516747964425696,-5.985788071491187
sample_153,18.86606128833138,-3.823851176447407,27.125767720412025,-14.45059451205547,-3.942461406402862,-5.068199493424798,10.52657121555915,-0.3444154052613319,5.585605608417105,0.7027854922214339,1.9646924393625884,-4.059502902821742,0.14596736674436722,-3.3676453841129086,2.8479466917550105,-5.134442904794939,5.493560405583339,6.274361166020914,3.675575865959803,-1.4667853687477295,-5.4980043673145795,-1.303715759072574,1.6114302478626283,-6.285731240309785,5.709222244841795,5.891210296246264,0.9335861709356197,4.3280385274309525,-0.9318510641755171
sample_154,-5.149297440846933,-10.25342909994119,5.78237086786227,35.231767351840965,2.4674413914261053,0.12008552445779515,14.241249373641821,0.6475722734892811,7.555633597069502,-13.652798774976365,-9.783894776211861,-7.275886461795633,-4.070995432349371,-2.73457603453927,2.9575409122348044,0.027379795005810115,-11.20232060259075,-1.941566156437254,-4.497402467016809,0.7792623766801811,0.10881268504535561,3.674482978216153,1.5071279729769358,0.3018663046281016,-0.38788117497873015,1.3767130858943066,-5.893755796347758,-1.674096998461241,1.8059941710741452
sample_155,18.92744732061853,5.374282983948327,19.78636767880855,0.25440463127687607,10.394618029130312,5.626133562810523,-7.466633860389604,-5.353001547076802,-5.265969955093091,3.407216453467645,4.351805013911967,-2.2027661449230207,0.7539800911216364,1.1517441598190261,0.9310533757276778,-1.6813996248111214,-5.3176499963898785,-3.736291469412249,-0.9892369554620297,-3.385726855396113,-8.255725603202277,-3.5788446572485353,0.6780006130211097,-7.202950664854228,-7.96581254927011,1.1379903570084289,2.473388720112385,-5.520130454907937,-6.939285402245158
sample_156,15.937569582394506,-0.03674205860290041,21.940478885215494,-6.459800084606225,6.719709173715586,3.2215930789980765,15.74345760035839,-10.052770220214045,2.8147188377505192,-5.925041857192153,-4.669968926744712,7.229828326388468,3.6493332132307037,9.775850143744734,8.158589625324032,11.591815153818184,7.592187018967069,1.827106566563495,-3.6024827316913637,-3.187756220439998,5.376235224981877,1.4600536859410536,-0.6073221849921361,-1.2531782445549695,5.5812645398532945,-2.310354769115268,-3.5952786040182705,2.660425629699799,1.316261510098144
sample_157,12.229569762862683,26.102908147303612,-17.15935490715977,-6.699253899985577,-7.311648445612014,5.523767772186552,7.104305448157975,19.58839376059053,4.824056877607693,11.991644178441252,-12.344849333868332,-1.8198504560352924,-3.962132751484948,-0.6282808662910916,-4.364424519152935,12.732661310905469,1.885759706627202,-5.100714087597388,2.6700458873298842,4.94734584386515,3.0140774125201317,-0.8247411734413655,-0.761949114226158,1.0534970044298668,-0.02038900678724195,1.5666145766227886,-2.1179123833413804,0.4017325967593639,-6.7825473117678765
sample_158,14.794719657602972,36.19786904770737,-22.200320380897043,4.1091127889164065,3.4976255376827803,1.3420298367662993,-5.1413538218468124,-0.18487579575967855,0.6994308252666882,-5.857124212409185,-1.7047973878691975,-2.2625367806701466,0.001066492828072511,3.92922640863875,3.4643847963898713,-2.9148917793897646,2.487048932243592,0.5983348085041406,-0.7147371326050446,-5.225816850415889,1.9556203126112113,2.5029058265929542,-2.580837234861833,-2.732980510660663,-2.0998070677210117,0.6081103996302889,2.12546472511726,0.685469938948869,-3.6121625646991293
sample_159,-3.633782141114362,-7.185001867280764,-4.299356682166506,42.262695807609866,0.09162348049555001,-14.982718027242813,-2.2408523378365817,-1.987992133985401,-6.259180075265503,3.4846047356604446,-3.2665818790013788,-6.046921617833912,-10.582977778041501,-2.1838401492837205,-1.6752684326560663,6.265932380319256,-1.8688761306615305,1.9505119136191227,2.5642538916407953,-5.892002889917413,5.866614028823699,1.7531339820573075,0.30306650289292936,-0.06010987220983093,6.649473768058122,0.6152123879476412,-1.223770767589912,2.45909135009387,-2.6757274850752086
sample_160,15.302483663935648,40.09436916354585,-26.21613198236962,3.374849521753534,1.324640273225837,-0.45882524861536883,-20.316879080930267,8.677860735412745,-1.5213650809436283,-7.926746368695753,-7.825788430796535,-0.9498174098034525,4.089132211168082,2.2293968864529656,10.603272145079096,-10.294453256333854,-0.3087077396873081,-1.0639741690125164,-3.5135762757939086,-3.8136629423624484,1.8658611538466103,0.6489787278707677,-0.08315315181668097,-1.3882045610311267,-5.417679117737368,-1.0831644702643826,-2.033407420058072,1.8304659219969233,-1.6532083553494055
sample_161,3.8410978606814767,-4.771295067888238,-7.925155469563006,26.425924470843178,-12.413501566048168,-18.95433750733732,3.873132288887566,-16.220773479383496,-11.831462396806986,-0.9506861261218588,-7.152887477118641,-4.892006510633903,-10.643087023876754,-14.198067227581246,3.3567876984537564,3.472951374207795,-8.878281918686953,-1.479019451812706,6.063275769412555,0.1571453228453854,1.7273869671589868,-4.085857574206071,-6.825417469484603,-0.6136907753276869,2.824211070210663,0.45216043561026437,-5.748514004887588,4.5726213566521094,-1.0121031025931992
sample_162,-54.78220239062769,11.917619910766186,6.6974314701384134,-13.436624181837887,-7.799112250430035,0.054053326371974186,4.961360745896135,-7.471767548858741,-1.2018378014397164,-6.203417605591465,-7.900473118379476,-0.37545944720647206,0.26007239550416855,2.7977973738285677,-3.8333879492104934,-3.928007198493157,0.18068563302704194,-5.804750573432691,-3.120914389197287,-3.9352185615686643,3.4947548783613223,-4.964208192746378,-3.5514993283856984,-0.9726235454957439,-1.1726934686631192,-2.389461515080315,-0.20547622564700907,-2.127562489052089,4.28323472583226
sample_163,16.48993855603392,8.604192794988272,20.47350669781861,4.146046057047907,14.397514001733693,-3.6002494322677188,-13.621466291278336,-5.591160742891093,-13.6399981451103,2.023421820058626,4.716405728421455,0.9555230963352216,2.1861909717197863,-3.11596357575447,-7.830626208942096,1.5496694244952491,2.2249560601602294,-1.8572915563849952,-5.914119891775799,3.666377396948029,1.5263482589005728,-0.6020354816800224,5.963428833765974,0.3385369892136949,-3.9372594265113356,1.2074909047342557,3.7601217243133167,-4.364918681343024,1.543747795805927
sample_164,14.349009074641195,39.85760266826897,-19.883899753276673,-8.493534326098255,-2.797005088287228,-0.08425912773494551,6.013688252954015,0.8640053284325487,5.2131247600302535,-5.803373512706081,-11.929998876219509,-3.084481427365371,0.4469551968212668,2.2884781632938607,2.913858715243283,2.0289040965687786,0.7993599170730074,4.882456893847594,8.457403242462801,-0.3841007089014748,8.160127829195797,4.441141153173339,4.6324902356705016,-1.3711884021361183,-4.823749483739494,1.4256695009324043,-4.751827327180953,-1.9636945349120767,-4.020660951947208
sample_165,3.539965176154504,-14.427020007144739,-1.7603305327584458,38.33989751781399,-7.343974446640351,-5.943182849424874,-0.10831711760339945,-8.19480965090181,-1.5891019511298374,-3.355767673963813,11.629552484460216,2.385406393185654,-6.448638081299735,4.0835704541392905,10.93781787608417,1.5907535663703327,9.216692348788683,2.099720288858417,-3.0301133343718227,0.16267885123816433,-1.9644113948729514,6.011453688417517,-6.834181048844936,-1.9563718038683846,0.5216787494721168,2.9490328464317037,-4.723640140664941,1.0333603949150745,6.141809427269356
sample_166,7.253858089861265,-47.156946152982975,-33.17031053442011,-18.10741377756174,9.154607355957285,-1.827293827815872,1.9057189006002855,1.743379923172223,0.8709185476018321,-7.36734884943724,4.931159669749136,8.118157444919683,3.9666767616258167,5.7802374567169,-12.700039043882994,0.33339469680594036,-3.081202870494341,-8.578306020422012,9.426740577951758,0.7843241465445056,9.499346809377334,4.746683801296164,0.20365076353212846,-13.172586890141773,2.873472296729877,3.110610719959303,-4.935038155139666,3.8953531454673103,1.5513123420889243
sample_167,-58.61782643706439,9.151747443279401,5.502141170116507,-7.362279280719418,-0.5709941499125722,-4.140159334374229,-10.230090662799748,3.9324856201261595,-5.467375252224054,4.7203044449304725,-1.5483778740618708,4.961850306461228,-10.577801278945755,6.769956828794132,-1.4224248014180008,-3.8086293495353463,-0.3299454529892742,2.0532570296740014,0.07794791203933633,3.1247326233015458,-0.04781027046101213,1.3561145610344496,2.487083173384408,2.9367441267050465,1.3751932174752581,2.2347432269504437,-0.2934241384813141,0.17933893476703144,-3.8884989501345455
sample_168,-3.1512557511942862,-21.869626356901318,-6.7944227249287845,20.93345398830048,-4.580261766257568,-1.1690781280275517,5.92516002349622,10.635688675127222,1.592375918419823,0.1491699227016387,-0.45569098105928363,12.95720820135974,8.921853772684726,3.6893447019106937,-4.571702924182123,-4.366316524781622,2.3534238322541374,7.007388143851241,9.605250798265422,11.430125637317527,1.9807852748016614,-4.876429845380401,-7.3650043848625835,3.9673704856961507,-3.466242443290744,-0.5175189563870894,4.959786773492418,-2.127356225815115,2.7099484383302905
sample_169,14.719287031205525,12.094762688901154,25.23012441808964,-9.57780673565613,10.40443483896375,-7.690790708285136,10.047273011573218,-11.023522623103698,-7.047657275585631,-9.519678754605,-8.58068403745685,5.1336793462232775,4.588721297154681,0.99382246320778,0.1868640981015077,6.288934258667211,3.7438808050383696,-2.0531783050123202,-4.051589749315063,6.076696639365941,5.16118950552456,-4.354508029766576,2.3820540058963067,9.028907404793404,0.19294782923658868,-1.5590959123799204,-7.109029715547475,1.78762208235577,7.126916799649885
sample_170,-50.304686275227354,12.002208040916129,7.397651057211935,3.879111835017313,10.348608931444312,5.398007512019585,-0.9537294812908634,-1.005859975282899,8.706415557131477,1.3640730742013838,-4.337439240192749,1.8969639019425533,0.5502379009377912,1.2409476308255512,-5.5640895322796755,1.4332123880718999,4.139440270638379,2.7828281219313724,-5.061584729158734,-6.708188283502767,0.344140572502785,1.6523285116556876,-6.784716855612682,-0.3757422972504822,1.8537383269816206,5.238828590663774,-1.9218111969150513,-4.06390941877706,-1.7727772167961635
sample_171,0.377232932513174,-9.414232130857814,-2.9474945223381983,26.988251139486593,-5.267663927142538,-3.6614480707243393,-7.02170892175162,-2.994197550701163,-1.888721078651534,16.173819896189507,1.4219450394265734,-0.5660523830130781,-7.388995178903668,1.9867530109961127,11.920009972455743,5.098920946364297,3.944224815969542,10.622254827330922,0.7863523201746392,-1.8781921144725238,-4.634557868725982,1.1268604591028129,-8.353658871941626,3.7841199350306916,3.097783831848967,-0.40741924518102196,2.037461468107432,10.27179096372298,1.6160776643633554
sample_172,19.959177233702036,-8.884437494594419,20.551351057967988,-20.144094166011406,-14.850414598154584,-4.41297440452681,2.004031125526804,2.0237684484086054,12.45621442528391,5.7141980416999685,1.8632294905918825,-4.752293381036971,-5.173905676954267,3.8923239778201895,7.000237566849071,0.01335695995368848,2.128415271691655,3.3605827819870124,3.4131594482591585,-4.750797029779792,-2.0946599154167975,2.969362537117735,-5.9601422823851165,1.9150780420415494,3.539531812850727,-1.8798388323756308,-2.17604182540429,-1.760551248710033,-1.011207340229696
sample_173,2.973677044084333,-19.776315777038175,-12.896372114935195,30.66177023525596,-10.443383218039353,-18.1183058483105,0.9317764012759567,-8.215024777204654,-3.735874741886345,12.08181535244399,-2.781972733860833,15.868473159632599,8.242895201004279,-6.432274518684499,-4.32192555309165,-9.012979870027694,5.27408147001865,-5.886759675391318,0.4818042980497131,-10.064774106970034,-3.4466043890122275,3.945940854715506,7.20863138035988,-10.089826537357773,0.7339652962143055,-3.477239361784864,-3.1779403318030037,2.1871359440356626,-7.09465152751801
sample_174,16.708736607567783,8.326046272126481,25.79091640763252,-0.20275679221998624,16.033542939424013,1.8246782458345578,5.418525924315356,-3.7669204447993176,-6.701029946736679,-6.662095837622107,-0.09708088987606077,-1.6428309703769484,3.553397010090235,0.7505551126613933,-3.125161269127543,-3.6723425994224566,4.092076663253197,-4.798610326264186,-2.3991705348635093,3.0285758394793736,-6.053417593393708,-4.753841710403557,3.849176268881134,-3.527147683585329,-3.460653941457182,6.92099274255634,-2.743976443076662,-4.916321188204826,-0.35804216728231153
sample_175,17.965033902638588,2.395130456083883,16.74830657519903,-5.055865252668781,3.2831634701186627,-5.750116375576027,-21.552963606728653,-3.5458812349252202,-1.4708690935023176,-16.596023651402238,-6.585936726370402,14.193136722148198,-3.288549662166024,-7.7382868148245745,3.247767253354137,0.9123121294284914,5.533534130692836,-3.607720889179605,-2.161297502565966,7.8003368997613824,6.80805918526958,-8.16352180662968,-0.9028236713038633,3.580891187219856,1.4979022055442222,1.4303869791850707,-2.5831755167181245,-1.7396900575048617,-0.8361095170504527
sample_176,18.942873105492502,5.7867818348394024,19.557319265075723,-10.457524694234559,3.9077956615821425,-10.755752511354247,-7.020905236716895,2.536917052551087,-10.754273985450789,5.026608603699286,-9.366796145983447,-3.2212719675165475,6.118690743483644,2.8823995162918217,-2.3949135997314657,2.664758438271795,-1.9138895793543254,1.943965683245,-2.7070195235983037,0.42747570581613087,-5.255787190925445,-2.249324495526953,0.6135246226570283,-6.44072812496406,-1.237785796063567,2.440277450258293,-0.859204049315522,-2.058168708089294,4.699060571682085
sample_177,13.845268496753008,30.634920031907143,-14.39781910746328,9.206359290322387,5.23848104607038,6.395909179954289,-1.1799322917592936,3.7618699029614437,2.490969641638522,-3.0752999611454968,4.620048675013692,3.0455044325966245,-0.5223256715646946,2.0530549782783987,-1.7336252979306046,2.4907635827638313,3.188701478913809,1.3492143429063679,0.8513333446064538,3.3759833842600355,-1.2766222379563499,3.0863473269578656,2.647683990016275,-2.817687838915833,5.192190782846582,4.206447762964941,-1.0090948772521922,-6.690688923536167,-7.191164915036232
sample_178,18.79758159301474,3.8232139786402572,24.221175804024146,-10.387828128380303,5.751697401771387,-4.252008131055574,-0.09091291946440508,-1.0396614397914847,-3.1123571136656434,-2.657842751738356,-6.113794482854912,1.9115246824453156,1.4649586963961343,-2.518475625385024,2.5675578509657093,0.3314839701923184,-1.1988258278212431,-6.970765490127757,-1.8388271991522245,-5.230537232134036,-6.217054312576706,-2.9211260733573967,0.24089201679974487,-3.292020326836375,-4.738182124125859,6.629648392544391,0.459465614905449,-1.9447902993574406,3.3980814827417416
sample_179,-51.771301280249425,13.951952527747757,5.787631958426994,0.6051461903433741,8.923801993799456,0.9463819006106723,3.7175507586432293,-7.0567371368070075,1.0665139338170582,3.9595020257536997,-3.860027979383683,1.231433819371123,-3.3996341180247764,1.1760039250234493,-1.3415635754014223,-1.5937111131244859,-0.9077459338142149,5.098316514469332,1.1670310416282814,-1.7569019450969678,0.04110379052161276,4.352804030774566,-2.3970060813407503,-0.33604216151807775,4.970480093467796,-0.2723251515060917,4.298088320091983,-3.4334142708083486,0.41905990292983863
sample_180,6.521781652508948,-47.559140397811944,-40.14600343695958,-26.250432744478715,12.872190394793757,-3.4835177272767908,1.573539959655338,0.5872374596123052,-6.268634408577935,1.5722197248335528,1.3442302565398054,1.5502111524777262,-4.2054482045789126,-2.1224698145780128,-0.25965490007801434,-0.7562825465930032,1.611295159317662,3.1221809668923433,-6.0346589939180575,-2.265903598248869,-0.5745494394366145,-3.2342760067803185,-1.725221920489497,1.0541605001929182,-2.175722445450559,-1.4138818223437666,-0.6061628790417182,-0.2076557824544972,0.11003034167019335
sample_181,-37.84756374234987,9.687873063016577,11.592046758724305,5.14395223272683,10.597956703144517,10.576865467200331,1.6673529278095747,0.08454966364664276,17.153044140260253,-4.114304265742852,-12.84025829324542,1.3000638998170575,0.2885902336579416,-1.3362803719397756,-7.17084691336323,-2.3571831037218596,2.9121469930030996,2.029626459299226,-3.620376287776686,-8.542771970830131,1.623978448540092,-0.6343781428468319,-8.84932076699301,0.24179616061694306,7.127555858706001,1.5231318690358422,0.5594913265922563,-1.1739038951435983,-2.807928886596102
sample_182,15.099257964220849,1.8402318129126938,23.520804233597538,-5.69303170816253,11.261067691908941,-4.1306285751636045,8.271220225273968,-2.6889407992556116,1.710892786209574,-4.889888573760875,-7.920460980989087,0.4943304368519798,4.40305798770135,-0.4832785821846077,-1.495028738134983,3.043344932661051,-2.5858932013718676,-2.336280142088141,-2.5037637455184885,3.936725787543046,2.933396672601895,6.0591661212909695,5.761660465353545,3.572040420360267,3.8143510435108436,-1.8922249068434915,0.2067511749867779,4.595549494519282,0.22265593500492728
sample_183,11.711141388537001,41.141882762747784,-17.94346122679774,10.730832600019863,12.739512924303918,5.603096409681449,1.021542462867626,1.7457790575012853,3.4926098095084415,-1.9925252068871584,-7.333311073911273,-3.182430761787426,-0.06153992958645286,-1.449335210325355,2.8143981302502548,-3.6735760584869896,1.0538254529998203,8.113021285966465,3.8515984829822547,-0.06267659926130527,7.469845095508057,4.8415903523935215,3.0269319333087523,-1.1155356315960876,-5.75784372370964,1.4446003656660733,9.884219884775428,4.367548627578761,6.866320065946859
sample_184,23.51458103674143,32.34835182402514,-29.268138651331224,-23.112645298642168,-21.050826906782483,-4.574642171817888,6.915508799751569,1.6403407631711682,1.9424459754819223,0.9403621071217899,-2.4648088027637027,6.188944564172591,-4.86126781124998,-9.162330471657116,-8.470148268727394,11.131654874808106,4.249044798447404,-1.60856173779538,3.5683975691223093,7.679666544626231,-4.076520741815187,-4.508118407966499,-1.2066869452811897,2.935001364495869,1.1506127637053636,1.3357045139480133,1.983865001720079,-0.30719859820047984,4.918967349811243
sample_185,9.528374619012261,35.27913256407654,-22.97495203968175,16.094971473588966,18.398830317503663,-0.16439314540341407,-6.09403857553947,-8.747135263244866,-7.587239000292598,-1.5497390223698644,7.299751804107562,-0.5874991703336212,3.2809796762287045,9.72949438340027,-1.7650254458098928,-10.783430550454339,-8.333703603366907,11.332221726896465,-0.18585366584778718,-2.893103447566558,5.305315255575258,-7.410415561625232,-5.773291113470171,-1.6460247587121382,0.5684842499418566,-3.078902767754979,-1.0375798211825085,4.309916615277912,1.7502549497054865
sample_186,3.1714020460150936,-19.69688787150058,-6.811854294965085,32.75384652825745,-5.793767920692278,-9.635760065586823,5.663287158234195,0.6397620975627191,-0.38012195562972506,9.438396420040936,-5.652795792786266,12.871380456113592,1.5154014117244905,-8.755649072493773,-4.392575388504039,-11.000448666419489,-0.49544319496910505,-4.511883869035284,-1.466263522896664,-1.2054369350625007,-0.49003295324578455,0.4228337104578084,3.682444275251946,-8.839880999782777,-2.2247779457789405,-3.0801740439098677,-3.2352599155322515,-2.169997820241309,-5.894921779044414
sample_187,-3.0808204863993827,-16.65034011180876,-3.535361384689968,38.490162907498416,-11.408620573874062,-10.189688712002093,6.500429723237694,0.2758238019663471,-1.1652190624795031,-4.201761221871733,5.7009725052793545,-10.078574721985506,-5.427760603107017,5.923362208085551,-4.385848596523309,7.507829509810763,2.0030759508441665,2.0644966551109913,-2.579592887560125,-1.7301722849004402,2.621502278529005,2.542080970462821,3.7308763777112617,1.9710530334135612,-0.3878128239155103,-2.267214257253694,0.7616649260879542,2.22036787564443,0.18973321634756468
sample_188,14.732277171269711,-1.7449579325934543,20.677591706622874,0.5447147112487263,5.426805010661922,6.777881324260031,2.6519794643277064,9.65756569642229,5.8847156011823145,18.739831160395926,7.401374796851603,-9.716360153777677,-7.158723027590298,0.25256311311251983,-0.1796273702391865,-0.8981320514750206,-6.600028616301255,-12.031638925129611,-4.906502388792506,-7.046676179052937,2.905211341097828,-3.661877314838158,5.261981787847818,-0.15114804632130113,-3.243197896408709,6.659179112011859,7.480295653047832,-0.04758018703487006,-1.747357648137004
sample_189,-1.4082560805686557,-24.942144044225522,-22.863356676971986,19.927417852678065,1.026140867539048,-20.905476430983647,-5.824838266522645,-6.866571586759832,-12.280755360843532,-9.131812105675357,15.522183644268905,-2.090347833777602,5.939638617758301,7.233672239901847,-4.4240959367245924,7.5515038920354876,3.409064465660316,-9.092799565288278,17.109975839027726,-4.233992987784671,3.7308079333372457,4.273764980265878,-8.408281047474578,-3.8751570750552458,-2.1340268125143016,5.686875754002208,-5.889058706970101,-0.18131124113084798,-4.947202491314998
sample_190,-1.4044703956968492,-2.9467199960102506,-9.488257282362824,29.990321964271715,6.631537876688215,-10.327051086656942,-7.654668012344758,-10.75542898771696,18.008818256611402,36.66272389011167,2.7468519824730313,7.19659051489917,5.931512872084322,-2.7043632756638383,2.353207842035285,-7.339642209614644,-5.481080824934092,-6.1628154370694626,3.2665475836218865,9.319128400272449,3.7669164422585,2.4431371475204102,-0.013044903210582198,14.36654530938993,-3.762064514606052,8.712443637946182,-3.992013232371347,-3.4164216696020047,6.762065646422449
sample_191,-52.24806586101196,4.590971762682498,7.33922736483984,3.8919186231920455,3.7830252960830775,2.4379563580375008,3.681573493409229,3.2399157886385717,7.210327486292862,-5.618658155631995,8.694118162803486,-2.030525788812182,8.360075491873213,-7.4737733673469915,-2.250100671643099,3.1836818287858923,2.9201526146272863,3.3544329945744873,-1.1795538237696939,-2.9837256537232237,-1.7309935130279328,-0.05028466042782842,-0.13533650959375434,-0.5858576314086632,-2.670329776781652,0.5914885583941103,-5.997200558121497,-3.775227741996424,3.930682853157434
sample_192,3.011730309681258,-24.704926569937324,-13.969913183330386,19.056724554617457,-14.188369516764308,-9.908171940534265,-11.761203141444332,0.45829511517923943,2.430705615853144,-0.20777944999403755,-1.1244126941054717,12.492602424808522,13.461179793856797,8.33705263690051,-7.48797850927259,-0.8058259635989616,0.7201126126669414,-1.366363000940983,9.528767034198875,2.466386719699369,-3.4942736437050512,-4.813580891331766,-4.107530304680392,6.56975695094361,-5.536454064889333,3.9827041968650296,13.70997346681176,-5.253080514757936,-3.8385617604442857
sample_193,17.678705059244702,29.957641108352238,-27.034333553694122,-7.903651383582703,-12.102494386517666,0.7298075209654185,12.404181563792182,7.546765038260338,-2.6551120636394336,2.8589869143813003,7.65554422361039,6.654802842088248,0.1724032297570983,-1.7865080633803727,-8.198515240556777,4.094858138509413,-1.1315720578903525,0.7348771705714447,-2.0746935565066873,3.555461664749039,-1.6575309774070757,-4.964764383807867,1.7508958913610824,1.017757557663436,6.690425290533246,-1.4390862499600352,-2.155935164208641,-1.4373030641631155,-0.9750428551344605
sample_194,1.1031441851384776,-7.132795618693152,-3.776932562715346,37.14180097442387,4.337491776869445,-12.677860312232712,-3.6116262565354567,-4.71989892060453,7.9329068985975155,10.735909834496587,-7.667615597646665,9.858330956151867,1.7951139775144795,-5.5572341422343,-2.8943511498040055,-4.855431200777355,8.731246832835275,-0.13581841725199775,3.929709680526203,-1.3771037342574943,-4.459400726386591,-2.5380960889587048,5.548485613138889,2.503759375245955,-2.450927992092697,0.6879795999462771,1.9735542314503824,-2.151611365968115,-6.118610592226432
sample_195,9.943008805614632,16.002315032000883,23.07398387136453,9.786812145923028,26.27092088281481,-3.1786249296405846,-1.1592730308090498,-8.482999863005897,-11.27078669553485,-0.43271325459656124,-2.1283809815009582,4.160503730832972,4.415894095550791,-0.9200157563901551,-4.308895705215116,5.161227557602038,-1.215786892132614,2.6351678979184294,-3.841832125181519,9.328161177251683,3.349452681959485,-0.3402244555511757,0.08833326266363609,2.3699400809006255,1.5499555515167118,-5.131762382783542,-2.6657191174078845,3.392262263468028,1.048542715044445
sample_196,16.882832474901733,-10.62039458309902,16.091464044069266,-2.145229477657988,-3.223158926807327,-4.766108872255652,-20.975180204991215,29.054049920630895,2.987507411298882,-0.267180108075708,-9.695589413824452,2.0607723501747053,-3.7539315791462426,-1.6487134675214752,3.9962894260726394,-6.5671657578603035,1.4455696527870348,-1.44116717043074,3.452507234733439,-2.971920616431366,-2.169475726176813,-3.217256451489212,8.548599445589927,-3.2202247007526177,0.2789379987773272,3.8414529293590185,-3.6711093104677595,-4.499072319622914,7.097697006069998
sample_197,19.29095411862225,-4.293371202589844,23.918076483413227,-15.612738328013794,-6.926447001339357,-4.67792775878707,10.240715429616637,-2.5925787987242948,3.9492869979393252,9.234742626869778,12.919811641396496,0.291359954912487,2.4983430518998033,-1.693580568856292,1.9215347962255804,4.858574506684857,-2.5630129711909535,3.9398031471413377,-6.118790417044928,-2.276499906872401,6.602141950548312,9.799127505355706,-4.34060623351609,0.022372046472120856,3.5515850517040715,-4.307437976407993,5.195972265121551,2.9846672673469468,-3.773048918697671
sample_198,0.7852766908398933,-25.34218282565188,-1.3188568992716172,23.30897249521749,-20.89475420470567,0.9950038732590569,-0.8466354614794197,6.429094713782785,4.867920911027006,-24.091479505515974,-12.040744497682232,-4.837654114251558,0.08072918190029817,0.18479021984753569,4.231823808970619,-2.237804017970052,-7.460473017258743,-2.774826256340929,-15.906144594194588,5.736957624910526,-2.4901214287068716,1.054609575923473,0.3377477577363344,-4.1883438240120645,0.9700430135358191,3.0708724449117657,-0.8749256789886457,-7.918477583915842,1.5764390912493047
sample_199,2.494736314360511,-16.985626342542812,0.3556151114951407,27.35670186682167,-2.03924271722157,-7.767451721841607,-4.782724565008087,-12.342284394063347,11.35174127900754,-14.364100836214654,4.62215401248431,1.0043309947313805,-9.91622906825731,-8.301957679955015,1.7204098574179585,2.159358227629132,-12.523150583728922,1.167841178531104,-1.6509463984433206,7.648898393341898,2.4167293126702143,3.0801865789391294,1.223144860016088,-3.68211555190502,-0.41653000171821547,1.5415489250941423,-3.0512173635683446,-4.616320214362209,-6.308201999424574
sample_200,6.962856131249681,6.76837408779611,28.480990829323293,8.92085764749886,22.6845646866168,1.9642999238994272,9.94906468037953,5.894134377229341,2.736230318138146,-7.650558766182981,-9.099615504781706,2.8734496434746353,-1.063186365074444,-0.6982715051558583,-1.1055337858427128,-0.7166784786342322,5.687313562480426,-5.393656067238477,-3.977489938619894,5.808136950030005,0.39475293317532834,-2.4200502213449253,-2.959814075705511,5.938535062989062,0.9220046979249207,-1.9715983077814756,-2.103099561037859,3.083393285964209,-0.9706321736766347
sample_201,-62.00019434098417,3.6411443942768296,0.546513536801395,-29.586768313475382,-16.661058083669847,-5.9605931195849085,5.445501995717205,-5.860502108985489,-12.163475937699571,1.6433440641580583,-0.4645839542133148,3.265357264734476,-9.27768986471652,8.716412808977713,1.7760242020826225,-0.5956955183609289,-1.7091838551341474,0.1431607264139413,3.2385167547848037,6.1320620588925525,-1.2455601912580017,3.920696443558072,10.792337949664317,3.3985029838148435,-2.126860519364328,4.672589288714087,-3.23810218776754,5.799472232795133,-0.8129467404452976
sample_202,-58.98607391021675,7.802297862976306,5.567076948956281,-13.844538806048227,-2.8179207316981394,0.7304611965592205,11.001102254424625,-3.760876217320723,-0.7072773182943242,0.9058809706469034,1.1168300923446488,1.006410996834472,-2.2767791166169262,3.1002928833152494,-1.1350241287713236,-1.5071039747737434,3.1838526393084843,3.0469137381062024,0.8023718214312766,-0.07353657616079161,0.7715363735010382,0.3449610178281531,1.4078402520854212,2.8922488969987707,-1.7284088452192918,1.9205762047795027,0.7204107024474055,4.052621892594371,-3.4886624620130178
sample_203,-45.32736816710719,-3.0624970745157825,7.920593848444019,5.987925677886853,2.2256473921452193,9.32995714772975,0.3178304751675714,17.24316242768787,4.2981062558258625,1.6766048276129624,9.382598304351161,-0.9386432700072103,1.7028421447447164,-6.821818123534085,-6.370651258482447,1.6704173952591996,-0.16836246349639777,4.4922721453246774,3.9879898801408014,1.4544431828897189,2.5509370617281655,-1.1479345530288263,-2.9396072278460847,-0.7210550662652349,-4.082032232290886,-2.9599807552097994,-1.1843447371903173,2.4267451927616657,-2.6215982376711966
sample_204,-59.68930356374665,4.420701506751577,2.8940225285151655,-3.083867533829215,1.8687118381065202,-1.1964062888024767,-1.6150879089891321,8.915271450891163,-4.130976817640443,-3.0602907649591264,8.977111699693209,-0.5147166988101809,1.306328472915517,-2.355654899476152,7.447431262290665,-1.7804490066152039,-0.04673650262925859,-3.02759123224657,4.976442305615311,0.8645648152214698,-4.688661608033258,3.722944023035791,0.41477409790795283,-0.4432319022258496,-4.791006384395798,-4.11991016843285,0.7728615833119453,2.7429167435674695,0.16003881852279572
sample_205,17.908042048163914,35.92009329495856,-23.98865868148136,-14.056685213278222,-10.727261713118297,2.8221966293755276,17.585103815598206,-1.0308658580729066,4.814272833122991,2.328810112059541,-3.5835911080019436,0.9164679502464097,-2.964322145063545,-5.3468940776798455,-7.265252248517415,9.051125099304693,-2.846514293085223,-9.136777870516113,-0.7914271808378095,0.4398582086410013,-9.526331158426363,-0.7414701802962417,-2.351505159336726,3.0038385946700097,5.227155997215104,-1.3716649555616032,2.230338081536201,1.9870440724120424,8.241115955744469
sample_206,19.802542921850026,-15.659303478768868,7.015671890660227,-0.8638253035968617,-8.93068292391385,30.847172062434407,-39.38255991246653,-19.858764058611854,0.22187727119117462,-11.147224292811345,-7.977254938905771,2.4314293244000713,-5.53996084677054,-4.6249171902762445,3.3184062485505765,-9.457510336327442,-1.9908230692487854,-4.618606681479571,10.252417818349459,0.48819043186026423,-7.318644425972814,5.412237689367771,1.406793290094344,2.9018197248867157,2.3933490414874132,-1.0934099607972219,-3.8717992333894156,-0.31376776198760115,3.67800663258219
sample_207,23.49957263631236,25.71276790280279,-23.29453598551417,-15.084494472675937,-19.034771462147194,0.2770173229461793,2.7215295395077006,0.9841403889677752,3.6237455341550984,-3.9701163367488546,0.5848008109102176,2.164218059737147,-4.661868626183723,-1.106555814436226,-4.191587343685358,9.027081337861887,4.505360679471937,-5.833747508267538,1.3589417011087364,3.381912172297565,-4.320119195854347,-1.5940949868055163,-3.442131893773411,-1.3467308172990808,-0.38118679743680056,1.378529663776072,2.737687664222438,-1.7978320921609023,-4.742507985438909
sample_208,13.250122379377075,-0.5887575526688306,12.191643290679472,-0.21465718020996566,4.1304705296103945,7.284364851305484,0.8312443417412201,-5.073714381824182,5.728749402471969,-12.987977126675704,-2.3906858923583014,15.411451507159667,-2.4521617765362285,2.3363468348928254,6.687257115935592,6.947738903460434,-4.844767001624576,-2.8143261795488423,0.18390494191398504,1.116422937374119,0.22140386519276578,-5.1311472179170465,3.780202601644047,5.034333336311081,-0.7201445033726619,1.4122542051697085,-5.6848078794560415,-5.993143319750439,1.8297697229894974
sample_209,-3.2465623718670176,-16.927004399981584,-2.606031135516285,42.20446458141043,-3.5238962068291944,-9.446163809971747,-1.76289624481392,7.238430394122294,-3.0932581748176324,-8.939898412423362,4.412177128452535,-7.76005672954935,-4.274718382582101,1.0592202607072758,-4.731691467132496,4.035803865011175,1.2294110651903403,1.2095087146888053,0.7647384308850217,1.7218082935407064,2.3294965343856897,-1.2247058654896028,2.0143086470684715,2.6205580647018643,-1.3602817413148405,-0.43687973301331695,1.7106409244643173,-1.5918115980782916,-0.9769823189701075
sample_210,-1.4030424904885532,-10.942352665074372,2.960513832313462,36.154807754059696,-0.339547167070873,2.585952567140691,7.4598797525405764,12.950223298477756,2.236773388798115,-6.75177035794205,-5.514574264718492,-4.130102350460115,-8.899185779108276,1.0203630305599123,4.765321264841204,-3.3437694877276147,8.041763056877437,-4.631067027683971,-2.507025550233738,-2.635906723406526,-3.752593063444241,0.6496800286662204,-5.713465303251232,1.9285010628579529,2.052154631329859,-0.8364936660169604,-3.198097929244039,0.8656436786280434,4.61160793365069
sample_211,14.688535983572034,-7.850823392621342,17.237708529298274,6.906991230541979,2.879960573047283,14.881968909038994,6.640656097206092,4.521952725076427,-1.142725540124224,-5.2899965123219,8.954198276568325,19.40118689468047,-8.254292492357882,-3.1853338681852312,5.830582280581713,3.796354177920549,-9.535980159642715,-1.596355391927673,2.4062495637834114,-5.384355939258246,7.041544631548838,-3.179052850744572,-2.796874245465436,6.214209804034326,-2.7556907060973406,-0.523064299553859,3.3977834297732397,-9.18758356794426,3.998223363049579
sample_212,14.163297636717541,33.65729956003394,-22.431125897041706,-9.226268060792806,-7.0083665220426905,2.1666946324399836,3.6114885454631342,-1.9193370853672216,0.6578879527755956,-0.5626086259871297,-2.137183080797457,1.301492224009043,-1.1750868338888423,-0.31312370181047994,-4.957115821599176,1.805450476207573,-3.0920196205386214,1.020504152688025,0.3414984398534029,3.4919249327717394,-3.6691457452547906,-1.9722849550495871,0.8842356773021895,-2.572685632488384,4.296737109765305,0.24582817333911905,1.6237107979385677,0.5689915815434067,-0.45699051679465574
sample_213,21.79002705363626,-7.2706497666521575,25.584524761828185,-18.549151749129365,-10.178293470677637,-14.884744061610366,-11.646145502818701,15.717568280900812,3.9677326913152506,-1.165911695088253,1.7504491579411174,-6.670525517272186,0.4041573335622967,-0.09441120677327046,6.339385702778801,-7.475913959994608,-5.717468083512111,6.014515313394504,4.586104945815656,-0.09902216099765405,-3.86685743099918,-1.6015762452126796,1.241766095159046,1.680374958933735,3.703757055200966,0.18156806336555092,2.281857875357843,0.7964910762474883,-0.5171352078600069
sample_214,13.497970000568992,43.48736825892532,-22.32351403240323,2.854077923834439,4.448518468165695,0.7077556544414196,-1.6304567006918187,-0.5901911451075517,0.9527491250837038,-5.528792704653114,-7.036873228041642,-2.947669703820211,4.091026335961869,0.9283841820435068,5.148040375351833,-4.111054585280461,1.668619221889578,8.424349757159446,1.21861909433859,-1.3377472719359247,11.904366828918771,6.563879390458776,7.600809803215448,0.4837173954655979,-5.493043715323319,0.8526193243891363,1.751079281192165,-0.6581615254197003,-1.254320117644887
sample_215,13.788619293624564,8.44082838653459,24.208057833750164,7.0910646341484505,20.567767903454936,8.521191542817114,3.3438726399633087,-4.756093437390145,0.696559633711198,-3.506210824715074,-2.98306013108671,3.6106820821430516,-0.19799517973185293,1.791630912926276,0.9889756393780023,1.8746852481875569,-2.999152247749832,-5.206641230321163,-1.2594394701375273,0.6384493549212704,-1.4253052095478846,-6.597842858621518,2.468511014199148,1.1952206251742847,-4.103150577266934,2.833229893706676,-3.80773690798496,-2.595743108362429,-2.642655535372702
sample_216,20.541342340116994,-7.368298087058082,21.06138783487447,-19.112069230813447,-5.622412713444998,-6.217242051526047,0.16172075708063643,-9.568518430096638,9.18270265715266,1.390590756404748,-3.659631862204145,3.769305043804889,2.9444973585110468,9.539964771276964,4.602062841319509,6.784955397098612,-4.765293946668355,7.48657631561595,3.335079466554375,-1.486781672225987,-6.387753620329948,3.439545261244719,-3.8938323944160094,0.225169376428881,0.6557465566025228,-9.443266589524457,-4.184594014836643,3.4121546813257053,1.5464300078399191
sample_217,12.506236030834206,0.8640571392399171,22.21210836829302,-2.9347532255026825,8.429836421593052,3.697640712429016,6.61420730314893,0.072211784500493,7.2786158212576835,4.0228644009361805,-7.746059921800245,0.1827065292500907,0.563986175260342,6.85470097164545,9.02507110548941,9.462513306053504,-5.1046905686292705,2.9497708864259886,5.970286551560693,-4.955021273832885,-2.4152661630621943,-0.7171493833527477,2.359397566812886,0.4638706714082213,4.431039302932765,-9.400931615312025,-5.523755211084878,4.703045833155035,1.3802619344747802
sample_218,-2.4710795762048057,-10.5881817146503,-1.5361813837256177,38.88429368956972,5.858848401261685,-5.830229324293927,-4.3635918222904,-10.87532615434313,9.578620211748953,3.9340397802434794,8.126699923768161,3.281130284323798,-9.71095673424896,-4.410794020785875,3.6826834321212196,2.3021347845744202,-3.44927671454069,3.4020970718468146,-1.6831324888353285,5.5472622451410505,0.09561130036132838,6.62022799318193,-1.8464478839749006,-3.7785623656194787,3.4357023526656483,-0.5106567527075976,-6.189546491692724,-5.178791429242174,3.740948667033912
sample_219,14.998446910677961,-0.4145339317517147,24.933297029950104,-1.76697019119595,3.910303035523023,-10.32380702796887,-5.048465578869925,5.084230487816742,2.114001157656149,-7.937290073601198,0.9550869090875974,3.5846025601608273,-2.409280493729289,-1.812183639515568,1.3332624932696107,1.4164888634422588,8.640489844206407,-3.4048312122682733,1.3694491083124178,-4.643976524039947,2.483609911319413,0.6463620511046525,6.73943613859386,5.58292556419002,4.718988143141877,0.0005378458028943202,-0.7989333773436986,-1.7602094475438572,4.743285112549355
sample_220,-53.90101115205843,5.053880643743731,5.119591373188861,-14.684015981637165,-3.565702278031426,3.390459695813166,1.4319094465381608,-8.714286708464588,6.828701627219916,-2.529473910663963,-2.4495384356266143,0.6848062269998715,3.1594668368976926,1.8164732782687765,-3.2794396085781887,3.404987986717779,2.6987061735577225,1.5866456196717775,-6.062988939092664,-7.334239458880184,-3.3997951171759064,2.4974857788018405,-3.442753601111734,-2.1140326143826016,-5.045010826573007,5.78480177076385,-0.7450091937987784,0.6939571487871075,0.10866589369484349
sample_221,2.6852541252017557,-11.63909624108998,-1.840979836724756,29.665081647269847,-4.831567619812166,-4.523784050466901,1.2397717599078393,-13.616306379218397,10.992497831961328,-10.573432699167352,9.933798102655693,-6.539792084915781,-7.99599189114318,0.9848784609173605,-6.4333321331701,4.986181671195362,1.1526257197192498,-0.26313366639265395,1.5062879457785,2.8463666353844106,0.7769124681205474,-1.6681461433799911,3.757214917876951,0.4698352356023551,-1.453981289889332,2.9484592404480825,-0.13186975085807717,-2.415553207093432,-4.898417747102184
sample_222,-61.4884176032717,11.178160765347197,3.9284301718423906,-11.704424929601382,-0.11093625674094267,-1.2182281430122006,10.045959897410617,-5.784589120913054,-5.260589620482328,1.0319640141237294,-0.7577927969219207,1.4191978657862723,-4.638599299083497,8.213703088028778,2.4460990500871636,-2.7815509049883897,-1.3508836489188962,-3.4108243378325036,-0.8611142390863886,-2.555438512918441,-2.6609768506733067,4.701330654529397,5.660692165307025,0.8385846579390066,2.8980378204670627,1.12879761935496,2.4019921300265135,2.143877173901002,0.06291750944039012
sample_223,-62.004523590338906,2.876320684987492,4.42960980841158,-10.99796233507877,-6.922745129488996,0.44613630658147413,8.564439349080095,14.67741541090652,-8.951036828279308,2.1813589412028986,0.32792735477362006,0.9976355386779541,-5.0817673572395785,5.16092430386417,0.630903214496583,-4.498219961130521,-2.1122235178558357,-0.2840222812045256,-2.8509650856644315,1.8760241981520784,-0.48527214332989266,1.8619771400469287,1.4381637335074116,2.68691763600724,1.0932557197762047,0.8523308028024348,-0.9789633563332598,1.6925399578673164,-1.165146442172454
sample_224,-2.759982805980631,-19.75754972699824,0.5087125786350541,35.113029113729226,-4.49193173272915,1.4335696051453564,8.035873114447545,9.104466479260681,8.1789061552846,-9.550117061190887,4.642787138858899,-6.247988848544934,-0.5981798879364226,2.9277629105251224,-5.922427182457858,1.2387926627877865,-4.478969151878481,2.721195990724585,-4.850471952846332,6.931107485062962,0.05779630349329862,0.924122335983752,3.282309960832607,1.2715310542086191,-4.746090255824312,-2.9948442318860393,2.060994192213279,-0.36190588708635507,-1.4980645617710624
sample_225,7.048195777177788,11.315256886454193,27.216618537571584,6.787828424475007,20.438570405495888,-2.43138939214064,12.196211408657895,5.606185786754005,-12.606744887318404,4.2505479590271635,1.7577535974215248,-3.6843458392677317,8.140694753815252,-0.7503110609333623,-3.5118199299290076,4.329546614987692,1.6083193434151088,1.837552651528765,-6.017399956524479,5.979355837601471,3.8321400582439553,3.4215449535083295,0.214660371610655,3.939426301594796,2.961228589994558,-1.9855267513414285,-1.414857392446291,3.1373069046711364,-2.4716617426687586
sample_226,-60.258718936741595,5.593659191517662,3.8867335293580076,-9.427020943027856,-5.8342832730015886,-4.506134457135645,2.6944273093730575,3.6946471421718643,-9.19197237482467,1.2146196128729476,4.059904834599475,2.738983738943368,-3.1314729471110856,3.358958512749044,-1.7374880611424686,-4.420992167400863,-1.8933360495513212,-0.3902101631502371,1.2950671028343428,0.7806817363574907,3.1693352393658056,-2.0712660945613153,2.5417858372341686,-1.0630416187995377,-0.552383143036934,-3.6810847519646215,1.0988967225535695,0.08519562136991651,0.7211034386127695
sample_227,19.196579874029126,38.278027970453124,-29.10782971378206,-5.045661764055109,-5.99883937449189,-2.2258599776990073,-1.4230190287972755,5.649680610578946,-3.1860794768858387,-5.111144166520967,1.1069658775667433,4.1297556291360795,-0.9990290862389524,-3.4765314954900246,-4.455907295515952,-1.5571535028083345,-4.898553121741971,1.2377668378495166,0.021697370878696443,3.312443730114333,-1.8716409330704145,-3.7594003695010754,0.3961242547212896,0.2606119015493923,2.271879060544363,-1.8450767129193608,0.09340563980979312,0.1687369625548586,0.7399059568024063
sample_228,12.450187854164938,4.923771223395501,25.27772319292067,9.611630577797264,16.23846008441307,-1.657553333065005,-0.6806321306438678,9.377202420556152,-9.115201973002563,3.1395926494676476,5.065951145299012,-2.2455674514174486,-0.8457692960261954,-2.5467958231472276,-3.1369495263809557,-0.9066542459120757,4.0688696720928075,2.1986859643768177,3.854287998916007,4.013342271352208,-1.6896995888039987,-4.942804347265891,2.60887882240553,0.8363002876004624,-0.6904175469102617,4.2251271559340475,-1.6812487303673953,-1.3197178541800985,2.65346703689598
sample_229,0.28595508217315313,-19.889332472285982,-2.6433279204378315,37.03925848653437,-7.901883788553301,-3.2080727161351916,8.854508938382734,7.999375822564016,-6.2304156286947485,-9.83620304578459,-2.113434816335401,-5.261223666062424,-3.0187981725454214,1.4243005349254687,2.857366972120201,0.7353045375377958,-3.483795866561032,-0.839502875346312,-2.2501184032961223,-2.5644605318513425,-1.6115307086437036,0.661637893609725,-0.7787015829157947,1.5569693838549146,-0.6829466369207902,-0.43837741294302807,0.8595363059897233,0.14941758879575492,0.30205591887198785
sample_230,0.7600974605484138,-23.468550590827437,-13.202569295453252,22.42774737821196,-12.946399321571676,-13.738293741809773,-19.220703356632296,7.204010621122381,3.985905178711441,17.15163351758631,-4.620707843246331,15.702950829567873,9.704478944426597,-1.9597020465924062,4.982120375789572,-7.90566327749047,2.5563672921337637,7.342665737190516,3.4205532010745605,7.197896098501712,-3.923520757099384,1.8861777319642414,-3.21239261534155,7.626514339090517,-0.19288511842191883,8.979589042544982,-0.721006870085619,0.45312432883047293,2.8309200628243465
sample_231,12.51300502545113,27.7970716236357,-18.921431530553374,-15.390657076071257,-12.082193363330282,4.821414566861764,15.264083101929428,-1.2804159043047492,10.778248356234302,8.960935780683236,-10.5608118777069,-5.649623587818993,-3.370969212979447,-6.184526859320444,-8.651428598952565,11.110530607613422,0.3998546206884589,-8.436387524865458,1.505068754724367,3.034946423651021,-4.916940359177154,0.6104113720894725,-0.13748270531021745,0.5643341012122655,4.652342936328644,1.3272812154226712,5.077447158163547,2.5324827414108855,4.255649525722598
sample_232,8.73279989601047,-49.79353519091967,-36.62201596328409,-24.550567100979425,2.77651207537984,-3.5815633228259025,-3.5467573115801576,-1.602515533955355,0.6716102687696466,-10.978733553778305,2.6603492644403817,6.9436511721609735,9.014635570195777,6.267971718699462,-14.44092546405726,0.44632295831706276,-4.495447281058553,-11.072156731792889,8.338796461802962,0.9118095990976985,10.513748579364671,5.705909434658304,1.7668962812889895,-10.577863286760339,5.150391631474071,4.24333789241322,-2.3613942872579314,4.083700492025164,1.6663056367721711
sample_233,21.802377407866093,-7.822961510668467,21.006818245093022,-17.85348283268154,-6.796084558239571,-15.975048499038452,-24.669848080659328,8.117942862388698,5.555916262291122,-7.267125042866938,-7.203056595323593,-0.26978102188410175,2.6726074736440557,-0.20164938313041902,3.3500990605059586,-3.345875811471362,-2.4064754872322647,-8.086140487991258,-3.0936904439336566,2.994352337906267,-0.14318292774749813,4.837971611114585,-2.6503091090377837,-0.8112866927317034,4.26859599111388,-2.3172875375929993,0.18200258787299975,1.6608171182420342,-6.130892136520333
sample_234,-61.75681776508177,8.813705736573063,3.2816259501826655,-14.343681849698951,-5.460083511386039,-4.017128892066702,2.1136569565933243,-4.704552509530414,-5.684928590845883,0.5489578434483448,-2.9508705891931006,2.984603710542628,-6.926438714741965,7.912138708504899,-0.19908301606685602,-2.8379050241917994,-0.5813696278406333,-2.1005557471782015,-1.5261488230789377,1.6469950488985228,-0.5134334454590669,3.148198525496109,4.032108844947751,1.9830788925519385,1.2877699490039798,1.332346598890747,0.15430139168471502,0.027060053692833954,-1.3101162742962145
sample_235,10.9439674697552,43.34141783807633,-18.850415399475263,10.203778493087487,12.884928692260404,3.3773338150512924,6.546663982476101,2.8925697096584586,-0.2715981845604642,-2.945393470947918,-7.762985639469449,-4.871634527288012,4.6326098056954885,-1.906772182144018,7.76970714994473,-7.369891063191185,2.625297422005608,9.23067676897099,3.0720218358247418,-3.6395918963369907,13.001864259788519,7.185020907657903,4.000340659657396,-0.39967848920693927,-10.582836708323727,-0.305898753936038,5.087123603681742,1.748286352979502,3.6724075879968328
sample_236,-47.30920487132014,8.413825331269726,7.558065284869665,8.220031200831727,10.058843295304763,7.8736803691391914,-2.9008521373502516,3.1336904340194547,14.215290582845691,0.9717459071488155,2.2401436635753007,-2.8352591488784005,11.905491968152766,-6.646364841182355,-7.525001436137259,7.0359275111079285,-2.0084258835782163,5.262415540650711,-3.9156418429603486,-8.765713709068903,3.010810137150045,0.4822161603815606,-2.9685337232747075,-1.6064112093566707,-1.8119649895022931,5.601637851007864,-3.127135835655746,-2.9326167096680233,2.335651765055777
sample_237,1.6565274868044018,-36.29372674689584,-34.18545335594759,-15.358653964650145,25.952640231023807,-2.084159788488656,5.045006410189126,-2.8501015007903354,2.000320845035252,-2.4705356824475992,-0.4881739472415375,-1.0582783248150756,-1.4297706556701082,-3.123748410136637,1.7784448048417176,-1.3410788822245605,0.46589411603568814,2.546575128529861,0.6328823821566035,-1.8317140704296961,-2.9596012169068846,2.7409018755897088,1.5940890931096912,3.3737738588837383,2.458328749161221,-0.7881670405301752,0.4413917035766228,-4.706300323300949,-0.17753254923978967
sample_238,14.861157485478456,-0.4740065366724538,13.426013476515125,13.39190991453109,10.221494781826783,24.975077981141826,-12.981085003060457,-7.011402234679309,-5.7389065477014904,-0.1673356325406224,-2.68696082551589,2.0767423884480953,-7.803535923516083,-6.828166686567337,0.676065349862135,-1.0969820902699103,1.934408813131555,-2.0537161007464926,4.571518649512149,2.638080338426764,-5.586909865544643,0.1368979033300936,-3.3900615734504034,-0.23655648366260065,-3.5543213627258305,1.0046226272909182,-0.3691944411601643,-2.261354240233925,-4.011243590193264
sample_239,-57.04870625523543,10.489611409117169,3.6520341293962404,-6.394241811979291,3.383648282796479,-1.9466511911203963,-1.4151917999092363,-3.0035444394690427,-0.49882591247803093,3.0002743288561584,-1.0084596946557818,1.2564497397945071,-4.837197163981382,1.0800049207751956,-2.3499946937588545,-1.1183518202629605,-0.2791592302890971,3.248558284150144,0.43025569846421796,0.992964163039298,-0.570899971634892,2.2539833858097453,0.48310655511217543,-0.4862691644296173,1.775023602811478,3.9205733856478444,0.9813994603409205,-3.7653751405926816,1.0485879011176178
sample_240,-56.80515019964189,6.939706055839225,3.102220439643956,-4.528269446863422,-2.5178989235833047,2.117930330850325,-5.639595523477716,-1.9333093721693884,3.377391868663035,1.2989529434474953,5.5797395867074835,-1.7715380945051324,1.528317399973434,-2.117198505098741,1.1908937578223278,0.015142527191122107,2.069962497367174,-2.0741765635356173,-3.7107790803140697,-1.3207097176081857,-0.2585079264702492,0.5187382855086631,3.5046773251120995,-5.021831336440077,-1.3001779341510047,0.2587626145583867,5.160614494092245,0.7953577547440148,1.988009483070708
sample_241,5.174738379919429,-19.89499038194924,-0.03363060915069725,29.27273000704972,-8.150585599938019,4.588222221720165,9.460257778618402,-3.6263399472221014,10.794582982803824,2.345550462164875,1.9689788239429877,5.575311647464743,8.741889042732327,12.561266863257858,4.745293924335671,1.4332310719444266,-4.068533388882577,5.277839646289701,-0.3962220358743114,7.586545496775416,-1.1354091387300942,7.349564885950014,-4.431069306261802,4.159318119636776,-2.142094356730575,-1.0966274487039842,5.086559652474653,1.7356317456314778,10.416326576348622
sample_242,20.93820061570964,38.28891886748886,-29.95006338880153,-2.247586758955422,-3.2049114474535054,2.984791438087009,-6.650577276389733,-5.258238916903141,-3.3546570835861718,-7.41966869359993,7.173434761164422,0.7392028144752977,5.660937724764324,2.2496217323940275,3.0933013764653685,-7.405177257583036,-7.075569543462351,-3.545111547818556,-5.007338605680534,-2.4353393604899822,-5.738323749082908,-3.086147175553882,-2.8798915994535115,-1.4959703457934317,0.3006797188212953,-1.013994823566726,-2.0631423927336496,1.7961597222839085,1.4144786181381155
sample_243,7.106860505947133,21.735370900340786,-3.491947375037075,14.501312243717408,14.904815846688143,9.87406967621444,9.235569191507368,4.104594644964553,14.25958769114451,-4.819297097659022,-5.440040187700453,6.531601434988961,-7.715471953267928,-2.1851426408054824,-0.768269194439543,1.9026519581439811,2.521871617504381,-3.072347395151441,2.121683015572754,1.4747583327670128,-3.52360279051308,0.7983784545652713,-4.735682916961622,1.86834146226312,5.929781740486455,0.2922177139051731,2.7060016100509974,-1.7358942444525292,0.7593435179016779
sample_244,-4.775150911033925,-3.1567474813014957,-5.701925895939704,36.67495290061819,-3.0374088734414384,-16.872781373710566,9.237987589649626,-4.8024130372023155,-13.472697593110366,-1.3335343024362634,-7.748605464917781,-7.827654108311772,-3.923539509988233,-9.38507711111226,3.0968941517702904,5.621071784321584,-6.595575976669946,2.7709917966039854,3.677928739345639,-3.399229407470063,2.326701535748342,-4.274845349120736,-3.8438651982122463,2.7211940904753806,5.237770294880521,6.01158614239879,-3.8963088856932933,2.4650235451153457,0.8322619511064305
sample_245,1.6369031640948353,-15.891882798742175,-9.765480662045045,32.55626603945029,-11.379382364246581,-10.333202516801581,-1.8674700984659705,-11.099175160063021,3.0531296793060783,14.053439371659781,-7.469973106379797,10.28013228044555,3.28182897600086,-2.2598598600003483,1.525278113980218,-7.914345606774659,3.1806663201175422,4.928539157281136,-4.684729507492018,-0.10667514367395102,-1.7576153171321909,5.077321793775131,5.100943648201911,-3.2368647808575455,5.629672046793013,-0.852788381527861,-5.244681662465019,7.394278748564811,5.235383347281562
sample_246,-61.87415036931759,10.365657740733925,3.4362364659931646,-7.254013489708073,1.4468990920866327,-1.6195601210499884,-0.3410608346810891,-0.7949075089718115,-3.9785385974150285,3.5699796226558242,1.8350466889562052,2.3069152320228206,-1.37377448540268,3.3217931627329307,6.017248549413871,-2.2853568383659164,-0.8814430437305486,-4.06044944967347,-0.7540526969187821,-1.6295189513281831,-2.4453247539294933,3.030230421450907,0.004268539744193891,-1.0324363573668984,2.541746385917792,1.6623669502781273,1.9771902697701882,-2.0573360735743202,-1.4568109801701206
sample_247,12.193454837187696,4.9660975858361756,25.026518270029705,7.721754711437094,16.255861504208983,0.32880605200460883,-1.5270623622460433,6.662400372613098,-4.339310382196183,-0.38268727705164696,1.8303503434005866,4.105805361906771,-1.6106566002742515,-3.482962357853678,1.5874120208545355,1.1028748027382833,5.873550790864437,-1.5231511089667438,0.8165240092183822,-0.25620023003282566,-1.402275790574553,-2.724823046384168,2.778458030652657,1.8372269920670985,0.11905454429117322,2.877678855620225,-1.380264344030707,-0.1619498817292065,-2.890608703390783
sample_248,6.667843951447802,-10.440786093227006,9.518779838687351,6.601975648110126,-6.053110993985953,33.99945020426441,-0.5052294743834597,4.657017837997587,-16.77347201435126,0.2784347425836183,-3.7351782499836816,-4.188126562859773,3.6854226637335166,-2.3764621584673975,-0.21163161635683714,-5.767103874759986,5.731487240650834,2.6049948707180053,5.109324788470001,5.09900505505747,-4.506683860059008,6.4519040878123475,-6.05138707661483,5.779731507042024,-0.7933681464978282,-0.7424501880090264,-7.342609620565969,-0.7449661450114101,4.056898851620459
sample_249,5.735473897176937,-34.89715227654745,-27.76947440317797,-11.281187231745669,14.086215251293703,0.15660772415212057,1.418560621128841,4.826769289787556,2.470015871418628,-6.711214212826595,-0.29016572294360404,-2.1633436940703605,2.0717189445211464,-0.5773244387183909,-3.8229154773611165,-2.8245627476172874,0.628282587448076,-8.507729192821278,6.804604108747156,-0.0867994192658683,4.249844644304053,8.882265656674939,-3.4973008227406326,-10.705866779797885,2.5048279100242534,2.1758767041021283,-0.87202308711627,2.2572438464539,0.618070472208174
sample_250,11.435613275145778,-11.130601186914992,1.0838928465787536,-13.734297059339625,-27.849675891910692,33.42351371982814,3.757987397624711,-15.867841997724511,-6.150116986350893,15.419353965821683,-6.903162583140004,-8.62006335323796,-2.096744780892683,-3.216330264179863,-2.740111477976377,2.2722590606992212,6.778204332216338,0.1763053640713157,-5.6293548139086855,6.150854112220784,3.4392572971015007,1.9480300408713176,-5.8048821908386,-6.825519819191476,-10.937498517352772,-5.024690798897428,-0.5164807606334915,6.4850781624811145,0.5666120044250866
sample_251,17.424625717675188,40.41142555256436,-29.02878520652928,-9.418602199282748,-14.309313197401877,-4.374308214570825,1.6279872736654604,2.8351524141946687,-2.695372590395934,1.375185834005459,7.565020497403403,1.7651659418584709,2.175237687416343,0.11507525196766616,2.0928531150506515,3.22479385622107,1.5724030487796448,2.6006252042089013,0.048330350587390054,4.93952572217023,1.8588966600593317,1.4553970343793503,4.748751016681727,2.4521339369766486,-1.692373281393005,2.2873702555001194,-10.675599591590853,-3.9879266174351775,-7.408467967291913
sample_252,1.3499209013008748,-6.2356927809821,-17.588697554656505,10.536662583258,34.37082115495968,8.103471307557477,1.1567525206068607,-7.401020825858083,11.569749183257365,1.1072980492159155,-5.671214716890638,-8.073814359234515,1.9256956806772545,2.424658339088099,-2.348615022669604,-5.083846480379657,-4.8012874883889465,-7.926544190610557,10.20978637870532,-0.3781353968182111,6.955723077932097,6.490865992553584,-0.7045020416805293,-6.463184624847356,1.2256749181767412,1.1112847821332144,4.111330140711763,1.4531214277794224,0.605022691726606
sample_253,17.54976066318358,6.216588149389526,22.86931341382809,-1.1754709726114347,12.41151591902499,-2.5239731424410428,-4.872862216257438,0.3182572604026664,-2.74339196765316,6.1450884381037865,-2.6105760955328114,2.9172264440571074,-2.7908220940125164,1.4906011865700617,-1.4973559834555374,4.055458321181588,-4.5144879098277,4.50962912052323,0.44136287334012675,1.0135116510303908,-3.7556396833569363,-7.586968227888397,4.934418550364656,-6.054466602865035,-5.269302155252969,1.6323742862376365,-0.29308387225842686,1.144030732184922,-1.3532757521831182
sample_254,19.719643000003426,35.014083384898505,-23.82583255614034,-1.317531140871657,-6.20604887744573,0.27827482499610084,4.195610173649566,5.175709893846032,3.9248425430814264,2.334739959327705,6.031272872957437,1.4436932357233734,-6.951985887334231,-2.8614234197233257,-8.55264268396326,3.9546846011839882,0.4948493540429995,-3.0894946806210304,0.18942070189512958,2.883792444745168,-7.382324861464969,-5.010212763475825,-0.860667882055037,4.307086257197443,6.079968081428419,-2.742296040030446,1.415692195794656,0.28812698064184716,7.408152884945714
sample_255,-61.92435089435461,8.225995410265787,2.779600699366678,-19.103286556192284,-6.462842746077126,-3.249151755708835,3.7825758128398124,-1.532480400394821,-10.365762869101,-0.6634182333131907,-4.1742575582407895,2.6907657387713315,-6.198276196159137,7.83665717762785,5.486365860582511,-3.829949154360771,-0.044349339632185694,-4.309964492181189,-0.039302966643305,0.9948927901359944,-0.8527379543133701,3.14274762846111,3.3049131539216967,2.099586806810022,0.15840562539172093,-0.43833231598532035,0.8952718019402789,3.64552076947961,-3.617838359691873
sample_256,11.072257870666615,35.71873304510087,-20.458813780994483,8.335431495395326,7.766666110404785,0.1894330045978205,-27.516150008837165,10.09121528714476,2.845792378878249,-9.63646570822187,-18.241115816087092,-7.429198567089247,6.5884524850332715,-0.7837016808996029,16.038854762573557,-12.194718735080206,6.427024943426613,1.0284738525835784,3.6690791720085265,-4.2011108898495815,13.880553869418778,7.375829167723476,-0.04106123917168104,0.0246811098758313,-10.501695852646868,0.4292551370662914,7.120037166470115,2.1179512894699988,1.2331312640213794
sample_257,18.272954079796744,40.15598094446601,-24.841593939098647,-4.925314755872292,-4.196706792155741,1.3203169312441883,10.231138306046736,-3.9576843614612556,-2.7531338122537243,-4.441144225399383,-3.584365599069049,2.5877891675524656,2.183845204863442,-2.786775314361418,1.0029135797441482,0.007961119737260358,-0.6741974286861586,6.330006286730039,3.031690259897995,1.5124842507472835,2.1082937195519844,3.451823818600586,-0.14699839411449195,-1.1920705414596242,-4.950871985375728,-1.4554598427214698,1.3982261707077268,0.2593636794659553,3.6211274178828337
sample_258,16.71901560294104,39.24339909323069,-24.56076676315958,6.599673061123581,6.302382033448741,5.994642669436828,-0.4599780037975989,-0.9922380326955884,-0.3800270773912924,0.49422112346016106,8.8783737723094,-0.6502722045692897,1.814377177938699,3.1912394844795835,1.1453020412144004,-5.684032639342519,-8.604348216252841,-4.226833570438619,-4.600665153884633,-2.744307274359214,-5.312096945991032,-2.01193184163271,-3.2376994985546426,-0.6502909121794984,0.734602766646368,-1.6322957137365313,-0.1296178996842246,2.8526469905869436,-0.030610115663547707
sample_259,15.314425565657958,1.6567992159197034,27.722290410697905,1.6412357800984159,13.163958539949961,-1.8826020991836598,7.455299959902464,3.2362303695194727,-0.44434839595700704,-4.478531281895262,4.9039100176360355,-1.413936896847162,-3.0623714768981363,-0.09447797389813908,-3.789832138544825,-4.080271971586285,9.366083775432356,-0.38639482361008515,-0.16371981494760038,5.4680481948481585,-2.000640252420297,-3.128733849984697,2.6434124480818246,0.31313172843067827,1.580466796175108,0.8058494673181873,-2.5719684561972778,2.7433018448559072,-0.42795929216241557
sample_260,0.2621097972105905,-28.485845038450528,-28.4990307065828,-12.7814450312465,24.32994762227555,-0.46986876089130303,12.434300736212368,0.932996441086303,-0.6729240662657208,-2.4188938976928878,-2.2488533488238205,-4.187545927333043,-1.9908871817229141,-4.712948390165414,3.555781527333231,-0.41054782650852806,0.9588700469056607,3.1407896471624888,-0.9967070022888241,-1.4442016737748904,-2.748780199555283,1.8621286916814719,-1.6966203733683876,3.517951100202467,0.5431670337038422,-1.2662346876457928,1.0007128036574582,-4.250541798019503,0.20025470114838076
sample_261,8.884880100134879,-33.625774996026045,-30.220423615218532,-15.66224763024938,13.50257306668748,4.362474471800061,-6.050015150265997,-14.333080227095579,6.666817325824928,4.11831390673556,3.2369586402924635,2.9238435868237316,-4.226970284230534,6.390175070969725,6.698075169443723,2.9291178304173244,0.18337842835827178,5.430538174314257,5.543039876036038,7.031937514583333,-1.5186718075924543,5.737471624600654,-3.93976936956429,3.426129904443949,2.7402838656826556,5.009024994897614,-3.9903119364859156,2.0622541191225925,6.444453417392253
sample_262,0.780514826162668,-15.283454419847166,1.1750286015230185,30.909074738531718,-6.841019626992963,-4.282036988084127,15.97265677629034,-2.394654173056816,4.112733506450829,-10.530997335237018,-9.710035186121509,-4.100576638480245,-8.35281731829622,-0.08131423283618347,1.6576733678134765,2.849640287700282,-5.502751137065645,-1.8032538092111277,-3.8229201203755108,4.497464833607159,0.6122597165340568,3.208528525585997,-2.9723435823279254,-2.4781310989590186,-1.529164980558614,-0.8576413010503747,-1.8869799700975312,-2.6501098871801827,1.5330632599130967
sample_263,5.168029149402955,-37.27675237706552,-23.012212519713195,-14.672109016008699,6.989778633343943,0.03622353390104274,-0.39092410804465,11.800981889710847,-0.5442798500854608,-0.9289070844921303,-0.23938900552104395,0.7078130792056643,-4.762394574443414,1.605501658023273,-7.569964153006742,-0.2992709350596787,-2.7251365186945646,1.5255544792394806,9.451040944198164,4.203420273636565,7.091383779533899,1.6157628977162388,-0.9209889468134215,-5.264518100223202,-0.21982253589425535,-2.9358914581802726,-6.552061854155406,2.2107412142476504,7.5396004922425055
sample_264,3.6703029681736945,-34.448796889373305,-29.180027635776707,-16.664189259668763,21.10733341500083,2.2078830672073027,1.0985919821299823,-7.158606928457261,8.812727394382636,-2.6167050843757567,-4.233975039656357,-3.5165108307607307,-4.446326731880679,-0.3410534427373641,4.308441956612668,-1.5190658535332482,2.4643037056837933,0.2956902341802155,-0.5130571745497815,1.5383851930335617,-4.226637294959139,-0.7368361976028377,-1.0245164629080257,3.9508970945112525,0.4075929161801278,-1.910038875201341,-0.22622546644120117,-3.0571126147062695,-2.04135261721176
sample_265,20.648978460368703,36.54562787159204,-31.15342688069584,-16.94456582484832,-15.310568143724936,0.026630636869875365,4.298737999585899,-3.0008096455290802,2.443770562035768,0.6205282124029785,-5.27605822719867,0.8850583069095093,-0.35750812567896034,-5.085135386532563,-3.6504532326768477,6.278511168225776,-0.10256421780201501,-4.501593426069474,-0.30333352315421597,2.115743597150472,-5.339702236869451,-0.2642282475998152,-0.08719319242712954,1.651169805168439,0.68662719516877,0.8758725547709764,5.2146313110071905,3.8773411158413245,8.105647454800836
sample_266,3.839682256295107,-3.70104891100007,-6.141699963456593,18.04822837437029,-1.0676461417717718,9.576677296091168,4.083694854682946,-7.243394405813291,24.236442846242245,42.606231628304165,7.20490749553348,-7.356088537759999,-4.095577220529609,5.3716298955959685,2.6467157061490636,-6.932111900543553,0.1347043582066001,-10.455404908034623,-6.494461962100004,6.403989366162704,8.117070321505993,-0.3839420724705355,-2.9690272377777505,4.649229329713195,-6.771463812797276,3.980706487118425,-1.8572282923185361,4.435309506999107,5.327371684636728
sample_267,17.61267797620064,-25.317155314718242,1.567961833216542,-5.970131088974821,-18.324872868631118,31.868947588138386,-1.5209689165960936,-11.857820292637829,-10.263201147759146,-8.5104148389612,5.911562665880434,8.028284744407152,7.6211961441057765,15.040151750459906,-4.9324757165246655,-2.239240108058705,-2.306713452056285,-3.80174978940947,2.0118826380975197,-8.512055587742788,1.3736857075052324,-9.092525966436721,-0.30560303211923867,-3.229520096154785,3.941514451361433,2.0839396699964787,-0.06043740919549085,0.9209375736259192,-0.08729963471858132
sample_268,11.050934574197656,2.876450341536905,16.687268540754765,8.580929700836009,16.74864862393048,18.099734640686187,8.671888141137464,-15.012729839692101,1.5112446941492363,-12.151766674328622,-4.876237840036594,13.918973870182302,-1.8541877680147862,4.146286230104057,4.512194389318713,0.16430407370368166,1.4603565862366696,-4.673009993444872,1.9363955697590485,0.8317001455772612,-1.165310910508684,-4.679782557088078,-7.512508053859686,0.07166342734260946,-4.806128502481354,0.029285688528736354,-5.7320110761195275,-3.201957813603256,-0.11110803738782699
sample_269,-44.31705159043127,10.611263922526236,6.470270973358454,-1.2267097674875476,5.194254711636891,4.215717111137121,-2.546452138617421,-10.617810990810563,10.116419020376682,-2.8780016894113585,5.407290792281697,-5.839222274882708,7.516167098348573,-10.049174988105106,1.2576380980715212,2.5704068141893255,-2.2597116411630624,-0.44884795360611934,-1.154618896713787,-5.340494050234387,-3.1555204633222127,-0.513981786784038,-4.716296806480458,-1.9602595099256037,-6.400514280615075,-3.530072457789083,-1.8433882350242237,2.427801595092237,2.0269347596156777
sample_270,-56.0422881971759,8.611615604931892,4.78744450643665,-8.34658393236207,-0.2878623012342394,-3.5444157459561074,-10.83609947208219,-4.895987607250871,1.467946165873338,1.6773745711408279,-1.5750955939072249,2.9620808008841406,-4.39058892998695,1.8784055549091818,-4.526166645115372,-1.5580789196010143,-6.644980398588948,2.541706989660586,-1.3313291128741662,2.035504194662127,2.928743167339629,-1.01257393548242,2.430095607957731,0.2650046921123451,2.8348289948087597,-0.4485833844215806,-0.758820678620669,-0.5520604397154873,-0.05695623718543882
sample_271,20.452964727682467,-8.416293572778091,19.90534025789705,-15.319261199435916,-6.314794762832766,-7.632875693034317,-3.1962947697741644,6.012790595269102,-7.72261126487054,4.627110601558268,-1.0249353392809413,-1.2713547163470758,4.16964731203989,6.2790298989998155,0.5736225297723367,0.32954164549666903,-5.693082363677566,7.33166873089688,1.9163215709717003,-2.094522939574451,-6.406731448299668,-0.5250776335844046,1.329603935274155,-4.929444897235175,-5.253859669922159,1.395298633559707,-1.1238068724325436,-5.881993448868263,1.8679210050093977
sample_272,5.070909360820349,-47.748986663260546,-41.294092429990215,-29.561733872202876,9.721209078343131,-5.171827954503915,-0.8575610966929315,-0.6804455651107731,-5.296500953522762,-2.1162616555622433,1.4903924739936252,-2.5869731000645384,-2.8252716339167336,0.5939207742205224,0.8108692736940881,2.0731077082695024,2.0703628325855368,4.662016772936124,-5.129590806379381,0.24397896666722296,-1.3452968913537175,-4.822252298483595,0.14711674597571006,3.307523070326875,-3.6768092070377083,-2.25104309930634,0.861429170439072,-2.5920159522552595,0.06383785184284838
sample_273,15.073871358489283,31.005206173772606,-27.218048079033885,7.4303877169278225,2.9872970013431517,-0.37239648853251206,-32.18459253047209,10.323244404553206,-2.5921549746172254,-5.834775567029174,0.007923174699823274,1.7080869004439716,3.007567914860243,3.4844488918000054,4.224845370225251,-10.992839268181925,-4.990250110425005,-4.291895883017469,-2.5462310908408265,-1.5751456484707094,-2.8226174611814816,-3.2412487303576603,-3.1652601205777886,-0.6739500023118172,2.58156431424887,0.35316523526624777,-2.4775459635639243,0.8064535721142362,-1.8110005976961627
sample_274,-58.7072222766822,6.418434948482026,4.115037280596374,-9.116201790420812,-5.5463376163418,-4.374384017158714,-17.593212722521788,1.3232115492536731,-0.87284882400666,-0.8163376903845719,-0.048482217494634806,3.1866524565852483,-6.4788936160702875,0.8946552825406484,-2.625591448453334,-0.5882367151930201,0.33273202981360883,1.4774915424920663,-0.38506853797903445,3.314146631148091,2.221541388387964,-3.288050448609142,0.8111204976386734,1.1466987119617191,-2.414092085639753,-0.8100566364539034,-1.0582115443318931,-0.19387304694318863,1.340550003772345
sample_275,14.40339448415629,34.4891513536796,-22.85181509811599,6.461752979225083,3.5823820557976815,3.4462651804260975,-4.38426531453706,0.7390755765267881,-2.8090864205228607,-2.484291271268142,2.031719233763488,-1.2821078177614587,0.7181595214747848,-1.5386999686545912,-1.4585938491988066,-6.156822046952621,-3.8102932150488162,1.3827126680321773,-3.1469756965985964,0.29013510134261605,-4.398655115857884,-2.276426708049379,-1.7452448276729475,-1.34368223365845,1.6691384300922583,0.19181495962656842,4.0142342029237685,0.7750851496371876,4.0038948949191875
sample_276,16.618464817025536,0.44776035564293004,24.461807670999974,-2.534826915028668,8.985436799114174,5.037803054712179,1.556423602565189,-3.0449097470460367,6.542578887058269,-0.6633792704752162,3.1316991341644482,0.6062029122644947,-8.031371959674901,-7.512996635361417,3.497820158714556,-4.9076358653209455,0.4320941126249302,-1.619499882683358,-0.23237614010718377,-2.58546949954764,-2.825397202113458,-5.4637945916136585,-0.5620063171516381,-3.623550773622537,0.7173285105558989,6.766022868329062,0.18187580218057106,0.4935461990452729,1.5242860300970502
sample_277,22.043456913327017,-8.858010550203222,13.88143068781436,-25.084874923121905,-21.40832954345802,-7.920881445908015,6.2408875486556274,3.4439111427304985,-6.27188413538984,6.18572158321605,6.0406934780079515,5.023169617821272,1.8864399763191377,-7.4032358651378765,5.0293680429286844,8.221098969848942,-2.8079873231581987,-1.0484831305601485,2.4325228960600933,-4.530002681324368,6.77616240248462,6.606617470674129,-1.2003435084861804,-0.02662033600700629,-1.583105499123732,6.661199113878797,5.039805931209068,-1.1628108301977018,5.431887657405162
sample_278,-51.47356641299755,11.175886327557432,7.183936278456583,0.7697742705572654,6.508787952945662,1.9552549664924495,10.640713289519647,-1.8031411465825469,-2.9554731802714325,-6.019361706388815,2.748380375294934,-1.2910274760605371,-0.10556573391414142,-2.6751818030055663,2.430867658495911,-3.055698052894255,5.192903606069523,-1.1855096496025364,4.685005717232683,-1.553991399330801,-3.260404039330622,4.016571174674447,-5.117853292036149,-1.317599995048913,-2.328488213560554,-5.056144377476608,3.980805219668736,-2.468681520588701,1.9718272884863322
sample_279,17.141895112651127,-2.111312437367184,23.77903423650607,-14.666588751364548,-3.0761094454547258,-10.248743525278185,12.897391371517255,-4.046509512883754,4.106519442358775,-4.351109556720027,-0.2662945729503027,-4.444428074697747,6.371033108817005,-0.551197115213888,-6.421334381822325,-5.897591882528383,-1.083737532470427,-3.6354586969258444,1.1148030561619213,-1.628692434201907,5.057565763503818,6.565051837274472,0.25937863876249057,7.356022285616056,-4.718579811424528,3.3703460621169623,3.035310678070379,-7.803719133980901,5.839650167747498
sample_280,12.136627203932457,-9.933953475995214,9.742426134279233,8.35270723838775,-8.188908728702167,38.212180790072786,-2.2802001327075256,-8.363721928125363,-9.794608520907527,7.227821505204252,9.647033956025789,-8.588387287109724,-4.970775971995226,-7.167385843174187,1.595710411135284,-5.806150142463625,1.1593776696125004,6.694967740427145,6.386172050409486,3.957556648775392,-2.843809688722174,3.939613849726872,-0.043090389296587775,1.098698745531266,-2.54926328036477,-1.3275230199985968,-0.52200763199035,1.9613809277197634,-1.8427175324454643
sample_281,15.529501605390541,-9.301053781797409,11.397341695106192,-1.2551400937454167,-5.623051149460165,33.624643785884764,-10.409142365814821,-20.736964929121314,-0.8290722845558872,-5.491376351587243,-0.6490011258454008,2.535729890564629,-7.119927238915246,-6.632448094421823,-1.0163391507578092,-4.565871893694749,-4.418265554026194,3.02427480033976,11.622119551478896,1.5127051888662293,-3.8187681018378656,1.9943306295893277,0.12306744382853599,4.076570472387372,0.501510695487876,1.3822014019680893,-5.5797183345462775,-2.5496122929857266,-1.5170113520674426
sample_282,23.750996497474805,-0.5776148945557525,13.20678677949713,-20.926501740978075,-11.901899852907064,-24.242437025195354,-32.57462048360823,6.417784464953112,-4.476009127358317,-1.8244560886320662,-8.173426695922696,-10.987888135911113,8.683835967536131,-0.37774500727691734,0.8223574544792195,-10.072033197216935,1.7666594518352947,-11.20654234484417,-4.6894213509805756,-3.002401322490854,-1.380465468369444,4.908622687971354,-5.142984361332039,2.1448418697778098,3.0274981250539037,-5.468916382929483,-3.019924820551865,-0.9691652464592104,2.7338788987141167
sample_283,1.0891089914843064,-7.579544390310027,-8.104469868949105,35.68469660552624,-11.966485516023745,-23.05283160778293,-13.186504210771027,-11.06198464428209,-5.9313335065405415,1.4784461974229162,-7.350848246070126,4.195321760225648,1.6697354378466225,-3.196352035363467,1.0528276596591275,-3.4123312535656867,4.652613340092872,0.5822707769263525,3.9806946710792843,-7.271922055821466,-3.9222293371883907,-3.611146183947103,4.943841969026905,3.5974600585066407,0.09248165255735613,-4.22277099580391,-3.428859538838485,-1.0694870715527565,1.2500652605433547
sample_284,1.356253340435296,-21.13946060118237,-5.823315243221494,21.569773891450996,-9.191323488335403,-3.0925658278629204,11.483724173441752,-4.395082610667159,5.096509099001764,-5.347535682538705,-10.345771786857524,10.714760705404444,12.4400028940795,0.18185202312029553,-2.6850490308549957,-5.274698913277445,-1.1564213436994208,-1.3461377963594423,8.386950343439386,0.5571407122679365,-6.990983601094023,-6.079153371740166,0.007398175107821506,4.3568963373121115,-2.050563517630352,2.0374416485772078,9.946948186780126,1.2919132632792572,-4.691655193248208
sample_285,17.89640158216205,5.968116478307509,21.84346786987079,-3.803200882363336,7.189482209916118,-5.859409013112914,0.21096063893721578,-6.112626507964953,-8.073456618024785,6.518148728225456,3.9444286162835787,-3.30049321346388,6.693137602431302,-1.5183785635180205,-7.3459346337493265,-0.45470773325192543,-5.525939840755535,-3.781564884541831,-1.3083892935096757,-1.9279893255203433,-0.0400733062436996,5.751728252354084,7.911204865608869,-1.9766192853947684,-3.7218378531579,0.833421058309438,5.667328891836256,-6.584832411898095,3.0999346045133893
sample_286,17.37782570899495,9.09944478977512,23.068531720721055,-2.636963895191259,13.39128720812213,-2.2547273842324462,-0.21121886233709777,-4.156215469197163,-10.853209268905715,-1.2648274906546402,1.8118211071953492,3.3850304904713195,2.9961225587006615,-3.0235397984100687,0.12498735803750083,2.3818121692158,-0.9610243666192432,-3.1488556284518756,-3.041599668555805,-0.9534403630779089,-2.6781933545670498,2.0984219166936864,-1.0374955390470095,-3.284194594681936,-5.660629771168067,5.318199452474669,1.7144725823822178,1.2878990042486902,-1.8385973364318395
sample_287,16.524392806948622,-3.2971182326445776,24.507236090244426,-2.5742797370404165,9.651203126430191,-1.8619561650784648,-2.057339856956373,8.875894680581435,-3.8250914660155715,3.539587285928693,1.8419435272238636,1.6343773392215364,-0.4503425342490766,2.136249136062125,2.8847796434472976,-2.309159506580478,3.9253698065874234,5.288030612536193,-3.4295428750480803,1.1946187998562878,-2.997509071898622,0.814933858678017,-0.39919745207823026,-6.724649721770694,-1.187583030252148,4.151087723910506,1.902370163358119,3.3375622967006118,-0.36849151604538305
sample_288,-40.00820209599579,14.130983473188886,-1.05105646872635,-3.269008690271072,2.001905384092968,-7.207214621965777,-10.941816314529506,-4.1980354730701,-6.028874726727009,2.515088840181308,-5.944433335328166,-8.42100012098999,9.325165882054357,-9.026932608035365,19.140893130782096,4.715060145458231,1.8194390136554826,-6.212986889134671,8.954479814097654,13.789736898273286,6.723725747511779,-12.427393374533908,1.4683276164717771,0.40531167761687015,6.944731781753776,-6.084364512308757,1.494714509507846,4.116377211413901,-0.8356753484459594
sample_289,-51.996278340020254,9.139121231376336,7.672024773677499,-2.7437284563212776,3.999012994699822,1.4158656579443805,-2.899273526541116,-2.8393206259900237,1.146552518655646,11.350722844097948,-2.1041578385600026,0.3482841351494132,-5.432702214003254,3.3742570614640117,-4.318700362854793,2.671192745403225,-3.5171568411566,3.313259312958961,-3.5618216577702433,0.10177038244319034,4.794104708310553,1.672296466831888,3.688878039640612,2.7381107938845846,2.29785364608677,-0.955316958722798,1.5591338142791993,0.5390272928430683,0.16158427567239045
sample_290,-52.177873042301165,4.619607316163782,5.428666572739389,-4.219370202990299,2.9810899715689576,5.2570640842581895,3.7350564623780103,1.8911272678581388,6.016307901134785,-3.367149489447763,4.931509668713219,-2.5220768897305206,6.304152577589231,-9.137791175589348,3.65174839177361,2.362848982882694,-3.001391912999679,-0.18024399345070288,4.317580194798136,-4.090951717053406,-7.176993741331434,1.7051366030114592,2.8966261453958686,-1.9744013865134553,-0.19072191013250517,-2.9922386562437775,1.6892452567582266,5.493436712120902,2.057658717012007
sample_291,-57.943449552008566,5.720372047555753,5.217263103917966,-9.65355191287617,-3.6559039285438786,-1.5886331935336488,3.3035885300957153,9.313936259130896,-10.83523749162161,5.16689108102459,1.2815011150378421,3.941752183262691,-10.812520339079912,6.486142370777142,-3.0228151173976006,-4.573288233378232,-4.70754588388477,3.9235049901514776,2.8116156357825695,6.000618413047976,3.0023441712890646,0.8858730526057436,0.910420690201709,1.5043691993471249,0.37441914693515826,-0.15352623012900082,1.0992439914212333,0.8112890006304858,-3.615857337608495
sample_292,17.07063580237957,-1.418469535530191,22.04318563851852,-0.32107450846054464,9.545943048452841,-5.363358066484007,-15.11321393300308,12.678828658878233,6.0021847791755425,-7.3111906037343095,-6.703640254550085,3.862797944710161,-3.3337769929244123,-0.5028779188687026,5.599933840214863,-3.1642930049334828,-1.4754450043773626,-5.699937363540006,-0.3527866208275007,1.8823607168965173,-5.683058921615684,1.0292667360418906,1.4451393673653663,-1.5361799508802745,3.8673634087908666,1.6441209860669919,-0.9360631715981392,3.914408616151296,1.2100043956593713
sample_293,10.990875438880535,-8.159202790964656,17.494219013052547,-3.556042956409841,-7.523239728475266,16.72931183429373,10.96795555766521,-2.6259098659495854,9.679853188413372,-9.654932683319336,-1.649925180957806,8.834411516663778,-6.076995494123012,0.7412186465439187,5.058506951779789,2.3046450367522455,0.2991223200702033,1.758220867739485,0.41358550593491467,-1.4275077566527525,6.006738759686079,-4.569744711332185,-0.687672254095435,3.6143478119999424,2.438540763231015,-1.5097951689464664,3.0976945128577222,-0.9930517145587682,-0.861953534990672
sample_294,18.87752538131501,-1.0296354366980742,13.755695978188932,-22.155754854173573,-16.331023158598825,-10.055639957491447,-2.681826586973202,-10.010082919399588,-0.921253854328354,2.2905703053777056,6.470372517907747,0.9056493046701853,1.3276669380701458,-7.098628085174956,1.125125574934979,1.6916356518105586,-2.1337687699648975,3.8501998591052997,0.5516819464039286,-3.102782558371268,1.4262868068989205,6.51873640289872,-9.677396673659922,0.3091058097401868,3.092313148371438,-4.610518527895513,3.277134651560814,-1.9873374781476676,-9.918563494433434
sample_295,-48.948081602373954,13.646202394969217,7.639959040790591,-4.735961881850714,3.4461308442138443,5.018716921523064,5.391419020091924,-4.970648755108907,6.396535489599083,-1.455053925610015,-8.589354006473783,-1.5189987379058274,-0.7143576800580294,1.675498718133465,0.9296832220697503,-1.4306274445014289,0.1511287865533547,-5.435263873529351,-1.3152940123694228,-6.3620512750790885,-0.7749813574161365,-1.3571140094328098,-6.731812162433791,-2.1994841708099853,2.8244469294363665,1.5058155644017777,-0.29775966045125496,-2.00904750412849,0.128071417680776
sample_296,19.14044419718574,8.825298874983678,26.89069454582955,-9.428733970354653,8.440069475198312,-8.8642757291379,1.5148792532305655,-9.673967138569035,-7.139420564980242,-2.423773202120074,0.20496666280872725,5.593296264805948,4.69365547061894,-3.4284278016679828,-0.6112765948532428,6.265677669822441,-2.8384480813001005,4.281368126961226,-1.5228107585373716,5.557507826059487,0.7115038013749313,6.668924424834292,-2.3631932676330965,6.76100381520724,1.9705920109247395,-5.372322176065642,-0.9328639824154994,7.160561188118695,-1.5036291459603632
sample_297,17.999741474238114,11.714826669367032,20.57325329736879,-2.4996601208634153,13.834628952855354,-5.605338562205458,-3.01411384594992,-9.712325537500117,-17.61290770831216,2.63139059974425,4.963837790530671,1.2636714348413043,8.386956996890744,-6.039390532025313,-6.039276200188517,3.8647247013047514,-0.929192187857327,-2.5420907265106143,-7.4797955163851375,3.925492820214925,3.394327985306347,3.5986627428705145,-0.3589177550592732,-0.3675850998632525,-4.2729262240174375,-0.23078375701198783,1.8205330108930209,-1.982358735563112,0.05895090513336579
sample_298,-0.032932210116077255,-24.236430514105578,-4.873811275053505,28.52392158858277,-8.070419021990132,-0.07120918091546623,4.440981211238287,0.37058563349385504,8.382207698743454,-11.093249317784082,6.9486245399623225,-9.723097874121024,1.622048997737794,9.912604282089854,-3.4126511687567307,3.578786201557156,1.0691356312333102,-3.918849660846677,-3.203675877976232,3.9284001485259936,-2.4267277281215907,1.2654880885272068,4.561303015817869,-1.839895472375374,-6.407633684111047,-3.4748383329211334,3.19182098701868,-2.7733543678490395,-5.290356491262676
sample_299,13.519918722587024,31.465055122138047,-22.09538080204799,12.27996412255517,1.3012203476429631,-0.6093508153728697,1.243129151142583,14.357906494541531,0.21472188205647377,5.4849513755105495,13.652000302823105,0.987309914904938,-7.395285023105226,-3.4980606978665603,-7.79758920459947,3.768912095321729,6.5911342108732205,-3.8407447043146736,0.9728543469734212,-1.9287899724346986,-4.968463774783249,-0.07236810741373816,-1.277997283657739,3.857459503929438,1.8686075258301666,-2.640048518407108,2.465548911275905,-0.47249997137845745,5.140891423792427
sample_300,16.39709022633823,11.333033262110293,16.52575609407991,-0.992053714896014,12.909765618704919,-9.293541805232413,-18.719539984346596,-7.90190851260453,-18.043362075509904,4.703684040384466,-4.472227833321053,1.766904192994416,4.156775586245736,-1.5986527974676665,-8.279619041761892,5.7074132145575485,-3.8634483044142827,3.2084376711490052,-4.247123820060151,4.612313423402595,-1.302961968060224,2.6054095231948877,0.47054015747668687,-4.001438556327844,-2.151117821379823,-3.7219850012149167,2.8132419073216757,2.93895038510676,0.3972799472928307
sample_301,17.945777396581374,11.955401174145718,25.459425962763262,-6.194169861495955,15.421391062139437,-5.768774185894125,2.24258796793665,-14.208969130273621,-9.150221146717232,-1.0935358681821485,-7.137726156073076,-2.745247705488576,7.031306025488537,1.4675168636911806,-1.7460177242379902,4.079089740878554,1.2056576695937231,-1.189582340665634,-6.680343817292899,2.190103358233944,-1.677882771901532,1.2273075071003503,0.9443069000593253,-2.0849743220230614,-1.951011768148426,1.655385319561145,-1.3566568989339312,0.6917712986977924,2.965364882700221
sample_302,10.632030238469293,-37.6625953088856,-33.91033300846328,-23.68495516750059,10.097414088181733,1.143063016476329,-4.809219885951395,-10.948854333985945,5.77925924741554,-3.5914127815228984,-8.571273207047492,-0.7492667225906451,-4.945268806649116,-4.102905464614739,0.6311888506235738,-0.40048716572312437,1.3381500780323823,0.47246575774902366,-2.100373612227872,2.0361342936074607,-3.3071820626950412,-3.9919873828646444,1.0363286007297028,2.144221391517569,-1.0409479678750064,-4.466085427145287,4.627351140197424,-1.020840756325651,-5.546224656781748
sample_303,2.2672980869645705,-22.932442441521427,-5.108763048726076,26.837209257583325,-18.138953534351398,-8.531795181195765,2.0782637764237926,2.6451464763489367,-0.9997144587026254,-6.635585887399992,-7.0979189522500326,-1.17958652372426,-5.4524379525468625,-1.9919303142439742,-3.4366514761877327,4.006926982050293,-13.030091997000351,-0.030527339553743378,-8.587301070441349,-1.330712299680245,3.5587240588852334,5.448343304589533,2.5867135412159494,-6.8750195611648115,1.7939018137107186,-0.06682418505116874,4.060673335507823,-0.1546691116286932,-1.2705593528464454
sample_304,13.834423286710514,39.14929336985023,-24.61235960868355,-4.106015885113109,-1.3939625693045758,-2.9790277558511447,-0.08578992333316861,4.891135690627402,3.019965464632503,-4.636680959945072,-14.756739168554954,-1.608358029182863,0.9352912197541233,-5.171850663757466,4.750487055058986,0.03156115424685977,8.264364673511146,4.597512722516572,6.769279845564392,1.2506298343855848,12.462098798345204,5.2150188854613555,5.103939423287756,1.1960862950400373,-9.438462909962013,0.07727637478432145,2.4985684789158866,0.04332641120978762,4.733813117607241
sample_305,20.371906154451068,-1.3056791332989857,27.0150410674917,-11.22030487592743,4.222892111054085,-8.53929549072705,-0.8416427290624968,-4.086477071988779,-3.242686988871245,1.5344983179022271,12.37156023234384,0.36271353394669786,1.4631768777782823,0.5883118600104179,-3.522712714613881,-0.5403007039894576,10.226531006513452,2.0050452657898328,-8.318236833195321,-0.13954295252101911,2.6286502501927553,0.21789934280589598,3.7824797479906467,-4.341663702543265,-0.14877584470393157,6.132260935225929,3.3719359521036276,-1.4931790540323597,-0.3188622913363041
sample_306,18.09498083759219,1.805684513883436,24.598168275387863,-4.873776812254175,5.023456216717276,-1.0590253210554434,5.537323990764989,2.9506334261478857,4.260821339998688,5.6650380596412475,2.9081301877228034,-7.2021501774131655,-0.5061619627653279,-0.18697894147915545,1.7427816320843135,-0.09220888756080489,0.22516429358245582,5.400655420893785,3.1208962432013245,0.654848744570108,-3.26077189807106,-3.2437426264248423,5.63131759877407,-0.24567758178140756,-1.2159146544858817,1.1820144585271994,-0.1628460989725262,0.4675008967476659,-2.485198669181483
sample_307,11.990230304474945,0.7494650120662971,19.100903355304755,13.268529916556268,13.539398404271678,10.108996995628823,2.4622723183314736,4.378843564319305,-3.7184260563947436,5.02246977242431,2.8675153739147703,15.000230207081714,0.13453283598332375,3.7258037220546463,8.455659840405152,12.469510942880285,-0.6002578209782118,-4.428292057618918,-3.2592329210184094,-4.829811573601599,4.6663078366813835,2.415402842296894,1.6423829463315318,3.5629635643249595,-0.7098431572258376,-2.7810661837018946,1.555758482348873,-1.8564346022980915,7.256891798775001
sample_308,7.919652793895828,-50.18459115091105,-42.919673784697174,-44.60506559448268,-7.540738737107404,-7.244249190417997,-4.220885456863363,-1.5920451614161086,-9.755000311047796,0.16293629441414512,-4.481308533480251,-1.6460379562446457,-2.006481244121158,-2.2781376067298615,3.7978648342029486,6.893523050689834,4.814298405124022,4.6466733357888765,-9.576148507939857,-0.5630056896139839,-0.3589018924245659,-8.472881628413248,0.9825181049572872,3.367359677132375,-2.6078031537153437,-2.102603557415746,2.0702951609373126,-0.3184042781001233,0.3900073465707959
sample_309,13.030562767215264,4.245281801337384,22.817224035250515,3.4936190428886813,17.604006352166262,-2.298207266292887,-6.731156314285655,9.034341202662947,-1.0849435895395667,3.9765540589089787,-7.363223883218812,8.595231449850422,-2.310303714218152,3.521298579264092,-0.7266812839704407,3.5317421395308366,4.223332541739729,2.042027669342953,-2.494781544121493,7.924160926314936,1.6737206956363113,-2.316687957961022,-4.992370065414217,-2.703991660912193,-1.0153270846622307,-0.5442792356001322,-0.7580400757414802,0.7021139601100469,0.021201535769622686
sample_310,13.0990451267983,40.41711465796703,-22.615988363985803,6.94242823633596,7.0065525270833495,3.914633864274246,10.338690022031233,-1.5170331425262373,-3.4833624794525035,-0.7518068068499562,4.3174994401593745,-1.2376171346530134,2.1068017007666877,-2.2414009635199394,-1.4492946307280339,-3.288657668566694,-3.9499343299987215,4.182120322221769,-1.045763827582809,-2.40186554214796,-1.4629851431882848,3.448115740671807,0.6387516158093647,-0.4880891967609007,1.8449778498171006,-1.0926972401424582,5.220488593059631,3.278062818108406,5.750135133362256
sample_311,12.267823632782802,9.009277188426248,19.93528156949714,-1.5508054478565996,8.971241085566698,-1.8652229100744921,6.360595800581163,6.9675573295720055,-8.321850875955544,5.8688435966071175,-4.631297979788998,-3.3180639488341064,3.2569985300369577,2.4216522339569244,-4.460315153842389,1.6366379010808627,-4.954844426531348,-1.8268679033569777,0.9267956289864969,1.1891375941734674,-2.0222425332802185,-3.1384860456084,-5.4968846825309186,3.571212142828019,-7.277727689003456,-6.381684655004246,-3.011048268471102,-6.8194441027399435,-2.8426062632961906
sample_312,2.7492002100969017,-41.967689287727104,-25.010052397215798,-15.674836466036615,9.319202641392545,2.450099772347017,5.766241115691578,14.612738645870646,3.064391518815205,-12.345541356673225,-0.39436900605136055,3.4749950923396455,0.6659389558522754,3.2005052275364867,-8.456668890828334,-3.0387584786761606,-2.834194594143691,-8.470669142957805,11.856149539383342,5.238086378739382,5.466383803602141,1.67123076458617,-4.386398567678482,-8.696694535512899,3.233759486951869,2.738506089154663,-3.169295665779333,4.301400649618327,-3.576140247852399
sample_313,3.1322215093584345,-24.25573621797357,-21.467369973237158,9.215287379971482,-19.11809652790452,-14.387130705861082,-7.05284940701777,-10.204519729595683,10.672933361406223,27.218454050567804,-0.8547504659077603,13.481230218166846,14.261300660124807,8.230367331522885,3.1232020577146113,-5.246923875072881,7.320958308396073,-4.140176702178929,-3.3240196598572287,8.351239876909668,1.1995043898768682,15.184308812039358,2.295035361076144,-4.163357143204008,-7.879195145842691,2.270512181743503,-7.282580188187247,-4.864667149842697,4.533980697437279
sample_314,-0.7441074130365573,-26.195416510988824,0.5479266957835958,24.884857175345914,-11.978902643391995,7.295299053972495,1.3622669201485225,14.367275917234716,10.16897738812627,-15.253549231537614,-8.63335990186507,-10.529287408660819,-2.663346123684836,4.388241042360436,3.8429276164786543,-4.438004161789389,-2.416438818178491,0.2620136303979038,-13.328636526063967,13.128904244107366,-4.884377299597293,2.323638735075126,4.518764980721808,-2.8520602732677163,-5.112905054923369,-0.2004023096769844,0.26717360361068515,-3.826691132219254,-0.21985361488140973
sample_315,20.29943343069983,38.77202454808228,-26.671245332427134,-9.590865920294016,-10.954111881781348,-1.9483618518059473,8.318932615175628,0.9478642408881464,0.9043711658953848,-3.6142518738604856,4.738197635453177,1.070264565599845,2.627456813449064,0.08855628889221646,2.017761255359444,3.9772189447340045,1.7501121241191053,-0.19769397323256252,2.002434988204478,-1.9660611785623456,1.5394636250777476,6.436671233942018,8.138070238597267,1.0148843690466203,0.00889686293245984,0.7291834574509969,-5.659301795975899,-3.207561344501607,-4.141385853949743
sample_316,-57.6840122499025,8.535480497087491,6.350447579398497,-5.316653618530006,-2.1815455271318984,-0.8613792065920127,4.447530361658534,5.175983232999271,-4.265383556502464,2.7853114502004606,5.466231277831994,1.3127292188998834,-6.767274809923736,-3.6826413494289127,-7.391781924924695,-3.9164668769257527,0.511247046132867,6.565832641444675,1.6838245187812904,2.1021724664033314,2.1459192661529354,-0.35099800969504247,-3.752928135004255,0.6591013064082429,-2.8647004349068945,-2.4750656889613127,2.3651965365916165,0.8659454269347794,-0.0031379562205024482
sample_317,18.054874490301614,1.6630236771197222,21.601623913225424,-3.4867822156233212,9.403954576470378,-10.36351906490961,-22.05952724957914,-1.8520906386643716,-5.1517198206993555,0.22824638093202243,3.3076465491513654,4.797423139366707,-1.3740256478295874,-3.224017615393804,-4.615687819769817,4.670739647654912,4.896901645592242,0.24899763875886802,-4.246132734507713,4.141208470899006,3.335740853801534,4.826740649594988,-4.275072354296778,-0.6734337564255705,-1.2461253266614751,-1.8370316582334836,6.204400149614406,3.8077179909154624,-4.615546172156539
sample_318,-53.41486139374333,14.038476554482104,6.816261182204437,-0.725509977160814,5.9120319374526735,-1.0168497366379468,-17.939722681409805,-9.799217619067273,8.850024777045268,9.799137750761249,2.3427656548858318,1.2793347046592722,-5.2681814272669545,-4.305485707887342,-6.230398422421293,2.670003617570737,-3.275213656908483,7.457761806415549,-3.6658368257163194,-0.25764635288795185,4.938166292437737,-0.1001896051274504,0.007663486765985182,-0.17916969094386084,1.1601175208447014,3.0073547013473862,3.036401186802599,0.8634648148864565,-0.5465115438170238
sample_319,-58.028251880682205,8.590696066010903,5.8927915763245,-7.199359860841525,-0.2869553804894282,-3.367015469333509,-8.62103165334249,-2.1895510595264227,-0.8832784991515328,-0.2992446909891226,-1.2703492270129553,2.7257340686758247,-5.619912565926547,0.6905405716666493,-4.146049828051098,-0.10392283570762385,-2.283975902553308,-0.7142658758790482,-0.6043298084665211,1.3239746145175928,1.5024645124305713,0.8022736681357375,3.695418018385525,-0.21130752992830268,-0.36449594841890737,-1.816865763174401,0.651804157730326,-1.7831254575169504,2.303683775971387
sample_320,-0.706148086055703,-7.618615072646663,-1.3396885181131115,35.20592506524348,0.9899791667055907,5.786861570139915,14.635843345632889,-7.6649704304714446,-13.059445937411322,-4.640135755792614,13.572202722089287,-5.408203660867001,4.894767963694491,14.913883725603673,2.9831403618710697,3.7478745972671823,9.893800495026039,-0.5183672504428887,0.2910490185504874,-13.01467106205721,2.05986280936148,-6.481387251389575,-7.192842546197429,0.1439879176418153,6.853839407476758,9.27544919181426,-7.747815517630646,5.13614189575732,-0.3062556869306682
sample_321,2.3435244083503117,-29.16659941563023,-26.759340443769638,-8.273769827345715,27.471891205639576,0.5225261331355839,4.979198024359425,0.43922090097712363,4.825454525954597,-0.6077256465895711,-5.7339418364073635,-2.978392516670427,-6.331040762320454,-6.423609653373663,2.9818882143399326,-3.7038716122797823,1.985562722485328,3.8422109914954277,-0.9803577269806213,0.793759983478737,-5.011181532749011,-2.3308101938264145,-0.45392781627454676,7.904730064071322,-1.5068667972193888,-3.247688485585598,2.3834877670721806,-5.641929014212251,-2.8803005314156063
sample_322,-25.312350511505453,6.901526149944016,-0.9191846473724833,-19.02167730169717,-17.293520065694736,-9.941795192247504,2.71947189362973,-11.246373814901188,-12.31319554646008,6.085505131637496,-9.17756885753704,-13.910139326740431,7.303626630822209,-4.935492390023374,18.746873759030844,0.7891821903064301,1.4050792299594788,-9.38633772107034,4.806375815484912,14.38717117654336,18.02032880183281,-19.50498023883784,-8.011435945470867,-4.545018770658853,15.98352217064713,-16.37643055633802,-0.19175903539053696,-6.905782304222066,1.751315551611807
sample_323,17.002942256028923,6.9459686249966435,26.887154948193054,-10.255199740436613,8.049451334874442,-13.005578050897256,11.216690692479332,-1.702799929420605,-7.954001811870854,-3.823092251459717,3.5743084685498707,3.503499135155719,4.361082753575742,-2.6818053283366186,-3.490924539866143,1.3142774975359033,3.599076729587555,-0.026522999350999586,-3.589254383177133,5.389793925415557,2.7463288030597974,2.8422479937930754,-8.098057060893478,2.513221621576134,-2.838646127200502,-1.585251566103233,-3.2573488142306886,-0.21076832877076165,-3.1400646204925735
sample_324,20.937483950419868,2.537674160319463,27.614818933697727,-14.94198879673506,4.57174380586925,-9.474804343247929,5.019500940339275,-7.99630582995977,-2.0993432705041193,-8.504580454448362,1.5902688190126935,-2.6637083585330807,3.491446252738402,-5.908774832737836,-3.290075978981868,-6.8526333852331796,0.6746200876193139,-5.100958753497119,-4.040970907665654,3.468286107432933,-2.4875570975265364,4.11551193516234,0.7900697198073805,2.9318304500506667,0.14572032922567757,2.8419885177706607,0.32871616778366597,4.98264003001523,2.2476576400836645
sample_325,11.849477578398371,-17.962206055074372,8.665766870898592,-4.467216464270497,-18.433278893784234,36.56747841028905,3.1740243386462823,2.1687578657989053,-18.418894004740764,1.314781829766244,-1.5929492952066586,-4.477877974253732,5.672559484720584,-3.346342670789124,-1.3318605741378833,1.0839670119713527,7.739811578487015,-1.1319544567716409,-3.654582190655924,-1.7194437228399828,4.277051149198461,1.5137467560556908,0.5640337918899104,-1.56719260066551,-0.19502375365090738,4.512605608224305,-0.49100222099557045,-4.845319763481291,-5.01449374969144
sample_326,-3.094484787621204,-4.983462426106662,16.2431954046767,17.97036379792048,9.944280877993988,28.59004467317698,16.05673249924001,18.155117930512272,-5.468040499633006,1.2946044446377065,-12.96916836255257,-7.92474308968835,2.5589833984595836,0.2777563118895383,0.6327893063408876,2.577279876232072,2.0146460265930193,-2.0177078641679427,2.7832317360406633,-0.48164759765261755,0.47251418537619494,-0.48428216721677897,2.2120976714621547,6.517847187581922,5.2723107647502925,-2.6086800190042587,-2.6301754458340483,5.86907176324985,1.258622423757127
sample_327,-57.53411488800483,5.4026391643653815,4.347884615353744,-10.913561321111414,-3.6977989060798286,-4.320327852342446,-4.870237429457003,7.7315924447006505,-9.084979004337589,3.795093345997561,0.7456560375207989,3.869411791819518,-10.660082831035906,8.51708713182241,1.7566495970689608,-3.4198034659422953,-4.052135756795009,1.9065556064347136,1.25844044472637,6.682444460711212,-0.9823805106356539,1.964515596599069,5.058016836238186,2.558455137685092,2.5537913325850288,0.6765747370906647,-0.8057839730981535,2.459597921593642,-3.836314375109426
sample_328,16.587610609720528,-1.0189912664928908,21.6374600439318,-5.342479947906239,1.9682410331615683,0.8034066764847966,6.662249559308877,-14.571061725444748,15.667913086091813,-5.279032501131141,3.234932349152279,8.117304336492436,-1.7496597612015292,3.0826744933717465,8.58951484024319,-3.3407372989972117,-6.058312854047561,1.9212825740728576,6.291050943197322,-3.655930790252275,4.832516297118227,-9.557688442957042,4.286654911613463,1.3285058398573146,-0.2727628631973938,-1.8103860768498194,-2.8821547543766806,-5.958060535971891,4.499133673611918
sample_329,20.141512713272302,1.9656337712383685,29.568464546215154,-11.236897264164025,5.19840954665452,-11.325037446810269,-3.0129545222518987,-5.313294184117627,3.1930399450529308,1.1893793933268122,1.5026162316571867,-2.089904301900456,1.1775512242362924,0.005924356988261266,-3.868920842613034,2.3196381014060012,-1.144857833367819,2.9614913700185923,1.5700970443656161,2.5010236400233,-1.161885340615531,-0.6282127984893688,5.666939563532675,1.8481330967770935,1.7479119176765165,1.3055869149046884,2.266022951405455,1.663775337232465,0.25644155534811
sample_330,19.858304877814923,40.01337210809492,-29.58712772385648,-11.257386323376554,-9.71071811593735,-1.1327648411376876,4.587491488906457,0.29555693238182673,1.3830053524279677,-6.014035565761432,-2.672041944404315,1.702705109711415,2.308237712787817,3.314270886309325,-1.3207224545252012,0.9614946941083112,-1.6822254206671894,0.21346158047565156,-0.9545756925672213,0.2997597548047348,3.427116585740347,-0.7819771327486521,6.927462738201224,-0.016134588461416303,1.7396577636044028,-2.859842307334488,-4.6834293992952345,-1.8403751236178554,-1.7945262284338668
sample_331,9.269213540518923,-19.99586033821851,8.758740097823033,1.8623148620789844,-15.222220846803058,34.510737268680344,-3.7136763482565645,13.237742503090539,-14.699160090301861,1.4925864553586001,0.4389555238143,-4.457805225229,1.6878672232947047,-5.8292071148112825,-5.018311503813384,-5.954055146172953,-3.7402304634367614,-1.7260770190123362,0.2160492753588952,-3.1306424929592844,-1.7294112464141653,-1.065228780381268,1.2857601016646238,2.617889107763321,1.0014600422535782,0.40110354298789824,-0.7634617536039964,-0.42611705169944336,0.25167700877828936
sample_332,-59.1546962590689,8.861589087855,4.391405622291528,-9.126667845826844,-0.8812144123789987,-1.7308820155472238,4.728235703089393,-1.1785487891755089,-3.6736318830536074,9.039453324391674,3.2467523647286822,-0.6709243624591688,-8.288688767236048,5.099181624837492,-0.9477968891426641,-1.556677947735131,-4.906807977993217,2.227423831378646,-2.152502503337328,3.1168819718445246,1.3748968788458826,0.8823427244027157,6.502774457878299,2.5235764885526657,0.05414369914920876,-0.5852956044819183,2.4542739564454092,2.571369964577418,-2.811048821133325
sample_333,18.355000374637058,-4.139997582140063,25.15654859609995,2.2060632456846814,10.472221044330908,4.51839353522381,6.575345932312561,1.4280421997169883,1.3514848108100495,-6.6377135535424605,5.234714997976913,10.066044610759286,-7.881968316188209,-3.53596387871293,4.029299836967536,-0.3502112583561819,1.1563958572461712,-0.5536091074173174,-2.9724481224057087,3.098990469769413,2.2833349570433636,3.0677464715911955,-0.17197430016091647,1.6563027314230105,-2.5712517209700234,-1.2651700536873063,1.528403664022362,3.297034726807828,-0.23838507113382904
sample_334,-4.909878588501717,-6.650040389088887,4.6340076770393654,38.559855868710564,6.651430956213681,2.478044742186404,7.183665306890233,5.053460400931333,5.787812156246957,-3.0319106187140084,-11.099218134236642,-2.2710691969666437,-2.358743513040699,0.1230836216339873,0.9268565698529001,-0.9566684296859512,-2.1244435579667984,-0.9169970971499012,1.951891253863026,0.49391032624333375,1.6187983451561694,-3.5067953240952154,1.1373124400623555,2.505747698525774,4.778658901661729,0.4298060195663386,-0.4383988019123748,4.249080205863122,-0.0854430265781652
sample_335,12.491738767226412,30.8037198578577,-22.299985096682175,-1.7764763900380416,-1.937288895546546,-2.6665903760360954,-0.08815691118307023,1.8879045503865413,9.03091692067083,9.94063952399249,3.937855774030463,-0.0776788688679633,-8.774841614505547,-4.955613965398764,-6.468210208242773,10.60239017515228,9.101797664025055,-3.2478476861725563,5.615376986780076,1.7939948794125853,-4.042644923876237,3.9047667579119296,1.927759222986836,2.2357826494357025,1.4242829346362922,1.4402265865359531,2.7246802671798234,1.7815257282550427,-6.413610821329968
sample_336,-44.377133071088664,10.435773498411292,0.9621894439322252,-10.217398945235363,-8.542392163765776,-1.7150670525515648,4.794684866713267,-8.630879747255541,-2.865383827475209,0.9452889683953306,7.550327751745604,-11.920070000830457,8.503718282298976,-10.742712029486617,16.508508389403435,3.477523332107819,4.0143813141032485,-10.995572285292653,6.1025759070445345,14.709700152088464,4.080030543503764,-11.952227005754178,6.014726066867679,-4.922424225710543,-2.5787551293576576,-9.833565182997345,1.198715991661781,3.0451041627895257,1.6276900005238357
sample_337,17.739238465387377,-9.073566358547996,24.70935101745614,-10.326832865722128,-5.575740201581609,1.2518659988104968,6.715709409939585,11.409581038517354,13.727448867918444,6.119051107205616,1.0142498304400567,-4.250187230393141,-4.687140170994473,-1.1284487512505155,7.48204651028443,-6.567232871099718,-8.096816379733657,3.5044121256549268,4.1977568309308175,-7.644396656879421,-0.48389977135287443,0.13894929652496738,3.1609373853633,-0.3725570875894563,2.9505940089670863,-2.469323717418438,0.32390409864136066,-0.4922847782177839,-1.1442555893252895
sample_338,16.855001411824855,11.105088309438846,-21.08567962429417,-3.3090004460596396,-10.286593099330931,5.850324844099059,-0.5175254140252943,12.709439158407445,-4.169322216239247,4.20411848271947,-4.562985573006607,3.2100319984939305,-3.8042737148177217,1.0106585206586647,1.4660280579804394,3.570262442881043,8.341253780401765,3.5181622928508407,-3.4405082801549574,-2.894337357847362,2.9283592882859555,7.739056282410918,-6.58516948969084,-4.810328540211612,1.4100467057637962,2.019356094614412,8.326019702587992,0.06973893310855683,5.717174350239745
sample_339,1.900448674941097,-38.339098671043715,-34.97636145436822,-29.325876606739794,3.972727855109353,-4.066010629440467,-0.5109016489108025,-7.7301164481810325,-2.0433508366379844,13.656469520067766,-6.070304177847032,2.6967112363872663,0.3696776255394141,-1.6213836741117624,7.173423528756612,1.8164744885071316,4.573427741026908,5.410921849541245,-10.458190484410537,-1.5527845827188673,-2.229272013029731,-4.586609746100654,2.9388061383257122,6.224526398933427,-0.851192311496246,-5.291028262162997,-0.6316567917867212,5.691421041607241,-2.933122554960139
sample_340,13.063880322895498,6.984980135961688,22.903235426226217,1.8617663480455933,18.107553628066515,-3.5839196893223306,-4.249072065103259,7.620325246057923,4.59313711235643,-1.674040124295368,-10.611932806002413,5.142824862070838,-7.450319727885815,-3.6438834801503317,0.0781251315229404,3.072401825412372,-0.329797386975436,-2.4968958474873073,2.1497094529984775,3.936544855688798,0.13719051268475202,-0.26617187298694467,-2.4858193916926186,-1.2100643308738677,0.4781442312164878,-1.6326746057561918,0.4877789695480954,9.754749266408606,-3.0387960335098394
sample_341,14.57275771189822,3.5643161450270973,20.971997122146604,-1.8969059539607755,9.12899393859568,-6.339545368488013,-3.9416849421486155,1.0707470199224953,-2.872323546060367,10.781363214918478,-0.7533942780745008,-2.7684353504899666,0.7257044618744312,4.838576085293604,-5.367817957371328,10.678990807767729,1.767388053395313,7.187621272275369,0.18838747992628344,3.8276373785840354,-0.7598905781506661,-0.1222409305296779,-0.18984294780232394,-1.7802515833581416,3.3160516155987456,-6.173454174777721,-1.1160872040540946,1.3878828372101297,-3.5573903065766075
sample_342,22.140471479794197,-5.289821967526264,20.024971241502783,-14.022241011429365,-2.901045851260218,0.5404174060027274,-0.539263369294796,-0.12929305564406912,14.961404474939167,10.506396076747235,1.6561673895032452,-5.900756223232515,-6.43314701024078,3.6491027839010335,3.8819468523262883,1.1644975633114143,-7.170120484541721,1.056123060350518,5.547459344012068,-4.660150714400464,-0.7648583167958355,-6.9633109178691655,3.4919626496520135,-2.3783902512782222,-3.677911337524835,0.9240692358767001,-2.0681767731371,-4.620783703528815,-4.8817376005886635
sample_343,3.895800867691209,-24.50092203331227,-1.2710488221251617,10.367712770092075,-22.04747695583736,4.119398682609635,0.5418351151132537,-4.329942833377484,10.164249060794743,-10.958368363153049,2.777875765870141,-10.11556734327428,-0.02508358650102838,2.878941565174216,4.455330432558109,4.773431037052862,-8.257064320115083,7.31909654622689,-9.154313997433214,8.875949685507226,0.029046738066819004,0.9472825299907074,3.1417286380129776,-0.5738244583021798,-7.263476364699164,-3.959721198295471,-0.7670282740568116,-2.1822519372690605,-0.6345438845259926
sample_344,-0.13502649552348114,-28.911249549793794,-7.65747850724254,12.469285211393615,-13.417436216929545,3.8833966479794615,-1.2192878836519845,14.726315696360889,3.271433312173985,-9.987725749511437,-3.4602359332894825,6.471064166951329,17.942127388554702,13.10002591421966,-8.870289590708818,-1.906331251763561,-3.3820181433336325,-9.83311785737977,8.654118559059329,-0.6328504746931988,2.8932265690778864,-12.456946199634428,4.14480282181472,6.174212513736735,2.0237507043453644,-1.0733602540190428,11.538166294022341,-1.6682365345180046,-1.9151364616833042
sample_345,-0.16225147393850975,-14.009410237109325,-4.7928603378093575,25.69642099370831,-15.8322710815624,-8.576499233350651,-4.731609010227834,-8.686473329803512,1.5926891517612858,-11.307045585024603,8.249385988254426,-12.86468030883715,-2.149798943851595,0.27941081890246594,-4.248066836427997,4.425828783807585,-8.670544647667791,-0.091187523318713,-2.7011380842410015,0.7521126317452459,4.809428475666495,-2.5072354847522367,4.152251546791923,-0.01509228322070105,-1.2714973271673071,0.839530760614624,2.170082478384393,-1.749959788897759,0.8741820098723927
sample_346,16.54403611346438,-7.7622683488983295,19.478131630946166,-7.629894567723414,-6.754545626427813,12.391768992779708,1.7941528987107238,-10.312483971919876,10.982047293899715,2.158163393855863,9.617117779764476,-2.885316408586525,-5.188399843332551,-1.8020478668457882,0.9384997890012012,-5.1621072831079,-1.701759894029896,1.4848423435114986,-5.83394236470232,-3.8685794558147313,5.535750675453072,-3.1044000176698914,5.741267306336651,-3.978713053855212,2.972653480727862,7.664748827086037,5.858850889894644,2.146786076521665,0.9206184813656748
sample_347,16.105446255946294,-6.140158090541521,24.358972661744637,-4.413385129582194,-0.43602265828121956,2.949185242961082,4.253154823832285,8.288381604231269,8.2547177126041,-3.3604288046959887,1.4973931204993094,3.433157541319095,-3.98216030918902,3.975519758026462,3.9376756496432797,-0.3690116460492071,-0.16239037469596554,1.0914690471548842,4.109547663751372,1.0845414427791067,-3.2090950079007383,-6.309488931011229,-3.5510159829406875,1.3031206134713564,-0.2882410641466914,-2.7597314252344476,-4.353582671220217,-0.2964617257030844,-3.233235054485031
sample_348,13.957822588476294,45.145417444209485,-20.771394512413014,1.9761441095700254,3.42426641164872,0.5526072200981168,-3.075022363325607,1.3202946455485538,3.6378389508100564,-5.40916965931661,-10.730366231073619,-0.20566866001794534,1.8576188429432565,2.7200701226901853,7.758069409466188,-0.929369521236993,10.655665299800715,8.019284862336995,3.7090441923220943,0.8195271623135415,13.79518274409448,5.124796042643203,6.451571914746687,-0.9516814216333467,-5.691630942299032,1.7817919815686845,1.1434983684886686,-1.6910591752483637,1.1003868304980107
sample_349,-0.24575563695294472,-12.527830330288753,-6.089134669150172,32.40952423356388,-13.616748771822483,-16.241007484586056,7.874300356213219,-12.580299837668854,-3.348904042484931,-2.1712558047927337,-4.281561988928935,5.570460554228997,7.499908767050099,0.13762672067268886,-3.9247639740976132,-3.2807073244390352,3.7518512817257257,1.017462736048487,0.8403890302472795,-5.751885287222465,-1.7975549310488919,-4.466256413541777,8.643457915643976,9.439001851358912,-0.177629369839496,-3.8037631711610485,1.523967812673861,-0.6222412559390627,0.03528154873116128
sample_350,21.11825604935396,4.17947952450669,27.449971419418176,-14.740643449511412,5.573647902465668,-12.735249159942848,8.259943000232314,-12.63994708692216,-0.21525183018020386,-0.781588246567348,3.6906966217113792,-2.1694850587145806,-0.8014432148260413,-6.116779594198972,-7.569038361622908,-5.1613798393137476,2.8420090061639294,7.772944065055373,-0.5309873637271002,10.572518015230084,0.5582903356213789,2.659988063578372,-1.7973001948780951,0.7408325454378905,-2.8969833167212764,3.1108189034380627,1.1080557583449562,4.541100290807867,3.0598886827812275
sample_351,-55.844447498544206,3.318018241794078,5.6799778011521225,-3.9945983781713994,-1.173542792874692,2.8992882251742573,3.8989353316298176,6.499878233038148,0.0038029136776797233,-4.155617573963123,9.690838984110803,-1.7863229841337462,5.825138408593987,-8.012950803253995,2.992864767824096,-0.22199331078173132,-2.922433129999425,1.663483608547737,2.107373808526802,-2.712048120339603,-3.5021631891253118,3.3002239688550046,-0.6731259795718906,-3.058143498586643,-5.736604469375479,-4.2472304742265825,0.09412888651483546,3.2176140369203554,5.6021031386404365
sample_352,15.608875829394655,-2.578157994460652,24.036572075699244,-9.483889976228724,-0.06373550238219816,-4.033193115911434,14.086910386315928,17.24944541226434,3.056249422758074,3.019833519978229,-4.204907646733109,-0.9402250140922624,-2.4357363048273615,-1.7997543963570855,1.3577140156396081,0.5632687264292896,-0.15499473037478376,1.5107026567713646,4.643184222241801,-0.03047533995631996,-0.6931913807196847,-4.262784531616812,5.4890894659082035,-1.9933532970604158,3.098779870267706,3.675897301899986,-5.215312885104227,0.39457812961377586,3.9474921505351124
sample_353,1.7216396522798862,-42.47868376960318,-42.101452451758966,-21.67488772150066,19.34459514063809,-7.697479241040165,-1.9591215686798964,-1.5248060653615405,-4.558088467243248,3.634715518708801,2.5120366283303555,-0.32094015852432417,-0.3497238473233137,-3.450736944936675,2.667822058054623,0.29082369859359275,0.7977244037478309,8.227963255351305,-4.527953534475279,-0.8725847831957324,-3.365439953598346,0.2816095727638814,1.984083283079375,4.835277207832212,-1.2302697588413363,-2.58155504437752,-0.2730695412110571,-3.271037648816569,2.6068304258218373
sample_354,0.5018299789622641,-20.00600468151924,-22.531326165585714,4.176062992008341,29.299645150251024,7.705586257802476,8.13379590439017,5.788764234019446,3.1549104537929207,3.7411426703985353,-0.413623116774687,-4.374911754315463,-1.4759241865761408,1.465156495379161,-0.9520252545448991,-2.056430974339089,0.36852150316601034,-5.607878593157268,6.5039125899482615,-2.470637794480282,0.6862505817560797,4.7581533317135065,0.001880233220782112,-4.972737103858301,1.7177902944439836,5.702427424192793,1.1561745600240414,-0.888595079098868,5.180959407454961
sample_355,1.0012310414144947,-14.980170646194079,-3.9981954422591057,32.98699788779514,-5.483736644284475,-2.9645649919035164,3.1298200657276136,-1.1465464638040217,5.062395428168073,1.1260117252440074,2.8171344785507895,8.46053725374354,12.160917996555856,10.410114870149151,-1.5126576309303261,-1.1441974893384166,5.786323817328393,1.9968393858269766,5.978696558330564,2.000539035197777,-2.7585394210597096,0.35543707935218904,-3.5327840574854097,7.843118867709485,-4.482418037422946,-5.721496269277088,5.184968329751185,-3.5575503855908996,6.843946011924485
sample_356,19.742216229989737,-2.696639379939057,24.44018105685873,-13.333540025406748,-0.6081780876098221,-11.153599194097056,-2.0116778098399895,5.187523892076369,-5.7574629240606825,-2.5072441693825267,0.13419150955831904,-1.5417142080544528,5.789576078099971,2.7354911786104275,1.866767038340565,-1.353481919338228,-1.487300727429762,3.296039460487652,0.21822531718416727,1.2208133521295683,-4.664426760042131,3.9796240144005117,-2.4041219351037495,-3.150216782322337,0.11695957508645159,-1.3301744357402543,-2.5910808227393805,-0.3094700595868615,4.022319676360197
sample_357,-62.05521615042547,11.498624136372063,-1.20372662386644,-21.53427728269716,-7.647921592748342,-6.53858216156141,2.8918297071569365,-8.6684710238776,-10.612500743235213,1.6271512004082247,-4.9281572300077965,2.457526663742112,-5.63683996672137,8.415578010360191,3.710666982806168,-3.843051831860869,-2.803641465419941,-3.947809476486254,0.8211012796094682,-0.40636029486362524,-2.710488437358162,4.43897150756453,1.79484336950297,1.9700731783716194,-0.4264414794047473,1.4810324214405857,3.581181726334358,1.0542815188655728,-1.405272148517758
sample_358,15.216097159614057,-1.6694744508039014,23.053379625605082,-9.077191763320586,-0.8914052640420368,-7.596121198299641,8.528169514733523,11.42341835895438,0.6828989775001496,9.719158484828426,-2.957256509544819,-5.047689030383876,0.8264446895955561,4.764676423361741,-3.8615066040292843,0.21987158094444487,-5.039522721640658,10.217880035327786,4.184994705746976,1.3590393741537135,-3.7950842155742546,-0.2288512924424634,-4.488173116040341,-0.39674859739859386,-1.610088589121541,-6.384195671145805,-3.5410921940669238,-1.2968082763332498,-0.7653711688255642
sample_359,18.73615728460583,-8.10352526169214,22.874537236381713,-12.287554366833408,-6.565818215339854,5.317485228460895,2.4903830301742027,-4.4437778251066264,3.787418867113519,-0.36985830917615525,8.90198484390646,-2.1874268751220463,3.426446551479943,-4.293792457233532,2.76655942259913,-5.85954727118292,1.3976113965456263,0.027149679121150884,-6.257380933513941,-3.639660147003666,4.29154325146845,3.675161072152362,4.954880960729685,-3.1762821989464363,4.393260553512072,9.142543044129253,8.836807342293827,0.45372793523767596,-1.4960071656300746
sample_360,15.729511212582674,-10.91957854369966,15.544258136572918,0.11091227563382743,-1.8358156967018973,3.253092345869059,-7.534203954791688,10.802523306795369,9.641812228790913,10.002056706239197,1.6411633428818961,12.244935335892494,-11.910890063292882,4.211830360822068,5.66921570793011,6.2593712246926865,-6.830328831278998,4.512070266187359,1.7278592144311873,1.2458982516773025,5.73865121549019,-3.196823482050166,-2.5337340351376936,1.9068600442249892,-4.943964587255014,-6.183481199315376,-1.5065210304778494,-2.116856279439662,4.169268432795428
sample_361,6.332228830842856,-43.01226588564748,-35.20018731389416,-20.816736285261904,14.603952486219875,-1.972317526944931,3.1918689288696998,-1.1076878998984268,-3.7664040895431383,-6.2018571175906185,1.549616222942084,1.2504686442068853,-0.5774819192496895,-3.6769271719631513,-0.6658509209479763,-1.7616222779226234,1.4092422447384083,-0.7846602329816972,-4.609845052108845,-2.5792998845643607,-0.8632253286492745,-1.325758335735818,1.0084421979567741,0.11192058506412321,2.9535467785803933,-1.1955955250657828,-0.02625205397859272,-1.0737492763609247,0.6815660041056554
sample_362,0.03703815537350747,-21.045515802313805,-7.745161806394027,37.767649031019204,-7.2850554296539975,-16.391033614718218,-7.202785823705613,0.7096914750952505,-1.1987896340041673,-2.0936325907070845,3.538546632437435,-0.8184707536830093,-9.3559586143567,-3.514247750410774,-0.15409415328008183,8.208636925577395,-3.4552507517967217,6.042754869300738,-0.8428867298075393,3.518853760103686,0.39310614381940523,6.305961080086912,-0.4468167622328908,-3.3885244765668405,-0.20023032293201545,1.7849438858130138,-4.101755770202028,-2.7870858610596247,-0.6903335684278881
sample_363,2.743189717687394,-35.74465778220011,-31.02026801050435,-5.13645043669502,25.414720038613865,-0.10060160811730413,-0.01715081120798994,8.436011171900708,-1.4504214918183151,-2.1315197351629203,3.4708972926327806,1.4096898827458944,-0.9527820952797412,5.675459268116496,-3.8116227306079686,-1.556093127545646,-1.6949332113929985,0.8758980405333717,6.063553467965602,1.084886193902693,1.284784659516143,1.8270140322152943,-1.2409774032415661,-4.785388062572354,1.1886402901594704,4.981937065993039,-0.7759204320788864,-2.7344665961133496,2.694951293127828
sample_364,-34.97782650097787,7.31917484354496,-3.5386193568110893,2.0926591923856064,0.18029103014510137,-5.480437183621326,-7.846297597306948,-9.97291771713635,-3.917617730443015,-3.6805323553010902,11.502182042037571,-13.284923624902765,5.501746931590528,-7.838858946326251,15.177326240966948,3.8801056066930446,3.898513118620066,-16.155637968391737,10.102678290803645,13.429352301865372,-1.588629661801224,-8.288293489593963,3.447598356303546,-7.889263583164427,-4.0532381661341885,-11.694802315932128,5.561713012320969,-5.486129377415133,2.718245155114197
sample_365,15.637352700130263,40.30188463342438,-25.079162902758192,2.141179795967204,1.2029933510952957,-1.1339501702000405,-6.74251105210479,3.2804747095426663,1.5755040299079248,0.6117935019338474,4.50807809402215,1.6479057412984401,-3.154375518512482,1.2146713978136605,-1.944802071007307,-0.667931792402449,0.5226587772738932,6.080493773698894,2.0108279855092643,3.0278506422154496,0.29579999134281043,-0.13314823556449923,0.9965857158353568,-1.1916252821098174,0.5405834870899842,2.2148599073889406,-2.8498881460542136,-1.489084312929586,-7.196170202345267
sample_366,-48.74477245046357,14.466370655391556,4.427340545164089,6.260381790468637,12.372321078886767,3.0338425323687868,6.636081953817935,-2.666456980543609,-3.2493548860504338,1.9256285996756417,-2.950849734416893,-2.2056500277638373,-1.0096749800183513,1.596044248418691,0.7837309519100657,-1.8449981457959261,2.2467786658040185,1.454652297135101,2.8545957127797523,-0.06513176538905827,1.2305277074126246,1.2889766315669164,0.46070202597938814,-3.840146393497717,5.775653603399708,-3.159585367819444,8.695947476598834,-3.502941551829537,1.792030238859669
sample_367,10.788776891132002,-4.471951454000632,18.84330585389642,1.98777196835359,7.058249757287248,10.608856284761826,-1.9450595741936072,4.041244573722604,3.0696421659420206,-4.048850767622415,-8.630415170736779,14.532896320317093,-7.029986658065332,3.605682172791898,7.113330678643865,12.045626534424558,-5.7721747551255405,-6.368839747636855,-1.3942987240214986,-6.912675929444071,5.638033747835275,-1.2464463528355145,-2.2302958691854298,6.01166878489488,-1.279709322194038,-5.164340064259528,1.1386000664612839,1.2293065319529555,-2.6847980460920597
sample_368,13.138457907689874,8.088607427038601,24.346919291158276,-4.77170671334452,10.040304985412833,-7.071175381440875,7.618616020398792,-2.3611203515263726,4.044337096092304,-5.830744532275265,-0.005993553261278688,4.983111220322803,-4.243592647988419,-5.075658317844596,2.6169898762887316,-5.571984951531141,-3.2193927479322184,-1.318637827235966,4.07221329485465,-2.8594648130254177,2.9352721060994873,-6.387136888754367,-1.6229121394853019,0.9588069616264868,3.522813290418191,-1.7873683746623423,-4.2960640062244675,-4.662928943627147,0.5686003831574606
sample_369,-60.79116335501611,4.763327121260013,0.6663127164345825,-16.127982342300403,-7.652929813083826,-3.0123510298016414,2.406527994573098,-1.3994829386830347,-7.754513710879815,2.0406533272702387,4.6953557470539495,2.6288772025119114,-4.132430189011313,2.6116592994220573,1.2610014223403558,-0.8763855595260635,-0.5115395738229881,-0.8381383200710834,1.620123716053742,2.001256377592374,-3.960191712678942,3.6361612305412905,4.174269771216469,-0.8762146905606154,-4.291069495730045,2.5242248858556713,0.9605771530319765,3.3645130372120526,-0.5259360737457184
sample_370,6.2685877635409915,-1.946702009537756,12.21423651374797,18.306187200419703,9.848098812592095,33.29726743615903,-2.752911815338211,-3.347278084927529,-14.602085309095608,7.415766704525832,1.422586416668629,0.9650893932106062,0.7525718241278239,-3.333845572640652,-1.9077371876315434,0.364142464809485,-1.7799474494837237,0.9347158584731072,0.839151330088692,-5.272772872873285,0.4569384471202209,4.366599860673456,-2.806113685956869,2.7923325915941786,-0.5507038055985314,2.813456672284303,0.2655410906100152,-4.720706072761844,0.5998245113237922
sample_371,7.612538195912174,-50.042764415021026,-40.86463157493669,-28.270847219679794,9.095818920046911,-3.017481046336058,-1.9539500238307805,3.477659840277735,-2.7222718701046222,-1.065255827244114,-1.2068794997469325,-0.7870426195359568,-4.2655847620749645,-0.5200567242388183,-0.002376805364100967,1.3336557438001506,1.4465952496154602,1.9538067176237643,-2.844852365527334,1.957649304124376,-1.5907849622023695,-4.532050629289326,-2.9488775985923286,3.5044297009539855,-4.698062664293835,-1.9667088832950115,0.0016148498257897096,-1.7924372195355551,0.9277958721852196
sample_372,19.290917059810564,39.21480055626507,-25.16384203244173,-0.07855796879731418,-2.058570850338952,0.16840659623857596,-2.447662322816212,1.1852436913399966,0.838948361656305,-1.1855592250265796,6.3677040850887145,2.161807372710198,1.2874377740165728,1.8131920121164622,1.6758070686709214,-0.6884623140289712,-0.7018836086697141,1.6573903331494557,-0.09464552955814619,0.6801026581866425,0.8481576704968905,3.9832441662921205,2.9223732961810125,0.37173552198499427,-0.2536715720254542,0.24659548922335503,-3.735349362223612,-2.0659667276759213,-2.300253121733364
sample_373,3.3816727503670854,-21.770914128036686,-8.875476227838142,13.129085346913055,-5.47470965324555,7.339666065793552,3.930069955409649,-11.470361793091467,16.90096666717388,1.6674333387612208,8.095181407497918,10.46172733584358,16.86445408694457,13.991164923624085,3.3590918195254584,-3.5028803602275365,3.095497599394465,2.1087195847783597,6.391520315028005,9.543940254555327,-4.403745073422076,0.9569883688366543,-4.293307113452977,5.896019092578427,-4.431949136713694,1.5156162659329597,10.169238808471794,3.0378147083490794,1.560199613423711
sample_374,19.728341365664186,40.303700818709665,-28.377077242796577,-13.966401038543172,-12.410388367231551,-4.062622913309991,3.358613883340028,1.8203109623755702,-0.4804227785840599,-6.60033614911863,-4.944746054438997,1.0056431004005788,3.6335400816598042,-1.5744339726844478,2.4355391547427905,2.889269111696566,1.274904725013565,1.0042608759454486,1.9640513259044925,1.3845352584046866,5.807767337934457,3.5558198131971306,4.2622875011986485,3.197402506330542,-5.213067574649134,-1.2587158648161703,-5.447025367582844,-5.378461211933291,-3.338772536012229
sample_375,17.46841711774504,-3.928039726825974,18.94465961627549,6.163096068501742,5.481725674010095,-5.37039806033911,-26.69352950981563,23.262784174634483,-6.903053380728404,5.118819566576065,4.232614565832291,4.162054234458736,-4.844406415313767,-5.977795732389737,6.0044383932215535,-0.5716824250159814,1.4084662310008518,-4.637667913276564,-1.2519370597432753,1.2740615836840588,-4.351522606093904,-0.2679945623375942,-2.3693580540042882,-1.9441144676220532,-1.4752047061139901,2.3880624520297338,4.203434363439574,3.7520870850346695,-3.31695050880923
sample_376,-51.22600483338501,7.790288635733576,6.169662595324538,1.4915549685524676,5.332713988854954,2.1665072879979026,2.7486593743369494,-1.7488801004556433,5.288446380380086,-2.2035130058301586,3.8347194426776734,-0.8581151918228993,1.9773383573068857,-2.503080096743709,-2.291487348627314,3.2380320260428386,1.6380775079418781,3.2237773864206645,4.902696937032185,-1.4520734033391953,-2.388353947869797,3.479588323157256,-0.00826580056280816,-1.604893354969874,-2.237753883047759,1.9909919615628293,-0.921961427341409,-0.34931688369641434,1.5433272423625326
sample_377,17.52671122161326,32.82721116260008,-23.020726209561065,-18.969407853420943,-14.693111034522538,1.0329826528103079,9.562493777538126,-6.962852393888225,12.800402574260163,10.134331125469119,-14.696235697850446,-3.237858004019237,-5.340446201141083,-4.98735061768628,-10.77966054250706,9.926090140669068,-1.4044081931108146,-10.184158264461534,2.412312247417982,5.24411668989737,-4.016356861926641,-1.1127975439967033,-1.3505649035859504,4.679233195108329,3.425211635292573,-0.9298618753638023,4.927881652529294,1.25408880909501,8.66747693167896
sample_378,14.547927538719215,-1.2695824741962987,18.147028877249276,2.0844298907616223,9.44959721630554,6.429906246753917,3.9277375525468305,3.679465720235352,-7.6210286162999195,4.0554289087055615,-2.7369207548398675,-0.9515031987074077,1.7989559862149043,8.378781360998486,1.9510872335659353,4.409776991143027,-3.5892748310759357,0.5696026849094786,0.7088080705053789,-3.192981343623292,-4.792444279328825,1.3025963360729882,0.9105201967466425,-5.336437974536024,0.0769795378171352,-5.045067369552597,1.9063872222602414,-3.401607558655277,-2.340698370449951
sample_379,1.2959810080916796,-48.26542227707908,-35.81762798397992,-23.598026701045963,10.78801372069973,-4.116681881016402,4.0631070879945135,13.012875286454044,-12.423742329304723,0.25824068463976046,-1.1015076625933315,0.59963737247263,-2.534852433258114,-2.6656357396563815,-4.040583189152071,1.639855960876391,0.8216463479036821,4.318370554273554,-2.418249737284982,-1.2153088856322833,4.248856963090564,-5.477110246693543,-0.3604699245091443,1.6874639264815843,-0.13721945344457764,-1.2068730310104623,3.2367660095156228,1.311100029211651,1.1698938317634904
sample_380,-54.417492472529226,1.365982372541908,5.197339615270828,-7.971943812099399,-0.93888734680635,0.1679200582645327,-1.0889881790440057,9.733103092927314,-0.018884236869322817,-0.09195043921967423,4.246532712365684,0.9783160922304466,-1.1827522500163328,-1.748846426750855,-0.4196781263039839,3.880000857739362,-1.3537187165623839,0.42262146852939714,5.399917398723763,-1.2347203791947796,-3.1612051070675715,-0.1840851787853645,1.9815797897161902,0.9891345675098187,-0.6734400798607093,0.5015159946493201,-4.144405943801088,4.313631559099624,0.013348561854053703
sample_381,-58.12809126576588,6.584701284900524,4.033329686110189,-8.781904050801504,-4.441561457956998,-2.9681505315412298,-12.205559241886162,3.983359423052052,-1.9550554809812881,1.489372809540158,1.5634991373231706,3.3697433523736438,-9.02622732997456,4.056256866370438,-2.7548203194805208,-1.150803634171084,3.761949986061417,4.160458155193746,-1.5054157183557284,2.979570880339835,-2.4149042652583206,-0.9415045803562055,-2.0208880623052425,-0.05066044811007812,-2.2253484757203825,2.3229924502708523,0.08516572091887539,-0.5097206288076456,-0.6729228610842678
sample_382,1.6014459450720333,-44.639941389739704,-41.182347927182505,-25.97732556530193,13.200375934518652,-4.337311470261938,5.325105467164736,2.5501986760309587,-7.1695746881381455,0.7686176121590315,0.1311539759991569,-4.29409169117873,-1.0622439921194309,-3.3972049540995166,2.120311764625905,0.3806552306067973,-0.22953710315207024,5.517434310615656,-8.102561571960509,-3.5992052099196723,-4.034360848879027,-4.393834971156036,3.552251929205911,5.991922091150651,-0.421080033304712,-3.414819283697351,2.3124947561743348,-1.6963071058475605,2.238041221254353
sample_383,5.5503381031325025,-40.130725509549336,-40.787514723121056,-21.100276256049487,7.714347445335327,-7.366511260983489,2.8407855348248563,8.487989222935456,-12.727782356754922,2.4596808045736824,2.2663469523217654,0.1846054566504799,1.8934868163071628,-1.238765462766061,-6.10819392751429,-2.440207257707979,2.1082910624776177,-1.3502264276121072,2.2001291016959956,3.1342971594283857,2.9052698502071084,1.1983662077735544,-9.608387619835227,-8.991387149337108,-7.546541078732845,1.7716849056826038,-8.402602046723976,-2.0665164659208273,8.259149992557619
sample_384,17.28871864797324,32.882737203693274,-20.003215626165456,1.2072200282220291,-3.0250623832001877,1.50226156053248,-5.17494150963105,6.768975546340033,2.391296076010928,-4.823476033836162,-3.1153307467341675,2.4542215063677766,0.9673598989278194,2.3451335063842906,6.571206991706734,2.5465490946060343,6.405958213112422,2.687704389929777,1.8988297994529573,-0.8593994177167612,6.1273896744313765,7.297378073295764,5.050202175142481,-0.9899276696871966,-0.665054074097552,3.4998283265744097,1.5408281713227632,-3.7367489067518953,-0.9729968978057719
sample_385,19.0754721526102,-3.0158617793014426,21.227057349723335,-14.302232630183259,-3.3279159388739252,-4.45721441262399,7.820402084412355,3.8524201800618987,-1.1628999132174378,6.036654365108865,-1.7896738790131623,-10.672093060504697,3.7740268027763926,6.773675869312343,-1.1011921417551824,1.005857903240349,3.291833131746297,5.825728683083182,-1.1997551752538733,-4.247146041333824,-3.95864970591456,-1.6238819098963146,0.5833371681246409,-4.480844716595279,0.3709935992905555,0.5108425936442728,1.8160322424671875,-3.414710863964484,-1.8131856270128073
sample_386,21.293795597448216,-5.223500655367301,15.218719670653794,-9.632541209629299,-2.1337854752062877,-9.390704463356954,-17.470846115756228,8.787408299712402,6.718568181393578,-2.083897106322743,-7.315095003057133,3.8643791644893986,-5.20476730937371,2.1489375202989143,4.0214889892455234,1.4560453158032762,-8.675453559093514,-6.040434790530089,9.37734787412772,-3.522025747339839,-3.0131021772952793,-4.50539857920096,-2.6539155144840016,-3.026230423569268,-2.661501041588613,-5.430944201210297,-0.320410832486074,0.5746774851822204,-4.857499346469649
sample_387,5.660777097086944,-14.892029173625637,-33.74433712338232,-18.71816432135786,22.042731085689244,1.3166450761719415,-0.3449775517347054,-17.581480145495686,3.4127912629521227,2.2958670273556443,-10.841664755314788,-12.593932470507747,-0.7032076652483652,-2.199307640518508,6.468758678476027,-1.6613751561374897,4.1458402776247345,2.696941154231171,-0.7531889000455331,-3.600780642829025,1.4419030913305206,1.245835035052461,-3.614154926771029,3.9051828547610707,-3.646945990019758,0.23204764517433987,7.9801691364034575,-2.3133151024038994,-4.267016735022125
sample_388,-58.58601353080372,3.5265455548755527,1.72583795573091,-9.947179669996785,-5.119352575390553,-0.5461466609532288,7.005007840684339,1.9961047373912026,-6.615951909560638,-1.8152665037660232,8.769308021339723,-1.8794766456312049,3.4314937155322975,-3.610563986967837,10.592900031223433,-0.18192928937469216,5.72364455753861,-4.500153782816962,3.011772575023953,0.9541188564632549,-2.4516816987371457,-0.443902991953024,2.3369855096606833,-4.806653589733748,-2.136213184242631,-0.31416558093991004,0.2886721342702442,-2.2049160955072407,2.943761952931155
sample_389,10.800039848825921,-8.296966422106594,-0.05744156621324508,14.114615776757377,5.5937774000932805,18.52148424273925,-26.770019958521498,-11.99925119556416,9.26441318791609,3.271642051595643,2.6364860550920746,3.6526317394383465,4.870481772987302,22.67478918606964,7.120481420247061,5.530117330329413,0.246737380850775,0.09366545822044958,-2.3430138757922294,2.514650881193413,-1.5597824012770685,-10.118280752188161,-2.847957439328772,4.809606378620252,4.624291687838987,1.7402482841853835,-6.271781061052525,14.002371257077632,0.4770265486593785
sample_390,14.417014055500069,40.100137323891886,-24.31978334817357,8.452430444215846,7.3194949832466465,0.5013656796433711,-8.800909312660464,5.194224445417011,0.9185475597432554,0.038548231376547275,3.7307037151558657,0.9580274865374877,-0.08880382762780649,3.467527632291369,0.3970792596348979,-5.866357222030631,-0.7430082894398171,3.2128541489158433,-1.4621301428873874,-2.382860185806919,1.7724601150693358,1.630358387159856,1.6285640227815037,-0.22722994945457126,2.1165222016841265,-0.8667015703480686,-3.3087369915824447,-0.05163217492971115,-3.3577835020537496
sample_391,16.78879422242162,-16.797806327188145,6.054300914801525,-6.497574763091725,-19.483294198717957,32.29466860392961,-22.350539871689524,-15.552442019990083,-8.513993169037132,-0.3288456546549058,-3.3767249196475477,-1.2425905766123737,-6.044911572811982,-7.67388369484643,-2.939025576652407,-4.646578022196338,-1.088939733498213,7.178875972243938,12.05587820750754,4.0772326881586025,-2.9527431295360533,4.73986173779114,1.5615707185479957,4.332555524268089,2.912306473024346,-1.2787843592779955,-3.0073629046341,-4.590904733486027,4.389549442229229
sample_392,15.661290414128503,-4.631308364058781,20.908824627455438,-22.11850703870263,-12.838763098623577,-3.6546154005890354,4.530126627881208,3.172837762075166,8.155516637718838,1.1061382784352678,-4.421689619437498,-8.226154366085856,0.6402110277869946,3.5588926592056147,0.8160795051401752,-5.537828648664573,0.1313169996243992,3.0887946948084717,5.052459015400501,-0.9915256612775849,-4.08984123557942,-2.3834471265715953,-4.110186634188314,2.375986907083814,2.797246876860358,-0.7110139575834589,-2.2378503771707403,-4.560127977022117,-2.221803948467258
sample_393,14.411663162465123,-0.4036815593048996,22.60869837714905,-1.155340819579129,6.6676827682472055,-1.874665817842583,6.272670360776522,3.940806692906015,-3.7568102035611406,6.7041681720201645,-0.3292966776754858,-2.9607464703319786,4.676371681879369,0.6743477199949967,-1.8607877069340866,4.942051133547589,0.4456353979295775,2.3544946519658394,-3.148765163638609,-6.5940685283694185,-0.12630611477828788,0.8617386446654541,4.753922780153653,-4.466394680290583,2.5152778843149837,-0.32014240568262287,9.033521503772828,1.9664232383229876,-0.6298595653253479
sample_394,-6.716709259803753,-0.3766865441323282,-2.890608527526308,36.13800039261595,-1.1100653995342364,-17.14347680804372,9.768571708321195,-7.859081221444628,-8.316072877139106,2.258366689104982,-13.732344018627598,1.4115859068240593,4.286231709901742,-4.289357475725956,-2.450364411113227,-1.8015962242966346,-4.793009345332193,6.761693087918977,7.910456166572593,-5.4463446121032515,1.1427979378388933,-8.316157562350188,-1.351833563563885,7.112732616550892,-0.4996059985265106,6.329686647965201,0.36032450691868984,4.009771906948019,-4.934498651062114
sample_395,2.6571984243527127,-15.898860828168514,-4.030239873420813,31.06123745350686,-11.24016582636887,-0.8838060657349932,10.232131398783489,-3.400769051676907,0.5325461894950309,-6.815250408165631,-4.851337910606915,-8.682565340897563,-5.54805567124557,2.224752235326088,4.591128222025451,4.496180852294218,-6.835671376273412,1.6176220441604505,-3.6641140824329734,3.219770858916564,-3.8391071277970177,3.6064128868584397,-1.633103779807293,-3.985590156029373,-2.809153524044606,0.8285249623982518,1.584155851791054,1.3835083956539889,1.788276683115875
sample_396,-60.4785162758778,0.9633353387441238,2.8651072746163235,-22.172166971969293,-15.114868616419352,3.6475899030508123,24.49576402873421,3.0117465203145435,-13.6354382665492,-0.1583464431094267,3.7532788755391966,-0.2561706788930221,0.3692323235092839,8.532118032992361,2.8775226672978906,-0.3305141334386387,8.695690433482842,-2.5864932357903685,-7.137919162137084,0.15966748419790125,3.3043357684614825,-0.6723572740187755,0.6833801582783277,0.35761099013528513,-0.08948192871200916,3.4072066621218635,-0.3738840410121343,0.7504715604513216,-4.14531845049294
sample_397,-5.577752841732639,-11.94769202164606,-4.302552891954635,32.82527054063328,-8.525432224995134,-11.409248526770575,5.80984646992181,-2.590571193597937,-12.6242178591224,-5.898256532562658,-7.302903819817084,-8.974240167900744,0.43595284962866226,-8.59521830021369,4.755468979317316,2.6881580380572143,-15.70766264375891,-2.562689824248232,-4.0856318520571815,-0.7254701525445177,3.071036871422213,-1.751015952361836,-1.3516959915462938,0.5823272647861512,2.1890632280771043,10.647312844748903,-3.8088641162801293,-2.4292961688144334,2.2566716585173987
sample_398,5.659457807499576,-13.67678033397723,14.471433912660595,14.19038472675503,1.4200395409212678,27.293052500045835,3.8664805709810484,13.50785237837378,-10.825369041255001,0.5536443325256492,-0.26168873011101496,3.6091676873639624,4.264124915890696,-0.4969233462328319,2.2953725044837237,2.8743671913376585,-4.024383797464169,4.440926561409794,1.4777971172584246,-1.7269100427626756,2.123084249372196,2.9891242729110443,-0.16759967976306284,9.038840786820407,3.76325571670131,-2.8016710892945333,-1.195342246289996,-0.2658684444004874,-0.2411108031280051
sample_399,-56.05765441668636,2.4796820488564175,3.7042639380189866,-1.5181149523145563,1.574734399677154,0.8538176605847904,-3.2287865327563625,1.6624722461413517,5.788610187240303,0.18603254396534016,16.488864393783548,-4.0876133013611975,8.641821090909861,-10.89535221880188,-0.7980711123799649,4.406338472236767,-1.236936013900565,2.567237240966225,-2.4574339096785125,-3.5422117489299767,-3.748267035494825,3.7888117923101903,2.224065120467502,-1.6715217127708135,-8.023964129966297,-0.8239627192965239,-2.558940907851076,-1.589819312126407,5.302907747956958
sample_400,-0.3244960406172981,-43.30365108939137,-35.32403981977809,-30.186185756712575,1.1672468909325717,-3.093733510934098,-4.382817513498093,6.57044104823474,-4.407205530646289,7.976343769682137,-1.1981965001963693,-5.679341903663774,-2.0702683085356255,-7.759867730963077,7.431417994853789,4.091307823747019,1.86007685842448,8.32789773184651,-8.90943033825678,-0.1423507026768946,-1.582813923515261,-5.01947579330472,2.7598774197712665,10.249557128877687,-1.2193651454050334,-2.2979285472107276,3.088597853432799,0.7596422870015078,-5.33005261877096
sample_401,11.509769266635685,19.84542395312533,-14.561944276167129,-10.264181224792202,-5.535378219628826,7.917349009499203,22.09084745828759,-4.768021444445789,5.8464266040589195,-3.7118104035570156,-10.254452840628742,2.777415315496887,-3.8651282206884656,-7.545149932142317,-3.209321348956497,6.343560151984974,6.441234733736893,-3.979484719131483,2.208129559289673,0.5516768623708933,-8.995413237271512,-0.8705891218058156,-3.5693451429217733,-1.5037104497038414,1.566049657839941,5.779303330460213,5.867982714550372,-1.521176067397975,3.0088238541208487
sample_402,22.210120643793292,-3.4385274172092593,19.001999241716554,-12.47421997153236,-3.205341774367039,-3.9541137416498993,6.10473195580881,6.969113176732881,13.453805932881457,13.216012892677645,-3.438294457419348,-0.4096287630690762,-6.492280508762532,6.8765970374729495,3.3175715283343776,1.8590317447255953,-4.519911403894458,2.333520521750972,6.028712050294819,-5.282173401849197,-2.8939674425330124,-1.2702825067237318,-1.46119720800212,-2.6913260522471,-4.674186429734404,-4.499750868570052,-3.3481995981069272,-3.8850851498628995,-3.6514378974485524
sample_403,-0.5407374851667037,-23.404995079812753,-12.305871224837599,27.196089752109348,-6.792747759212746,-4.341169119420106,3.8517192197712036,5.020037927737959,-1.2661698927517053,9.965177543003804,3.3093238701705254,0.6804401637140036,8.46999432883211,-1.2661067404928035,14.553789886875446,-1.9190725675325797,-3.6530537717038465,-1.8654269068657245,-5.542243119889345,3.980265271888461,-8.894101646912176,3.210351818826544,-3.1605881516968153,6.172635861332119,-2.0535754613424166,9.144296207822846,1.0527116272457406,3.4774413937233417,-1.1726282202897809
sample_404,15.87748521115468,38.55996187684539,-25.330723200123586,3.2853544975364772,0.5835191655528675,3.0880747064367653,1.3912499793997088,3.3206337569237507,-2.302075404177742,0.3877806287666922,6.920074008149559,2.623597865217994,-0.5218130999991045,2.5030794958522096,-6.085090310640954,-3.4164628026493644,-4.880345975475147,2.0761222242479933,-3.620952609874022,1.8321069498301992,-1.461449736383235,-3.888965002198876,-0.47113870706253547,-0.7163993037154357,3.6740851381957547,-2.6755348024886185,-1.6426858916656384,0.30212545703881355,-0.39694006426123196
sample_405,22.117938349207638,4.9089243295979585,23.44564231428376,-7.572399567529305,8.97827348016328,-7.012191212001098,-18.858599254111837,-9.973708164241332,-2.304378650647732,1.0262250548118232,-0.6979893838933471,-1.207053015571662,-2.4410118331738757,-5.319899946586039,-3.700723529068209,-0.9257708157238417,2.4240827407546526,0.8121352901822757,0.14205562378027692,4.503081036233677,-3.9297965968424964,-4.3879885650993895,2.571895699572751,-4.658224519462508,-4.560478680580821,7.739910671604524,3.9613603771730617,-1.8435153029008524,-2.5400594466437316
sample_406,12.913197031398944,-15.077079711338522,1.456927184512658,-14.181162990779907,-33.27504145071471,25.145919880500887,-36.75517861780226,-7.47415123100192,-17.81397968439829,2.763580373466262,-3.2790335815217557,-3.5933964587174922,-0.8645479110288622,-13.505017559594004,-2.4269348501242027,-3.6702545213282978,1.6904441780361816,2.8169897620693773,2.1934781033389776,1.0947699221307132,1.5861303415223276,2.552653772074493,-4.30590422943189,0.6121627752068548,-0.13790671932149604,-0.07926404743534642,1.6565991277107162,1.3730665999065421,-1.1027347190371413
sample_407,21.814014036084988,7.791155251763122,21.879568092303263,-10.353109302124759,7.032159266863953,-4.850284397496596,1.4642528472743221,-13.585785370285354,-8.600226011418929,-5.341113029459316,8.044202276095517,2.268482351622946,1.9518232524612387,-4.869276920335819,-4.219000741878517,-2.6526766810990536,-0.3407523813629364,-2.1932581763616694,-5.925050119587574,5.5335816972679135,-1.602308354538782,1.488893833324974,-1.5515163814264712,-1.0334837405389472,-4.418846603704764,2.9043610464464127,-0.24671387991635935,-1.1167446686442541,1.638651300052287
sample_408,1.0098268454118289,-15.567366006207177,-10.91323192930959,31.04979676458623,-13.061141440896312,-17.838455838624267,0.6533269725325502,-8.554830261837212,-10.527791953102366,-4.578036670867008,-9.75438325851098,0.5330976877057388,8.75725346881474,2.0445855383778397,-5.901543521685635,-2.9610375757654745,-6.449984940063991,-4.055849536553473,6.040882915116375,-6.765290949976257,1.8929137479492582,-8.668978300044516,3.9079384737183807,3.118274612416808,-0.9695817888775747,5.409512365913129,4.59951182879778,-0.06800129765343005,1.024468954624879
sample_409,15.770802484545218,-0.35747087818198015,30.18938436919961,-9.958035229139547,2.4686374579238444,-13.102629493018147,6.1444554096642925,3.6246099220301358,3.3048487198810563,-2.5373023329300075,0.8331314679890853,-5.96686869467829,3.926110775614909,1.8616500284540634,-2.457397475661205,-2.9348203209122286,-0.6875482775260695,0.5116759779363658,-2.0571020193112686,0.9595455448997685,0.2718866045479146,4.887489643450817,-0.3873819303186441,5.07502756713136,6.448314970060641,1.222295384592093,2.7344780668621547,2.509276071405256,0.002339540806201746
sample_410,16.355732385754226,-19.3247106043322,1.9529423532754997,-10.770792863037249,-25.933769686013278,35.344615232612185,-21.05193060642215,-13.748189133228054,-6.348250434010744,-3.173760571598398,-1.5695554798233569,-5.3133671415790955,-3.8535757020138655,-0.14895041208537013,-4.924099366678326,-1.529277569274503,-7.2713216192542065,2.243661691574852,10.192780860592354,-2.0223447099683076,-1.8247557495845717,-1.9512994776406811,2.675714173742848,7.637114823170649,5.264338843406324,-1.4560464260426098,-7.9225666168696245,3.0580732186345934,-0.9072853196418056
sample_411,11.387500248291724,30.429082712856708,-17.385965699369493,11.018815441493487,6.630795980709863,5.44985851202748,-0.7270618718041651,16.736850145852266,1.4468323108607017,-2.0470492347799727,-2.2199047171517847,-0.005628542280882729,1.3303166800898012,0.8237029239302791,2.381047180149454,-2.6003485484166884,2.668829642897957,1.7683749596655234,0.04109921194504551,-0.8665526465235361,1.4115209375896522,2.149513911281407,-2.925655467557518,-1.4983058590220355,-1.7456206028396213,3.3207453432338303,4.926174790710131,-4.704221686544359,-5.929156605841998
sample_412,18.826002756592615,-5.190851419106483,17.15457185334248,-16.135966968987365,-8.240250673733112,3.4948540462827107,-2.2185661271625476,-3.3554203273908403,8.368751063672745,-11.86101870254266,0.9354262938380357,11.91622833426931,-4.910556199923745,-6.86657561687494,6.656662834549777,0.6022244557315393,-5.6889769916060775,-3.193415365279203,-3.36142495232483,-5.992067853545481,8.650167258326178,-3.156798170474372,6.119119943426908,4.819214940187716,0.4740147901834404,2.530981684702644,-0.9506048566937559,-5.355612579388632,4.525845963192711
sample_413,19.36886813640675,42.642927005939974,-26.916417742124693,-1.4176831584704481,-2.446309655948218,1.2986841675518317,1.2989771374715027,-2.5089561834059566,-0.6036059412769917,-3.043546105925541,7.5478640584756915,1.7069890346983443,2.7460499147274473,3.465853667384102,2.6224589232056124,-1.3039005956255107,-2.492096370102408,3.4772216211376903,0.043241390930682994,-0.06199436230062901,0.7843297088205151,1.5248701026374716,2.1146296629067947,-1.2808476174735928,-0.7747039440574394,0.8119330918229866,-5.667136328530287,-2.6552535287667496,-6.3722237897752425
sample_414,-0.3829847612985071,-38.60248687445188,-37.4674243487185,-14.164420102464938,22.568703678641192,-4.068278841927059,5.30395995376678,4.188737356771449,-8.098351728681765,2.5029561291443834,3.1003322019261916,-0.5290874396954021,-1.6004500991857977,-0.9848265012146389,1.5690162458882537,0.036970877997512516,-1.971336071559769,6.099978291625886,-3.5508482744645598,-1.6266053117764208,-2.3906399581562314,-1.6763605625309341,1.7559812241581734,2.768224331868141,0.3415187721723715,-0.11169336021867653,-1.2957732673226843,-2.5844156634965025,6.8644531802958335
sample_415,19.213835512904527,-3.123667811065088,23.979907911725412,-4.366288239430347,1.8555277547318252,0.09979830592049495,8.97315160342677,1.8148963865785648,18.532863047591345,9.877144695358185,11.313719841672997,-7.9356597718638975,-5.247117942826856,1.2479932617362413,2.02579939139193,-6.312046242045101,-11.22877940229973,-4.969695204338093,2.2124808982848885,-1.2630142175222283,2.7582514462376864,-0.7143391916549925,1.6071306293479786,8.058419125051564,-2.1369137555747115,-7.7481929962852165,-1.2650708071126395,-3.933253335476578,-5.616323046761425
sample_416,6.496812831431999,-23.237419134302648,-5.569549399567026,8.825989289351345,-26.802886048503282,-2.1918067984022405,12.464504357103753,3.640978645746281,-1.688502812509858,10.985610725717237,-1.3289611983620726,14.685505368432372,-0.3600512056606544,-4.997055201665411,-2.780163551711416,-8.969571659337557,15.919041141277903,1.9972922759290086,-8.270832292478147,-2.7248427722623054,-1.2319843813635392,3.2141239250975207,2.1664958610931113,-10.664713499858372,-0.3526771361455673,-12.062275447694146,-5.6212488447622455,6.266031750779171,0.9430991919863261
sample_417,20.630169936800367,-17.798246733405563,12.046508565379607,-25.181266020172476,-20.81963393352058,-1.9348918244386353,8.502999895627925,12.038817324300203,8.705374400002338,4.843317922938493,-8.024474857001705,1.5632720040164296,2.1198050174196945,7.827663032318222,5.343828973645776,6.19978140024123,-6.366432781610421,-2.474360143100692,9.761746593552068,-7.5422959238784655,-1.0523064406026443,-0.4244510607222719,-5.211283734520191,-4.573171027877463,-5.145778842405655,-6.233183002878334,-1.3929042641979958,2.49887327986489,-3.4015420775067278
sample_418,13.488439674101718,-20.970188517567372,8.532720971478335,-6.713470950542,-20.972656021872446,31.972119963135462,2.2778696245935404,-1.3861601959906422,-4.126964125615787,-0.3681124782745554,0.11672352724210207,-5.069162205201286,4.155600201349363,-1.8139669451181435,-1.293860169714514,-6.879191185446138,-2.122243194523723,0.775614685166012,4.18908208677059,-4.120503500009173,-0.8755036185636428,5.913787752607036,6.424746831831991,8.002517261689293,4.1062063095599415,-1.4406791470288502,-2.9323242989171296,0.9967671114242812,5.615637138446706
sample_419,0.7528310428361158,-13.443850141136167,-2.8207443864284456,42.96718731921681,4.791446615175186,0.382150955593528,-8.804775635207681,0.6148661280795551,1.4292584187885866,0.7748181506518993,15.572838794371911,-2.5524707487715053,-3.578273506339397,5.944237405538382,-0.5847024758073534,5.393065020850018,-1.3489360929443757,0.4032595121708291,5.415094703058035,-4.25643643362238,0.3421146939094504,-0.7855422892363126,2.6806702209734534,1.5744291771130967,5.471469241270326,2.247133586761149,2.1443301168005986,0.9534210531142354,-2.996063539790914
sample_420,20.870065316345595,-5.050979074227376,27.495119613266965,-13.151252245605747,-0.9623814652466002,-4.70452601447903,5.041129047053154,-2.6097900502683777,15.557536641148936,-9.408679318490837,2.7031110945519776,-2.10519040718678,-9.007633624195906,-0.4537193122063382,3.2764044768621146,-7.96243345659808,8.75250745655913,1.935212289966016,5.00352181812494,-0.3903932681609471,-1.0832874611548804,-2.3794711693352686,2.810363059180047,-1.5162693759384394,2.48748518188275,4.473203211252726,-6.029255632347429,1.9726112370319573,-0.7700883966492474
sample_421,12.927093367835031,-0.3498410503018118,24.85676365936767,-3.6375343482432823,7.59316391122718,1.516381024900888,2.259139525040315,-4.810526655475558,17.475747467358023,-11.247001940028655,-0.624681015513106,11.272342359132896,-4.953493162143411,-2.6730164727774244,4.709101299943566,-0.5703164713701313,-3.7025784700367894,0.03985614255693737,2.1421476915535367,0.2841755028293999,4.810120978031173,0.43941500539337175,0.7111705030301881,6.6890139446921575,3.252543286926165,0.029816241332640093,-3.1951064329170618,-0.13801744983426834,-3.609925875332755
sample_422,18.088414259595922,8.090600877273015,27.8727792805592,-9.953620045197884,8.919884083506759,-4.82894257688982,12.8485040179337,-10.825808539481336,-4.644393573855952,-2.3861838010518577,4.149290036871116,3.0364833104183497,2.277506444882851,-2.2477071966709636,-1.148519830100295,2.872586016305377,3.6962740034893944,1.4403579806666449,-0.8072625841347626,5.072476511569805,-0.3825938732512337,-1.818754286312231,-3.403395645014486,-0.24369242325435045,-3.4257270379118863,3.3993105362458533,-0.3056487694566507,3.327270700729798,-3.7099350419011468
sample_423,-49.61719957140435,9.044345643631347,2.190391443256219,-3.1300929227397134,4.371681297710129,0.6871536846378276,-6.486374041920325,-9.988952033083285,0.5075603869216145,9.051784734566887,1.2471599640956426,3.0784561944441746,0.39397507121292524,8.802817826174467,9.832792076248897,0.6529054911606861,-1.6528706993939948,-3.2191859703097334,-0.3827635082468727,1.6626868889534299,-1.6748522006499245,3.9800136200580023,4.949415366379141,-3.0267225662200907,8.147893924292656,2.0958581988420226,2.792604366788786,-2.190074221084595,-0.28475685871363454
sample_424,-0.13515430167816808,-8.50528061959772,-12.00121537329692,30.864337247046933,-5.933285887703314,-14.001229784840481,5.708583929644358,-13.230336157814067,-8.433882759161817,-1.5777476449548493,0.02394595566555409,-10.659865527267835,-1.109170851949322,0.8225515533806045,-4.146096171844686,4.9612668419114,-7.046340588642144,-1.8643344438265503,3.0331248954455026,-1.8730826916528944,6.103079466784829,-2.4807871408436863,-1.8974280151339744,-3.5312517550034674,0.46396571417857474,10.471732269476046,2.06008823570792,-1.7214761998600079,-0.29811904581214327
sample_425,18.380473334453946,40.68808070348654,-28.09354301348567,-2.9276320329225682,-0.8652724407573921,2.6373992184530115,5.022902592942581,-6.188439812272556,-8.011965936053498,-1.7984857517790265,12.2720623911992,-0.9156561187189917,2.6399264252174137,3.603417399220865,2.5739125760451,-7.525304844068582,-7.798982987334126,6.475390992638161,-3.4887847515296673,-0.5859848265393507,-1.0878083685079203,-7.3279408013573395,-7.145875372866596,-2.18592217716478,-1.3186178595433817,-0.2667759516225512,-4.945147936500021,5.339551396557547,-0.6343115885640037
sample_426,18.567577131981484,0.8701172995785391,18.257155938873336,-1.785781326123876,4.329595493876441,-2.4050072196697134,0.7499433573085506,-4.646393989914419,7.834782661362548,3.9946184263485955,3.153162285855919,-4.202417201056063,0.6214997172379934,13.772861843501882,2.834402858430296,1.9023277475156015,4.115389940500681,1.0059612968312721,3.5272990503690793,-4.834555058964184,-8.880484326976338,-1.2546008895942662,-0.4688561517709819,-1.1788170655235928,2.3771184126795415,0.2595110209877823,-6.47224537969879,0.21092613180607805,2.3015244978319895
sample_427,15.37761109260169,34.60980284911445,-19.93693970265653,3.5787133463452547,3.3622614366671377,2.2378326891092635,-0.864461552217685,2.6235273086869557,-0.7132527867901471,-4.423729307355112,3.354347226914898,3.4696168180907603,0.3247483009420923,1.0915265062981638,-2.307977212723087,-1.4554793135451696,-5.619400512093003,5.851101403917109,-0.26195542493896434,0.5117688185903474,2.2135387834777167,2.34981168262393,5.3364944918815,-0.46415088280535827,3.3116684564544485,-1.915123396761925,-1.6714191364095676,-4.4478454353492225,-2.666959581360631
sample_428,-52.50226655192102,6.410740575694417,4.713564200984261,-3.9267682268317463,-4.193348968882326,-3.073267882498108,-13.644341731470512,-1.6810919040904004,9.362367364753588,-1.8629674962040634,4.229953020414155,0.6242120533569564,7.140266293673328,-9.79454496076745,-10.278066706643154,6.322166101957311,0.928783869251017,10.170485831925113,0.22018915518713666,-3.356452811940009,3.451036038543687,-5.210404156074447,-4.267567802531423,1.6430239260155763,-5.8470941239361025,-1.7520137835905414,-6.306786663995733,-7.53624944625986,5.963416825063316
sample_429,19.77375291768057,3.74865947532118,20.023897656144456,-2.4152645386162144,6.624398304148937,-2.2776900896644374,-23.49263273807973,2.7096398470213225,-1.559678637119674,14.910611280443113,3.7202842017955176,-11.401651082975018,0.8642571742110389,7.455808852264868,0.2002296078483486,-2.1513784919933667,-5.390547351535368,-2.7710728369939885,-4.235534011336255,-6.83026314197942,-4.673201388715989,1.1656683309641875,2.15316256052941,0.5014173244069359,-4.923384984748306,2.070205032285075,0.7955894055918273,-9.058346841919674,-2.6699109190863455
sample_430,-60.52439049545997,9.793594528903101,5.227795525669708,-14.89603127501036,-3.7418746280318844,-1.6476231397431087,3.7234553536519885,-5.889456465952505,-5.802489907547208,0.07292069637543286,-3.1649115275292403,3.259488612381759,-5.815763951515111,6.989324091682401,2.6429968413312137,-2.9953769198700577,-1.922698195383106,-5.438303545230486,-1.4429896166242353,-0.7158866793502185,-3.7224953393069375,4.701923367048052,1.215391073530976,1.6181286834216908,-1.7754570533665939,2.9470853772771206,-0.32078648637142937,0.9442799960603437,-3.0245926387586537
sample_431,4.792068233468047,-42.654561564602275,-31.0976034557462,-11.994688051021027,11.42648182920666,2.8880810762519933,-9.776163953546671,3.22134906432999,5.828723629858566,-2.759454507812795,0.956765627460301,1.5351851041937423,-0.06811685964922196,4.888485056924355,-3.1275170969401174,-2.156714103343602,1.679654395986389,-6.680017322375819,1.243171720044291,1.4092471696186735,2.472802784801239,1.458732238842609,1.845517028810422,-3.386960730281533,4.080957349709402,0.6025338918338896,-1.0063296553457584,0.5887917709520976,-5.348300906316904
sample_432,17.267518719254465,-10.008199321718495,23.060991771906792,-14.507287814184501,-9.191402996133885,-0.10041981565013836,19.840197796003533,4.657372201546261,9.557082240524718,-2.9590837892397723,0.6854741480010742,2.1025468100998057,-3.3120751445195036,4.379781068517916,1.5945698807195876,-1.6778401829665492,5.3944095288678895,4.873120813172084,3.351620272503832,0.4324513095143985,0.7292892572309975,-2.5213064472376163,-2.4463485171844037,-2.5117856853576983,-1.6519763301245693,-1.3986084418146374,-1.6428762146128344,-1.9240228735245621,-1.878397116580402
sample_433,19.559532989385485,36.92466649594389,-29.768636962647655,-3.460464956589325,-6.580184618106161,-0.820375037230494,0.5163059614178861,2.8805984568996017,0.9632154851542072,-0.12533170582460373,6.779697242921522,4.570793341299824,-3.4001982249292073,1.7913597147141278,-6.232488587790951,2.943662693058973,-3.6544637743527706,-5.443005853148685,-3.4105750151013563,-2.387720943435418,-8.301748650828625,-2.633652863778391,1.5816662308640812,1.5614777969686104,7.419025738617679,-4.632885629155102,0.4063118346371241,3.325520917750817,6.30709502632741
sample_434,6.2351809035112735,-16.259205896458926,2.581284884744771,31.366263252024623,-3.240996368769133,4.43217207797238,3.0529556736432055,-14.261661815725127,14.901999924375533,-11.658285509063386,6.048736819776232,3.0617410155745555,-5.0659594572121005,5.520125118684396,6.175426257701549,-3.4150887231589033,-4.603034049261994,2.701798346447501,-4.326273324435441,6.820087008486477,-2.900983189659978,8.415406599213602,-1.3621995257626922,-1.5569219735025974,-0.21175841213739394,-1.6561778709156219,-4.150045961470824,0.37621051862906374,8.425769015340327
sample_435,-44.49740834662216,12.350670302256678,4.2482782715540885,1.6559742369488313,10.007689682952817,5.464645513157542,2.749522547620686,-3.035225647916974,4.884926794944103,4.353692461910505,3.0068252175629206,-4.160685166030656,0.4952221250068672,-9.573201993726961,-0.4987264367858522,1.5528910116475247,-0.12512699809137923,6.594338556562084,9.261790910674176,-0.681825280356584,-0.05400242325075214,0.6425085621787126,-1.6240712323128663,-2.187526178592249,0.3294566436110656,-1.6094182752609032,4.987330149499553,0.410122151467318,-0.3536956947052907
sample_436,20.643298874087012,-5.039698734933108,17.467688264710244,-22.378577813325332,-6.204099250826531,-10.210816241646551,-2.7456906539809545,-2.886481913214877,-1.1967052707379742,8.63255867196754,-8.075486050554892,-3.4639495280761827,6.464455594759664,14.105504126450352,-0.14838026267901444,7.883024069740138,-1.8279045804691598,5.708601358440344,-1.4663121998862452,-8.94698163191486,-4.475018496445601,5.622614282450501,-1.0014566154800764,-7.259899427708185,0.42735685580540583,-5.536515920743802,-3.8938402742811267,0.3750017007312057,1.890680888240762
sample_437,13.08664968985696,-8.470425790189577,20.980732637550844,-2.202290081566892,-2.8554255572711833,4.68567868890288,8.214960782955714,12.639632826216838,-6.294861512715584,-2.271522702350969,2.811684457032779,9.219545310025696,-3.224975652107464,-7.8844100711916285,3.274850317348776,2.462299883039238,-4.813369803050946,-3.960027054494597,-3.417150109966638,-6.210057250811648,6.8662234042689665,0.2021602879210567,1.2762158065742562,1.7774224306095385,0.046353656780317415,0.9355296614950045,10.033031819725274,0.7268252808837347,2.525014951867919
sample_438,-46.32351705135479,1.5614962502944394,4.095162257069255,5.81600418187313,6.887360116033715,4.107643824643382,-14.410767945794955,7.595628288885452,10.495657072301023,-1.9660019694426634,5.907954386917515,-1.922494767847667,5.579512506819879,-8.606872068037754,-1.5152470428483396,3.3048268707904582,5.491674388852651,2.2775913701602426,2.1722961943758947,-1.3314511486318896,-2.8316631688647003,0.7913907818202756,-3.8136913923150755,-2.866997391722384,-2.9609610489308014,0.29534114339885215,0.5431780903488737,0.5565711429692934,0.7233281600655482
sample_439,13.925384336757958,-6.849002932439856,16.327043753571214,3.2807209592933857,-0.0662374782277977,12.5059103735672,3.0075231300442535,11.673053935791954,-1.3163632049559026,17.647150105973335,7.153702151660677,1.97961143362768,-10.38353630712303,-2.5095204156162993,7.416269056742386,2.0736914347976287,-2.2468093553537307,-2.4972464794491493,-5.844876168639751,-4.688238474533838,4.1253689889933565,-4.966435340871446,-1.492030355023073,-4.274077410580963,-2.7981732081741275,2.840861860652011,5.221907818737231,4.699746666455695,-0.9559095357960714
sample_440,2.5084803160129803,-11.798587815060511,1.1133255918584297,34.15546102565389,1.8229484688550872,3.491571421266013,7.096092834589309,-11.9961598129027,7.200375808315811,-4.591080051518944,4.053153867587515,-0.24266106776587804,-8.069338020186775,-2.15847970757932,3.072125978152597,0.15912771498199646,-0.5162539066240276,1.3110574090250955,-3.509103394472496,2.6680113094286284,0.18898073487582925,1.6919600348270283,-0.2632218131913651,-4.127173538190782,1.1927445429321322,-2.2122140136073174,4.025797013378942,-4.220676482696436,1.8343261335953296
sample_441,13.686010619931885,-12.635698548731918,5.641682825165292,9.80142420488947,0.037357794387774944,25.85832783615729,-16.452807494308328,1.488920129374132,-6.6977385715037325,4.983638746445655,1.2375350535205047,-1.833372464442341,-8.51252414253528,1.5103800594881656,-5.323725312821031,0.8330830710300222,-2.5534711761782085,-0.1696831390507492,6.382309678283049,6.257757731990981,-3.101159264056327,-3.8194599838661483,1.4739369501793773,-1.5170445605934577,-2.1478137022687864,-0.5041935971376309,0.8810474810267949,-3.287330677494533,1.502502673459735
sample_442,12.31513155805303,-9.809419810752084,13.591430745766154,3.2397855963033573,-4.7637538884839055,41.60962541625474,-0.5464225556453852,-12.676667868387769,-7.678457354271674,-0.6823869569598056,-4.583682254203612,-2.402565872629874,-0.9686771299186199,-4.135477600870922,-4.6828277923875845,-3.2409781589902558,4.661686865045662,1.6166619368918893,3.7954320335739666,-1.4858962475009894,-1.2795374343935446,4.777141586455958,0.7441597540738097,2.526421470177988,2.184287463296356,-0.08921541830507033,-1.5298126819722122,0.7222492709344409,-1.3034326826255562
sample_443,18.6325768208494,30.83711667843904,-21.39472204302953,-6.229307593246744,-9.09989288390083,3.367405582353616,6.712470104499692,11.094574058310783,3.9318510800053748,2.4785695987747025,1.981566523383564,3.3550970883670574,-5.4885047159653935,-2.6649652429668578,-6.500870075450508,4.936582876855495,-3.2502444417906506,-3.189030734055932,0.6123725276109754,4.459327890421321,-5.5575787785180175,-2.7097709358880953,-0.3748720432485998,-0.1946898238825814,4.646134562451076,-0.4330843287716446,-0.2833024540047858,-1.405955725608168,-2.7346787552513914
sample_444,9.347558503663397,-46.25050067615088,-36.605916099694156,-29.70002149959996,-0.6065149322824654,-3.5922395616345506,-8.574429357118285,7.077849952948349,-5.209904315473066,1.2624576585702894,1.4433310925909746,2.0594480964567223,-3.911682364727429,-0.09157752497015405,0.6385898194802588,-0.7723302445108442,-1.8061577572222214,-4.166607127383055,-2.9850160972036655,2.26210524935569,5.318610688267786,-4.633555608554202,0.34634405103343446,-2.8607864755111354,0.31860064650516573,-1.8884850650623748,-5.240546132756737,4.445478646337026,0.3268555223238432
sample_445,19.80053104779159,-1.571846629443994,21.90055462183788,-6.3214700307541305,-0.4514453331027663,-1.417840548117181,-9.809003646120717,4.294783214164956,-4.700757275489394,-5.659792770153649,2.195087138659204,8.50248761137767,-3.306058782324081,-1.045106318814478,6.909602118237655,-0.7192253472911052,5.842248691305658,1.8683890259800466,0.357042211623702,3.1953965074239945,-1.856383135579771,-5.115865483096525,-2.4201661065363895,0.6102466410746922,-0.6135573262443338,6.645966199562069,-0.8374410551368258,-1.378771812787579,-0.18123713958989957
sample_446,-29.57070093322922,1.7519726584331847,5.917200932771357,-3.576757884678671,-3.907924715188383,1.1405889004349663,-18.173653437366642,-5.1979484650267445,17.37301110701593,3.5087413931743803,-5.1959118773853845,-1.0315506557706107,0.038655824670866014,-1.4935056805213027,-13.702887856842953,1.70470530444423,-1.6459518449146529,3.239877582744079,-7.351817476722666,-0.30553724067667287,11.244641574794542,-5.650690973999699,-7.767566189241789,-0.2586168770533063,6.794262074576825,2.222728450121688,0.7612426123642889,-6.355517184581877,-0.17104688178479044
sample_447,1.2255685234608686,-13.31006830539513,-1.5831589126512424,29.027697922834587,-11.5204749199113,-3.7527013606162773,-2.6456437103673625,0.15118148943641935,4.132780252464311,5.398379687926047,2.7111371291822888,-9.60513052495187,-7.983988455947884,2.1581785266321662,-1.9580726548991056,6.773384180490185,-6.2188179416752005,7.419830627309218,-2.5136801165849487,4.9489456423096145,5.775430843968577,-3.240347144836556,4.563009040169865,3.341988289546246,-3.4531767223478016,2.076927276003447,3.5253538027079108,2.6142819361852556,1.0128166063459907
sample_448,18.73373001955119,32.001445676085176,-26.154495928182023,0.03972670961241849,-6.2792038755144794,-1.0771750059476397,-14.6696267582158,11.795710109943172,1.5747156547542953,-6.012401142129263,1.7657476064955815,-0.5287625757574349,0.4285930964992457,-0.8179711461035849,1.7625227971112463,-2.745137504856671,1.8035439106384181,-9.321925118608434,-4.590335883111259,0.2733848272113882,-6.381313155472405,0.01602006403985227,-1.473173733963913,-0.09315677426914312,1.5849521469630914,-1.5498744455298814,1.3461333873347863,-2.401593070905413,0.5523005749497497
sample_449,18.824189793613012,-13.385155352873602,10.192514382429776,-8.934337390283314,-9.052280779573415,8.586460987978842,-7.030348015766512,3.5674231696190453,-7.005550722180534,-0.49741996559314894,-1.9181077505072617,16.570675652113348,-2.7204357611432664,2.1746494960151073,10.149829123282037,9.592840923708097,-5.177741124293241,-2.542127729350806,-1.6744676981859559,-13.199940415531454,3.646003425762005,-2.45889070080043,-2.1060233347756583,-0.47271667918312565,-2.9100855296567505,1.7069247231824118,3.856830368133652,-5.321012439405037,5.6561913961150765
sample_450,19.796928398122756,21.510408968990873,-23.394392155697783,-7.704287177296222,-12.843488088051632,-2.8364923119669228,-2.152560467942341,11.767893018761,1.49871794146632,-2.6349425172701757,5.748941343478921,6.086765429963573,-1.500960390064619,-0.3291554414648729,2.595440097655308,8.619375570609765,0.5939494149718003,-4.208833342867368,1.9085821093740072,0.10219932886482298,-2.3121797127970947,4.13161418379923,-2.2893894644012014,-0.2228794348855622,-1.6022623327092294,2.164876254877642,-0.9879514491139476,-4.907310445685954,-6.173835544903254
sample_451,18.173337153137343,4.429013718597723,24.370750610619133,-5.807128222907865,9.131109041897577,-6.8277999002972365,3.978931422069072,-7.735925196348987,4.737727404991814,0.14046459848364495,11.31188700425615,3.2300485392061278,0.49184525129915424,-5.3361744173536865,0.6624924078213557,-0.23100122308665996,-4.431217182757147,-0.2570114217001339,2.797444547979623,2.938192822767047,-1.8512454526300146,3.3626796006845305,-6.414857264276317,5.01001211417683,-1.9286074615017317,-1.6081526301332778,-3.1326331749991354,1.2836528768147677,-11.188786402974802
sample_452,17.789930326161937,8.231364413043854,23.83854850194507,-5.765305586697345,6.939265449442394,-8.711412837344502,2.1395503332534047,-5.2927098615392865,-9.254290352242633,1.5176036230129382,4.8868655820672595,-1.3176037356723815,3.260904635487629,-2.0888526224892763,-4.912349986949648,4.627571233338076,5.600455670067879,2.3743152621207884,-2.2641107163949776,5.5777505753632335,-1.425869414498147,1.4290529204690674,-4.787492289135117,-0.20706130799260275,-2.376515826656825,-1.8048941387305713,-1.8584741578747028,-0.5196019301930863,-4.7789107834838855
sample_453,6.039939886122418,-8.301651311166586,14.810449480351746,8.148783797367146,-0.9650642197362834,30.834655676014062,9.53247561465016,0.12065811345285474,-6.866202543374227,3.902287376935784,0.7099457772715507,-3.210029434008345,-0.8934460575504354,-0.3931054214418588,-1.4671353943183225,0.854205488633874,4.315713148147261,4.454799104994061,-3.399151317868766,1.4535540405548206,1.2102002249152954,-2.9526537397907795,-0.7607664710651693,1.568496241135504,-3.2980579239408794,2.431376335720304,1.0408558794080913,0.08924945668405783,-5.7847955560980076
sample_454,17.034174725519833,-3.784158449310661,24.69521896960677,-11.389433492444484,2.560494616595965,-9.353708628664187,10.072537720919279,5.504383736496303,3.603838400101456,-1.542093957354476,1.3301259242147894,-1.5340757523461284,0.9913261909105356,-3.584910315576811,-4.377426328949177,-5.558899179269055,-1.0952684813755929,-4.485743641724203,2.4975100634862133,1.9293841799779103,-1.921389564740405,7.388935031185488,-7.546113087017266,1.5993995896309403,-0.5206665561226288,-6.394999458870661,-0.21791891776708905,4.9081673095918665,-9.527532318194343
sample_455,-44.83639211019693,7.441756169926211,7.480011642399673,-0.6431515163659602,1.5379504920409555,5.1140049008677915,-9.044629074611294,-7.2026832212505445,19.929412364916402,1.0015313553232013,-2.845839768533847,1.4761561138335826,7.52727786390732,-2.268339599213966,-9.82241791331542,5.907324648870589,-2.3757102638249195,2.576241430444596,-9.598313356603532,-7.18771488893581,3.7050114224932,-2.4118359064945945,-0.15361082677391452,3.013273960682336,4.478419290227154,5.7614926176066765,-5.07511609867517,1.2421417451935721,0.6833161151415003
sample_456,-3.4762957180312943,0.5734674968949858,0.05635278899201659,41.57830933921266,-1.1688707927001016,-13.11019441614589,9.852826743275855,-7.677356548704211,-12.028167491192809,1.2709396476897543,-1.3898926156691094,-13.444614583739527,-8.776357255141543,-4.680667973080859,1.030690798569879,6.019739197866266,6.608455007434698,0.488996161053707,0.6941562488666925,-7.669896513369138,3.5301338301894485,-1.714481894410391,-1.2400139009222957,2.4830822424857026,2.186390973376889,1.3969046707450614,-2.8239250229069284,2.6588808320822848,2.761011588508415
sample_457,13.25471371510208,7.1598246055983745,27.180731792828276,6.419205325636147,20.144979628019996,-5.784549465099483,-9.110510985947602,9.60647543497677,-5.1395861455444924,-1.9148381909968117,-6.72668795021743,3.1963118766198515,1.3237430906882932,-1.317640817975381,-0.8274476892205357,4.494734241593907,-0.8000564399812059,-3.5826950105518103,-3.797943423572817,6.3443829393274696,-1.6102243197407953,-1.4988046304991747,1.8477970970426623,3.4780278251589527,-0.4204667564652733,-3.0167176728320224,0.3167689605565324,5.559991728470841,-0.971685186558258
sample_458,-59.86556733129602,8.98725247201415,1.0399128081558908,-12.908346154773472,-2.1013613850038495,-3.4054076151853088,2.47851437226268,-5.321284920809591,-5.6553960474633795,1.4780201823754275,4.5707207037424125,0.7530768219270815,3.486407112366851,-1.824355623479965,9.22972787623811,-0.20582899466586466,-2.7365121045118452,-2.8285844868528485,0.8178914628273406,-1.1517212007652269,-2.5154051574975123,-0.546185654063366,1.5198540148124404,-0.41548266947903706,2.142148970986838,-1.692999741224684,1.3684917193587065,1.328432096750546,3.3904428836748663
sample_459,18.05024948062423,3.0750449630553316,23.93450360420995,-0.09303434817927546,13.657283020609043,4.0709084455751565,0.3781138727379029,-15.40593700908364,-3.4347328018631345,-3.3147015760266982,3.854343328198635,-0.041863874183440924,6.1177386974454295,2.5456925753985984,-3.6973821269829354,-1.2329583890064737,-0.7794448465794727,1.1209230469731635,-5.153894873227238,2.200767300500711,-2.0302035610864237,-0.6374389058085219,6.62547866645535,-3.428839185865641,-1.2559243802741187,3.2092296933684814,1.6366391876905861,-4.433156300268269,-0.5870657539239575
sample_460,17.349540740116968,-2.223604977920189,23.981185438774343,-13.975816824331893,-7.061890638051194,-10.575879380755772,3.332504169113149,12.347894205698399,4.075650539892394,7.2075443367065315,-0.43838723360654164,-19.140586319695203,-0.7709003892333851,-0.06919932508385249,-3.259574127020536,-8.376451881102547,4.130369636724765,6.314391305248895,6.439815785035587,-0.7948150299803777,-2.1545211342926596,-2.1689247471755113,1.0087673694358759,0.2554106288316169,3.924562694670731,-0.8225762226734784,-0.7275914163103336,-3.7573832650065557,0.762716212176137
sample_461,4.446738118549591,-25.390557333523116,-5.498190495240479,12.759403040910996,-12.225759209787709,6.985144058701931,-4.155190698424633,0.10231510036298914,6.997765040715342,-6.957763474729669,7.226725936087399,10.773721112469714,19.529014711316055,22.266776346640057,-10.994758595100937,-1.2681935055064313,-2.9659357400107385,0.17667911159160815,6.1721448825679515,2.542126470910454,1.9835838603704474,-7.649361570273566,3.9301583704179985,9.069336520306434,0.5070669252133416,-4.576267932336988,10.878904781260829,-1.9926499071515535,2.6022323318423437
sample_462,-2.746283203332263,-5.33360106723001,-1.442425128530191,42.1675478511768,4.3223498062997345,-4.783990928418983,11.50634700731278,8.822718154296995,-8.916251036732403,-2.981081755632868,-11.269404310050916,-8.584448240817895,-2.023688373191269,-0.24742630150232636,2.715368994644386,1.6392790846501528,-4.050797760946212,-8.289707546620585,0.8825640295542762,-6.197542833480848,1.3299522094214353,-2.4204180980977483,-2.7663573490911286,1.5619863471722952,0.07017742085194216,2.2679229941525616,-0.8545564647864469,-0.17174352866636386,0.5787142365743503
sample_463,-44.5095344838594,-1.0285857450661298,8.467992608349318,-1.7277186322107074,4.948227760751543,7.137498619410356,-5.84709038406518,-0.9943466488049738,13.790701749245315,-8.776307623606062,1.3427054719023201,0.7328541780224734,10.632156033682023,-10.238653562004481,6.0637274128758385,5.948541149811617,5.390947918736649,-0.13640835116931838,2.505789886121701,-5.1207627591784615,-6.767004031541178,2.3329518288003794,1.2926391488672215,-0.5125124546283882,-1.2635768500665767,-0.8951121421594151,-4.307110724557356,7.14309992708797,-0.46154197210432446
sample_464,0.5313229873304867,-28.691188471882743,-27.9168571395456,-10.192691883671678,23.707750365390016,2.994586630067271,-0.6694022280140322,-1.1592824310480663,3.217753560967114,0.8956569953282015,-3.570440755683976,-4.339740007346707,-3.437653140347862,-4.45197684909272,6.549327736075177,-2.581943871193909,1.9764277053856698,-0.779264493530534,-0.7689029010730608,-3.7003813243506416,-2.4884199707088825,2.8812902807404517,2.1840475852665424,2.2037131322712376,4.52093785610316,2.141457291907097,2.149586561435408,-2.0152738462737108,-3.8409432327270663
sample_465,16.848901118707662,40.725552046166655,-24.54687045748816,-6.6590744533088175,-6.143993189567371,1.7954855833913286,12.511592882091252,0.37625452005867366,0.6171360244658557,-2.138290314782309,-1.7229102290235054,-2.8914980185625745,3.861407873307554,2.0552365741342524,4.484782830018433,0.3837695940295043,0.3307912489997923,2.9146081882853347,0.4940212254007646,-2.6607956150107315,3.9337916193901012,2.614033784311438,3.8728400578736144,0.34886479800958253,-5.1800288267457,1.0034349486481793,-3.6433574547995273,-1.1943804447822526,-3.4774439829982406
sample_466,7.442723308875651,-42.50123276801759,-37.721847915093555,-28.032834599763497,8.099022431887914,-5.426069941217431,-2.838336391312271,-7.966123262204758,-0.9310171851565974,-1.2161163823236614,-2.6069001195642985,-2.637408802796546,-3.0177457883954153,-6.385449558108825,0.23867794717486726,0.6806834925679328,-0.9569924063048642,6.1858968937837435,-3.476200064682473,-1.0448247074977877,-3.364906177102985,-5.163050731529351,0.8788389949515969,5.7683086161601285,-4.2753208945910215,-6.46120975912667,6.90436869610351,2.947872251068456,-3.4837680297079627
sample_467,18.325648778884617,0.6437523305558024,26.655270130233355,-4.772042614026064,7.965716096885072,-10.564580495653171,-13.533980109777367,-0.9751510486924028,-1.0964814823477613,0.9565124858792884,2.6725186895827915,-2.517860358092406,0.5776423310787085,2.79430062924985,-1.8791062329538473,0.6055483706876097,2.2848058860963514,3.1106209190469065,-4.250188996583091,0.4470403055158516,0.45872598897579736,2.6810354751210848,4.394121596922467,0.8746490087894404,2.539008518132333,1.6129498486617202,6.304874600504476,-1.80643088161851,0.9359042270186443
sample_468,-61.281852168509914,6.997149043813744,5.098255167073414,-11.57132937958583,-3.058767340383021,-0.5700575534356446,7.261823466487632,-1.7813851571314991,-2.0062448101920083,-3.713973684955223,1.5702098431527438,0.8280902583834308,3.946302592228972,-0.4560814502295126,3.7977530189082906,-0.8748531156493486,-0.3962086483647252,-1.062273109031588,-2.396349448228907,-3.7997528280631276,-1.4763173831593759,2.302027390014015,0.9074114701055697,-1.091946699983013,-2.8268945215194767,-2.2441761987658646,0.9363679524432341,1.7660639298434173,3.514039590441654
sample_469,-51.04938392389863,17.028980664971318,4.498539711874961,-1.5654611985577285,6.156543524275221,0.8853548602487628,3.605145354371474,-7.024913040529759,-3.970565280158502,3.249416137869044,-6.446727230114383,1.2905945396423733,-4.936254970862273,6.632125472284895,-0.6772030396407468,-3.0586083938123605,3.385066527750054,-0.5419604971353826,-1.1007794155225905,0.11627881744780799,3.121403426111175,-2.10836103149794,-9.072864812765479,-3.0499316708997655,8.529527254328677,1.3707772993448644,2.8717552899489114,-9.069965262305486,-0.2553114563493514
sample_470,15.552985011258485,-1.1167356847870407,15.561990016491784,-22.24790743492899,-11.474927891590102,-21.82634988556031,-14.415088174381202,-0.2241243014412194,-7.847186517473929,-0.40624903424813574,1.7848954391560365,-4.328844609738771,7.968850559214129,-1.7418889961659858,-7.054258461281278,1.703935781968749,0.36890377521498774,1.7595781289393755,-5.909606032369628,0.7254750174430369,1.7801176364242481,10.534455216576038,-3.5717191581556174,2.0596591086312444,3.959432793586178,3.106230061117931,2.5789682107251144,-0.18750969952770458,-0.09266716177147509
sample_471,13.454135400224823,40.76667234946429,-21.301015460644635,7.322790463183247,3.104254526083922,-0.8133744582862924,-3.6317557773721894,-2.5694422392583016,0.7790926654151132,-0.8068889531341993,5.080518789573679,-2.892637851673896,-2.538170223185047,3.8951627203624675,0.37510786450893513,-1.1935778255456524,8.265149653240048,6.5488223292264856,1.494723455094871,-2.300444930406693,4.902588554740707,2.5991022573224516,3.5149927453469054,0.34348685826006575,-3.694137651517441,-0.023964827294108332,-1.6867767416891126,1.5445391633461498,-4.27967071920026
sample_472,-56.29054312869,9.466326679326652,5.772261680618992,-10.874785194780907,-0.9930847039667198,-1.3321327924565887,3.0026327363578407,-4.958082190585506,-2.8866624772456464,3.9456499905764395,-8.261493799116948,4.196033800596103,-8.634688989280574,8.851075972286552,-3.315033209359615,-2.1387515906255086,-2.264522759195673,-3.3246167489223537,-3.0279519702244806,-3.1726596994017306,0.29976608542811367,2.4127053971444767,-1.4523399895473337,3.213777612421457,1.6401580992749474,0.6980883404886641,0.08015131569579625,0.3070876288347587,-2.0688066263998626
sample_473,0.09038392422479402,-19.952677949306004,-24.49202937115979,4.581767684393192,39.89632928501383,1.9788298621471845,-1.442305511964498,-1.5826644623076662,3.0422324543596218,0.8374924054828885,-4.464750910574234,-7.104727310902107,-0.85674193100983,1.6638939893367397,3.5953239801941184,-0.6524937237591997,-1.8170106927623093,-0.4076228126146906,3.662525290667511,0.4371368103477048,0.4676811845844482,6.568849393271464,4.12658398664551,0.5587633257765884,5.346654342524583,-1.1081851796712372,-1.6708833546684871,-4.461020679935695,3.1385462153370134
sample_474,-6.245071473357126,-8.794218401126546,-10.36077721600076,35.97242702247039,5.232515489718699,-12.298348412370235,8.419496922436773,-1.4899614286083396,-5.198160999467073,8.843414069719394,-1.0165255903766257,3.3818831095531046,6.443076794391464,-4.6300430048078915,1.2641265883524333,-1.598974825912306,0.3221178927899885,1.5569447826962242,9.129621362926608,-4.731301070409754,-4.228606783799945,-1.709436045454316,0.9459607648269621,5.5522033105282,1.3612652515085888,5.117956031769843,0.6146747857189063,1.8984621146531424,-4.714577801052199
sample_475,1.8378071296529503,-10.75324239563577,-9.0762461256131,12.532471576997878,0.15703690200348502,3.911510946337844,7.0955709949490124,0.29911195836786414,24.915378340835225,31.381080872295342,-3.128943302745796,-0.0916856253404128,4.016325099189488,3.0863573309637737,8.709180700629707,-7.339844045566044,-0.4435422359924017,-17.199967658948324,-8.413843219167521,11.18161137464878,-0.3364037187058596,1.7182803221224856,-3.36050631520207,13.049487713165318,-2.80558844263171,7.9093514561041225,-5.4319459054759776,-2.2987077925381425,2.287622563251587
sample_476,20.260457873380794,-7.660040174594226,11.162021677259228,-14.14483299851976,-11.254823922411845,6.044995679289145,12.848421181864905,3.7379148287482455,-2.1729749448124682,7.233577346520184,-0.4005286847499392,15.865003469592276,-3.448145147023927,2.0654659652797944,9.780357265988929,4.742786762554112,-0.11713359805984629,-8.294069326447444,-1.4191551693177362,-11.076303031040984,4.560904595988023,-6.165472654916203,-7.15143554660155,-4.237671464541281,-12.117391220538575,-3.587889370354283,-2.430003418167541,-7.448676710095984,1.2402359096222757
sample_477,17.707693816567595,46.174667055702194,-28.24392570925043,-0.01990039005601312,0.17632404537197302,2.7821806857834543,2.3684114930809863,-1.7347811468562933,-0.9641903587049301,-4.513514447218639,4.33953285503572,-0.8265623067660625,3.007663881475569,2.058421397905499,2.175366747984977,-5.149244629986356,-4.509331608992145,-3.7426234952746187,-2.9927027715148102,-3.6062899903446746,-3.2013273816686736,-1.5724660166842672,-0.39668522439866755,2.0878891021880244,0.7623236084967446,-4.981383335820138,-2.3346036717876064,1.987587064161722,2.1988980365780306
sample_478,17.676840529558408,33.29088495202619,-26.647419618013785,-3.5822003825243502,-4.686773043512678,0.8250084519084419,7.03667118178462,-2.159834454865088,-1.1767465014605067,-2.6342192820491457,9.536339799490358,3.0372602304572953,2.1173415244431815,-0.30733756580603677,-3.702330321364716,2.0376243003497336,-6.820073849006549,-6.593712940662754,-2.6342187005999933,-1.35214325922761,-7.914604136303613,-0.9196030890747281,0.4194023940514851,-1.5285945617115009,5.8185000725650085,-1.334919014394232,3.5014131181802437,0.8701717606637622,1.65902666321168
sample_479,11.858224321565093,-7.08022032302157,10.3572265958396,10.558099193710108,4.586928613773144,30.794713344591173,-10.724014413178912,-15.49334474145455,-0.6855165608306402,1.2352082264301798,-1.080058044460989,-0.538234518401891,-5.109641855996902,0.4106295992949603,-4.652122678588909,0.817502222456843,0.9595950741929634,2.839907399888468,3.551553881226108,1.518355570516119,-3.329101357549802,-0.7026008272884686,2.6582726776454395,-2.892286381457852,3.7814319970065084,-0.2018703460798119,3.1853358870990505,6.654137704956195,-2.6328572028394803
sample_480,17.97610802618036,31.162756757097032,-21.086195909461484,0.6422981394010985,-7.822505588594065,0.9338298868746201,7.33593026797207,2.2128132786737726,0.5810757016504704,-0.6735448388322809,14.452386984464548,2.395848850377501,-5.050027328280113,-0.09622185816602771,-2.3704861404356516,5.583119545238263,7.745904125912265,-4.165164691902873,-3.9556229815780846,-3.5272358546073663,-5.27669320711173,2.6645460602044913,-3.971823368352268,2.708489157751764,2.84046130236204,-2.749317995882875,2.9106475403559946,-0.7783124075529306,2.320274073272494
sample_481,-3.2966887415363817,-15.066265307888472,-6.613045444379801,28.995609591136127,-8.205508025974806,-12.350706741899318,17.64096707705811,1.2584386610393972,-4.6640085825799025,9.341530618184871,-10.0940311861167,6.815146172333489,2.665539771108381,-12.200499206554474,0.5660968832385803,-3.708642287739532,-5.6582862132650495,-1.367588396786261,-5.0171735993615405,-2.72202751232186,-0.2390264269114781,0.6252358910246215,3.6941790260558998,-5.368128862697683,4.150495991382282,1.084086169051464,-5.213895657709506,2.102635692314375,-4.770772142733003
sample_482,-50.077506891974124,8.165265529515775,4.297445433232905,0.9179890346758609,9.173512036232754,1.9462018241680779,-0.6327532047632568,7.07695645208698,7.016261439628367,-4.1703423277332154,1.8146202341399065,-4.6850533046708644,5.623025479933352,-8.01019505639751,7.355590265884719,-0.04742839307533371,0.4705308098675095,-3.322109042585175,9.29534271152598,-2.831379295419712,-6.798432498417049,4.213873229655628,1.114004841307354,-2.1711726881688835,-2.2456292202912818,-0.7375622500846407,1.0013909064624975,1.8670198893454832,1.669610284646011
sample_483,14.689322365035085,31.859039111472473,-16.77828979340704,1.943281065291464,-5.29617963913773,4.518987918622195,10.8430501258687,11.38891082071288,2.4231102904007815,-3.483025204535362,-2.492247067536101,3.7479750951617037,-1.2837278940944,0.585427739445499,3.496480288364208,3.370355574057791,8.132250570253827,2.876700583362626,4.615351768684337,1.4919247138878644,1.741298050964149,3.9556131132390755,-0.7415639740736735,-0.09818301687616512,-5.0719373051472925,2.013212517289892,0.11056258049601451,-0.7908921756249159,-0.663329226656543
sample_484,16.89999121598467,4.570710989517831,17.830295741236185,-7.354732767621119,-1.0925656888177946,-7.177957526546158,-4.2343582067273475,8.761431196540581,-4.503536459999843,9.270458824070763,5.654888996841667,-14.255523224563039,6.157035836947783,-0.4823733941600112,-5.72761352631602,-7.7972394721625955,-9.375371965576663,-20.189769838083297,-8.851243798093453,-2.2523217831881226,3.9744530243313005,6.630955675969292,-6.8838073503815345,10.394598809617284,-6.716358164663012,-2.1363292262552815,0.8038661042301989,-11.21116369942054,-1.4437539857842363
sample_485,4.053534012024807,-18.46226875981214,-8.62162639652506,16.211010541469896,-25.075992544572845,-10.033531937164872,0.9957164488181066,3.392745951522007,4.787126205345479,14.381423177138123,-10.550192089028682,17.40968167017005,7.339966624776944,-4.182427217082321,-6.8908517188023195,-14.85200948768747,11.148741748961712,-3.3908770751083064,-4.697580504281949,0.9895507538991808,2.782048446496815,-6.521348866613144,8.268214600603542,-2.6848887468044724,-0.2822107138196606,-10.270910052197614,0.005367129920520819,-3.6131118694396824,-0.4304226965746824
sample_486,15.62676291521899,29.624767534721393,-22.37294313752362,-2.9975801977200818,-6.441644485538229,6.230504553769787,13.601323852749523,13.656211629807597,-2.8296113176727395,3.79753228866704,1.5503001277775492,3.160381705898467,1.265361259273182,-3.11522108167886,-4.822916902682819,5.473574476625332,0.5113685722780617,0.5127150960085842,-2.6620773345425004,2.958384504918691,-0.9627554343300374,-1.0574038158740755,2.7622623997567146,-0.7112827522516703,1.5974663924266308,2.927554074665846,-0.03854210980314417,-3.3039945912469073,-1.647699319773616
sample_487,10.697004474882558,-19.37063058729061,-8.174348878476072,25.184627512537748,-17.096819209762337,-6.108385019489752,-13.96771042172425,-12.933733457954423,10.448133174132591,-4.176526976101313,3.1707810683642985,-1.7714950841668895,-11.780929085554204,1.971413481389505,-0.8864683268349185,3.0246684348474373,1.0618109273949512,3.4359151487455377,-6.5014757841473765,8.329574016146248,-2.627831737895177,6.310116650452397,0.93650096795754,-7.300245219831627,-4.635165646471375,-4.266905800015725,2.4044861995823177,-2.253027866878179,2.9903714364766403
sample_488,16.323575804361464,5.803618197409973,23.005067897115147,-6.12590401347036,10.06685227095606,-1.5465581975290323,11.709949068723768,-6.418711181617868,7.355632093898597,-1.1581626664148719,-12.408928832972812,3.380461530410832,-2.5263896072537158,4.438204768980918,1.7752053772917105,5.981014011862726,0.11372571084493434,0.8925141477725147,5.367476870413988,2.801219331676417,-2.9668394957772435,-3.3119999694175393,-1.7337842064923124,-0.7972198460365739,-2.5911030171615326,-7.94715917955822,-9.170467636117026,3.0594946513411143,0.29238044564252547
sample_489,16.954379194354917,-4.653966502588552,15.50427136125287,-2.3953231068083456,-1.1997177194683286,9.487294635552544,-2.0112044489084298,5.988266443502896,4.4581040602361295,17.4262188990937,3.358223380680785,5.013703518217232,-12.899603737133832,-0.4376748664619712,9.044994618337384,7.757909431807161,-8.006646776872378,-7.440121764950428,-0.20878265261726714,-11.634943866512815,5.156961137321833,-3.8116787720279404,2.6931416140334936,1.6820546569000303,-8.67004450706464,-0.8180312422505442,1.8597697188685942,0.2543228613727838,-0.9869784918380012
sample_490,0.4648163961267503,-46.247021379683794,-37.976994291699654,-19.95304832344775,10.755434034667793,-5.686205282004414,1.0183780243561669,5.739018439712198,-0.13558798647534212,0.8065306264537253,4.013830088297265,0.01147655856736591,2.676887601799,3.2604395833615727,-9.065892845639802,2.3481054232293506,-6.911243151104826,-0.37464952831227977,0.3435300701532021,2.3620570667201513,7.872120128582706,0.9235540299959142,9.348224745966002,-3.4277801262188925,4.208237123785358,1.148707258451777,-0.2549235537543314,4.850858356893178,5.407225248215353
sample_491,2.269633445108578,-23.791411630055737,-0.972815694349008,27.340361443060182,-8.252623511222673,8.806533192315525,-3.7963178794184023,13.564228709162935,12.004053990856542,-8.603310278844768,-1.7509662146975569,-2.0914784431591675,-2.308181407041113,6.263697581976334,-4.424212292071943,-0.42159061770419576,-1.6524115379906075,1.1931505336487476,-4.100449088856827,9.527215816093513,-0.39643937300036214,-2.498420142527719,-0.8064294283783123,-0.737491091065909,-2.8108678148072443,-2.05913727519517,8.45477925736409,-0.483062484017544,-4.072435359682235
sample_492,-57.69745516043803,8.514683405641229,6.910313869924897,-8.053154961003557,-1.6169363574326905,-3.1500216794872613,-0.7760900518267619,-2.2143145987466135,-2.795279093108737,1.9061904877219593,-2.616253673859162,3.9909427570521796,-7.685217216859546,4.699311460606998,-4.428905832215401,-3.266174223695831,-3.6454067054409203,0.46674609078292706,-1.9853001482599617,-0.24810190940062152,1.027258297471084,0.2691264393238132,-1.2692479570424204,1.6701590389754208,2.305617201144759,-1.0373106863745116,0.9833679441837501,0.538249504249881,-1.2336076017157234
sample_493,0.5235894444317993,-41.08809773274305,-31.5528371946447,-23.24743461444806,9.028295406157929,1.6500775508363823,8.215551344835603,2.2445488131738487,-1.9419195446602464,1.2891951876794854,-6.425366913605955,-1.4226813365796538,-2.5671871509060944,-4.175008294282942,3.264801425830306,0.15006318076031916,1.7709810862140882,3.038225000106264,-7.6320321881177575,-2.678376045614162,-4.2168890137475605,-5.666767701734872,3.092701913504648,6.971832963246406,1.211414918749335,-6.682872467113207,3.318280663759446,-0.2866815258121149,-3.6906763328473158
sample_494,2.464058622915044,-18.691300863352488,-7.585476984196646,30.810932367057852,-7.393164518918143,-2.7022735352721305,-7.4154945905441805,-8.595379380747891,0.7256161431202078,2.3288096433483036,8.23519833541452,0.187963710101024,-8.882122692660769,0.3495387223050266,5.843445905298775,7.268869735426763,-3.79936342248928,3.0264931546979255,-5.206124675305259,2.0072944746265398,-4.840459400841917,7.270261486977204,-4.736417528222026,-6.885317016273329,1.8493562063708722,2.252006431500546,3.783412825289419,4.390075919602227,-3.9113125269744677
sample_495,22.429269288158245,-1.331729206073863,23.135919468729707,-8.916662786766887,2.0213632264715202,-9.907894548141986,-11.487011402152831,-3.2062689941203595,-4.264058773860844,1.9488594370158248,7.944613691779635,0.007237456517706492,-5.367175286825963,-3.743870475397781,-7.748919671298028,0.9556999920616621,10.016184363660411,0.6021686893068344,-1.773262934511757,-0.8227238117392641,0.40582160264136136,-0.32611476133601747,6.55535267996847,1.489068572283129,-1.918597369121066,1.7618072838944483,5.419011792651171,-0.40886573461256154,1.606527784826111
sample_496,19.839972031244688,38.75286097316309,-26.98453563303789,-8.583282843115509,-11.622744652091868,-1.3331496250519246,1.2880598030633252,5.425737865156875,-0.8314654211502984,-3.2172840979944293,0.779563307750098,1.5418169318856638,1.4748876810329266,-1.8596324400795583,2.518201753300106,0.5738985789446844,-0.5352061232832456,3.088263190238867,1.3371744241698977,2.2613883080235575,3.273461973732945,4.17297003808476,5.101289649193626,2.2624308105340942,-2.519588744178206,2.183013533027211,-4.601482520401097,-3.473979824147514,-3.3452184151531164
sample_497,0.3118842237116443,-0.6930444786316368,11.551713454998419,-6.531804410864908,-1.1978080905850237,22.128706652540057,-3.435124578353961,-11.288300683385849,22.50399772619272,-4.034916061664259,-23.261805583752842,-2.3182113977110195,-6.155732764243035,6.504377430673789,-8.172109921672664,-3.169811021451403,6.699790842964443,-6.482580092860844,-10.480307099385325,-1.0657971830839446,6.381646146240776,-11.16528230213936,-3.290013862975258,0.5349329729912412,3.8840803560420474,-2.0191820025751928,-7.434070049509693,12.676078205761502,-8.598571094975423
sample_498,9.1686198174962,5.400279436579363,23.660963181565194,11.108812357872223,19.626906932196512,-0.5941738117720464,-3.0559489801561424,6.587602446667805,-6.814343718578881,4.185573374259999,-3.956515638143865,-0.7912280081608432,3.5295081489710958,0.9082222218317673,-5.395967618556012,3.7048789629003216,-3.3470940131680487,2.2306623301191597,-0.8217906454598932,4.104306576931909,1.4129462860269042,-2.5704911210874495,8.40585414036068,0.561638240494596,1.6949893833525753,1.7313877690043025,2.6411700795226993,-0.0686469342798434,3.7666975659585153
sample_499,16.463488756602256,39.172106211585884,-22.707406574571788,4.64331644479672,3.5676009294099527,4.042621072243196,9.056883164915348,-0.2955919537998954,-3.225944638474369,-3.967534511901062,7.523834695585135,-1.0311355648612393,5.459726864821363,2.104761633563676,3.1995639596101055,-6.044073617899783,-4.660821821782065,6.488617901313398,-1.6643672660995958,-4.045216866267469,2.5617435458182856,4.086873723218814,5.99036383034388,-0.8350849172604523,-0.5270593392297906,-0.03235199425999586,-2.7060681767924053,-2.5723370696981815,-2.346657420663653
sample_500,21.8567035249529,5.218325971751578,27.53228306983263,-6.765138844758922,9.056651674964366,-1.6423728510972804,4.698759302961673,-13.097436815755838,5.3171035530583,-4.408263685231535,7.737856556293961,0.7066827502396132,-6.462858820201188,-1.7492810109640897,-3.440704593910888,-3.8455975310968817,3.1441152870854134,0.7432846062774526,4.071189504225352,4.031157910999046,-2.3218794703610333,-7.0510485643050504,6.658084527904899,-3.1810479659837214,-2.063442220397313,6.488562455955109,-1.0230187130532955,0.17877316619544042,0.00045564306637522816
sample_501,5.914781300528973,-35.72459319733046,-39.83152604320273,-31.67548904203301,10.72429904785618,-3.8832872486322114,4.321389154614776,-11.771684735443058,-2.2171240439004776,4.767510297884746,-1.5639696726986811,-0.3706914334807196,-1.2017607120172231,-0.46934304748937883,2.5379534046968875,5.354886573306468,1.4508270972510988,1.6668030681001735,-2.141098652517503,-2.4402633750457805,1.1223002059080098,-0.9360417499834239,-3.8247331065223893,1.880089055025701,-4.7710183031459765,1.9001679694150495,-0.533331195600625,1.6647101231780985,-2.099592091257734
sample_502,15.704235896698876,2.8280567910470977,21.602333094549593,1.780778384093713,15.602928088916753,4.877406788017427,7.586348932017911,-3.5149483689028904,-2.4594501755200313,-0.08478531455761583,-1.995610851114754,4.13906984961643,-0.3236418458148698,4.181915855196393,-0.6411284293652146,7.007155214786247,1.7121801069269107,-5.702594790097547,-0.6220814098402971,-6.772592679017653,-0.36572972891094124,2.7970011308662945,1.6239396649790858,-2.3775876457409812,2.0812417900756848,-1.8518798708744872,0.914880880103664,6.917757748467018,-2.367023680708717
sample_503,3.8549287346854486,-53.347049281169724,-37.10235407959271,-28.455493215967483,-2.9451104946566273,-6.352450361954322,-7.117648219458642,16.344312028589545,-5.1003198044492555,-5.742563047287694,2.7719801638760617,2.0428016300709353,2.594555891528203,3.165060753690496,-8.951100241892137,1.8517546598232462,-6.041679066775756,-8.018102954924187,5.868765953503433,5.709442658374708,10.999114852414039,1.5010955032634457,-0.9452617510594514,-7.575152631352722,2.961719591063211,0.8648763367601238,-1.468944481711598,6.315072074873666,-1.2170112538650995
sample_504,-57.75236623878808,3.4719398900095855,4.6215024276630015,-1.4339362114105654,2.3727416778233357,1.1913755861553657,2.478607393131753,11.477744916159669,-2.8810980389000513,0.01715968614256219,5.289294467887114,0.07929636977301306,-0.8296710064763139,-0.060637314149560986,4.874417440985396,-2.5548285433051983,2.21878256061833,0.13967238939445914,2.6592707804838933,1.824873396243689,-3.6901820324169106,1.7278243157221105,4.134871883063321,-1.1462741330750679,0.22029959333578486,0.22671614556209188,1.3973358086386114,0.4612769177079544,1.0937110411911577
sample_505,22.582310208653666,0.12306986132769604,24.611497906094815,-30.444342217762184,-17.535445568260013,-20.846702997328187,2.349460081169743,-6.681910982588363,0.5425116461632717,-0.3961797410122438,4.617573471100367,-9.580036304626601,4.326957220674145,-3.929850788112435,-3.170972880248168,-9.464729935996827,-2.918823308564844,2.5374382514986067,-1.9577332220562687,-1.253039030755118,1.6399971227010024,2.0240078430437287,2.484802584261402,2.661412746625132,4.379542327292131,4.753514571061373,3.1467277566881027,0.8365714983982289,8.15019655429704
sample_506,21.183936201333115,3.013577197119114,22.159099620191295,-14.696045983543788,-1.4074479498163315,-3.057740102562617,0.26738982887745383,-15.620245156941799,7.242866555253349,5.63399964057016,12.462354976170953,-10.785240340273502,1.1035163691547512,-4.377110557226017,-9.521857734318143,-12.040552959248608,-13.425130630938623,-8.621512089466862,0.11861347836249007,0.0037367644174530926,4.03087402500148,3.829004328267624,-2.4148005189322843,7.04777653260516,-7.2932434563211945,0.4471869203727613,1.31749018189258,-8.54537063706422,-2.3650575241559806
sample_507,10.73190490011258,-27.598929127352402,-7.01765163482841,-1.1517931616189723,-18.740227448770913,11.636107253336721,-3.4445454266399436,-6.660829215016105,11.69563472175551,-5.218279998931908,6.5541637652239295,3.8901966416130396,7.666990754134638,19.251029688818804,-4.824054735050917,3.8206330683723633,0.28444110902385966,4.869371196831599,5.505610940526695,14.918657522630875,-2.0090571376981368,-4.173416026551733,-10.544993411936025,-0.4719702141216705,-8.250055456598552,-5.314330842702796,7.931422649207604,3.4028613950335242,-1.970185426474963
sample_508,4.905167274121273,-18.466196294586766,-10.537760437517003,21.04616197818115,-24.315135339744906,-13.329878519418223,10.35578054527104,-10.244843070511598,-4.112199488010691,13.040363722833284,-7.504856068616515,13.187001765387821,7.742809478935323,-5.574229859975539,-4.624233377740666,-7.8856081674646585,8.122904874673477,4.887366433326038,-1.976176126222006,-3.3699082985730926,-3.184611228138293,1.892321377419627,8.275478730122796,-7.489321433132718,-0.836911807453622,-5.142047590817809,-1.66474026624308,0.2553042426709036,-0.1997006284949503
sample_509,-0.2342195806931606,-12.31080045442463,1.132764325828623,34.93905613488028,-3.762143569870029,-1.5481722161806089,12.363610554171306,-5.006904624035588,6.253685336077555,-9.824123082947965,-6.117983748956651,-4.39364879624353,-5.104016126903345,-3.638345513125486,-2.7136258278849055,-2.001398339716552,-5.850767833628528,2.379200077239418,-6.25510906166704,2.131698541262592,0.32223003514659915,0.7244893975822047,0.13096286891060496,-0.4717157951871361,-2.089263675072694,1.2796586099937468,-0.7039645516985039,-2.5313520668293594,0.5143166015793729
sample_510,1.4646365279142204,-31.975436902923057,-15.996538512511588,3.9363305978604872,11.159551988334734,8.125195733147892,1.9101709106035318,15.738402892305857,3.4176456656838496,-6.855872342225451,-2.562682001681182,1.477759688655901,0.2785074415390898,1.3608239334267886,-9.673534998094658,-5.128517837301338,-5.852173564943699,-7.639997477861277,8.046492864881039,5.072054719197185,5.815028189820884,4.169128952558,-4.083554916848633,-7.3728767176780705,1.4262914811135488,-2.4678754442882855,2.7047981046803233,1.1229352268157082,-3.4197412624565713
sample_511,-45.97095984321145,9.044565927348783,9.342335821236745,5.7683437446344925,8.409235825245823,5.381453582367254,4.679816254685415,-4.921235224037575,12.357663204321817,-2.8215957705721264,5.11429672771346,-1.9481859162720399,6.611751837418191,-7.804284010167502,-8.250481489287306,2.9018800916629663,2.143147643273269,8.45509908182667,2.4107183613599243,-2.096504942614176,0.2214346766972387,-4.464684974424186,-5.118592226182022,0.7451025114824049,-5.531127833044988,-2.5303332529618396,-3.3506302844165865,-1.1291750676605572,1.218996772744074
sample_512,0.6576788678411198,-17.512819006504134,-5.713613849858356,35.66912072023468,-10.479018574907661,-10.384530493115863,3.680877392701176,5.183944442002388,-8.6724076990187,-3.767080241454558,5.288819690276164,-5.893743315681688,-7.071619078418247,-2.6360184681705987,-0.21880816557665556,6.194364324800082,4.174286289919896,3.0235237215807116,-0.49487559069703496,-1.8790415709682964,0.7267524815096018,2.9607282744780083,-3.4148985582286384,-0.8625658612974874,-5.014267818287983,-4.292698214244997,-1.242897727600859,1.6830857918313202,3.924105820706577
sample_513,3.9971539982816973,-17.709127281406214,-3.873735637403649,39.89670893592598,-5.145427359096608,-6.793383163517929,-13.801662240009218,6.922249353560342,4.59697521532024,-1.710400166362274,13.19142028499187,-2.9187803552397447,-10.38791702780382,6.158898417330071,-4.2386118976551845,2.4001359442743597,9.540305138421685,5.4620011635325705,-2.8907674599174396,5.683443215931808,2.4095646634678594,2.886556422655306,-2.3578894026181323,-1.1207878385042298,-3.53549559746077,-7.535260145738288,2.090300366320087,-0.7362306237897369,2.5054753999478407
sample_514,17.566261821572702,2.8527637298785544,27.272493405902086,-12.95500151368086,3.7950912244278348,-9.4999705463808,9.648617812975822,3.393401978189144,-2.021263397292202,-2.396341992422384,-1.4672625477826635,0.46571178795141904,-2.266106525222378,-5.2284204317369385,-4.674599644679766,-6.100559333363658,1.7479533582727378,3.5860627192099,0.9459381757407064,6.244228314498163,-1.523196278526653,-8.352522999757573,-4.489504710455964,-1.722668520781334,-3.395948930784905,5.324577571445034,-1.6511658411300458,-0.41324088501206097,-0.0019218752787864678
sample_515,17.010891843868716,3.7105946388912407,27.502475045959947,-5.589962194820445,9.274574935976316,-8.32772060234226,1.906421037090674,-4.8922384498729405,4.440490817706563,-7.768871249801414,-4.409890874000867,-2.1886406280307695,0.6977186531982027,2.5208439848301305,0.8618830289935632,-1.7703879765400157,1.4220752776222816,5.495874747929035,8.956741573420194,3.039424695989046,-3.0647044087293587,-1.7254067149027177,4.046074433262031,2.0237779680298074,4.748124292770629,0.559150186791015,-4.346582433101163,1.642446592605067,8.244589137826198
sample_516,-20.208010934171774,16.04658904425991,-2.1484411716088654,-4.375681040904953,2.3421731691171175,-3.6393534169172366,3.1831750988088214,-18.80582114221966,-4.770998605101195,14.528696119607542,-0.7300089794941785,-7.731604969394793,7.308135858737232,-2.085805878988108,18.08780262510518,1.3198649857721076,2.2818385116645223,-1.931166148482223,3.767685511418146,10.64749104924769,11.69647482089893,-10.893879881545839,-2.8962420866544085,-9.743665874405957,21.852068882261804,-6.970413733549928,7.991204833650313,-14.876920683403556,-2.6298821256230975
sample_517,15.037267101015825,43.49144998520829,-23.302815718776802,5.923785091100594,9.965801519557589,5.661672722670605,5.719326519772258,-7.938926999377408,-4.7633957256109145,-4.5088768821209415,5.506907717928991,-2.87291662924694,5.771078994142009,5.055830395506667,0.8139233794152936,-8.967451082163734,-3.5773786673130417,4.657927041333757,-5.019649434649652,-2.2488084438012677,3.4638943289995314,-4.308863350869117,-0.24509223702547012,-1.9836557199448972,0.48098117590496625,-2.2265859670097337,-1.0803693980513347,0.9393919409894866,-0.46347207736800916
sample_518,6.207204180716342,-21.369117016489245,-3.860850154268781,29.668651587822016,-12.456049692481981,-0.23916008513918754,-7.790113209036312,9.364005394196854,1.4971386283155959,0.8472803835400107,-0.3709192066956789,9.012538063000655,4.687424931601409,12.033222267635242,-1.2042812894493988,-4.949971800586425,2.8939716616663977,7.855162225953169,6.869081039105618,7.767562052583242,-2.220385723841022,-0.5309276037935863,-5.6302342511347545,4.436396465099094,-1.9160744517443238,-2.8233560464650633,2.6219724225896894,-0.286664547199807,9.07844864279761
sample_519,14.913040806237436,41.389222674993164,-26.56464517399002,0.3083577357893927,-0.5636882829811813,1.874172667413445,7.202364880689416,-3.052664467457148,-6.713711869973094,-5.456814911467706,6.1993926512858275,-1.2960510885317365,7.2437071119201475,3.020785568587275,1.8099342598393462,-8.698896603531576,-4.672027809235209,4.454080344275294,-4.567703496543846,-4.338028702170902,3.9284879825867844,-2.273132290374371,3.3878990851695407,1.0808625170909376,0.5352805780286164,-5.1011712136213365,-3.599316713175407,1.4574396241153345,1.5982968331658178
sample_520,19.513968509559028,4.793292012708758,18.221491319044322,-18.94467791651638,-2.180979730206617,-11.892167611287608,-1.4509257993577136,-1.411771533094046,2.7369282444363456,13.86263661618522,-11.865478991631154,-6.904055847952762,1.9670752066137018,10.25837159241378,-4.825078287469662,10.078376505947341,-5.196581087115862,1.6068994836650083,3.184120155355554,-4.534596422901704,-5.1398276227750515,-0.7200363048424111,0.5987116255004372,-5.495992894666693,-0.678702863796904,-7.529515648582825,-2.38936395573737,0.06375365271795343,-2.83255557076439
sample_521,-61.84923456118153,9.1403789238736,3.9988142926193007,-19.69043469723074,-9.429714612340263,-1.0105155197594704,15.936091474642682,-4.9921250223672855,-7.346266466541648,0.568551010014632,2.3854649128495495,0.5482636590566891,-6.250361279486049,7.051117158190494,-2.3634346569743268,-1.8574134038629995,-0.02480400468374004,-1.8967148917591234,-2.521534053718175,1.258240937942534,1.6184996522446233,-0.6062123634635842,0.7589183488199555,0.7809115263153987,-1.2912968087419672,1.976585993968875,0.8753411010942781,-1.241808733895769,0.4912522426344687
sample_522,26.1237664971916,-13.481986653617428,11.898001695144847,-36.66648493584115,-32.288162074553505,-16.77245464078108,-11.887929261480652,3.3638072641071117,0.8173048442500396,12.267086551869033,2.57224798305675,-16.09908203903169,2.7406214278924943,2.819139061830308,-1.525696621865398,-1.2145175182529901,-1.3281025702435247,9.522153509418066,6.82096819438124,-3.6753432521558818,-0.14461996706280356,-5.669468973654403,2.24183592336138,-7.80313621065808,1.818454584407048,2.8314586957904755,2.4061784334505694,-1.1239345465208632,2.187036137825359
sample_523,-36.87057980413919,5.2314123585035555,5.73230497706782,17.970350960665186,13.921929948505387,4.173704553133865,-12.064529507445823,11.690857841805052,4.231036295876155,3.058420694818624,4.32996583728376,-3.1942878620648365,2.4842917652097247,-5.145768078344063,-1.586269670313725,1.3504321129703427,4.6033075592295,2.467664091726444,3.38002119623547,1.5633753843664104,3.2649911653115624,-5.494723194807497,-3.470744140509401,-1.9669636408658093,4.876769708482484,-5.589254658409987,5.230522806530965,-3.57453474396975,-0.7829123272753944
sample_524,-43.248762341821774,13.978838902901446,4.757495705109502,-8.352778705932609,-2.6335013371982328,1.5887661732520906,-19.63474209784134,-6.864655642215575,10.770266390962831,0.029521384133124728,-14.501155357175554,1.223341815354999,-5.754210932482951,-0.012562308345304272,-11.278528286868143,1.0510342883139654,-0.08250307615507801,3.436554413066361,-7.573771893270389,-3.6086443645437747,6.207376732078381,-6.28828465474129,-10.44431702226555,0.25098853977641883,1.8484381192601251,4.459089336230176,-1.493792894854873,-1.2085865618028675,0.2657900815909475
sample_525,14.987178985921911,28.24870592252852,-15.717005546869157,0.1696966630606801,-1.9954623477241757,3.192074269201346,-5.037987259337442,8.12462121150383,10.219195031648514,-4.821504610810297,-12.58716718206243,-2.2375001320045453,-6.726470146815414,-1.3578713589239302,2.3231275170034684,3.5755254237170697,12.773956162189858,-5.249003033867251,3.426606341159495,-2.6337855466510636,-1.840030801501,5.44359767233469,-1.4638757211041407,-1.9072202169493444,0.7506676976328032,1.3445750231017586,6.44921367405501,0.2853031801808313,-1.7177621481058793
sample_526,14.91254124733064,34.12396678317225,-25.37930226544395,2.6821224152424215,2.697098643357591,0.5176175014961091,0.7618833251675328,-0.7754545613141959,4.048486428017914,6.510099606358538,3.454446835414964,-4.9503030851761505,-1.4191426940928915,6.004367575631327,-0.6774568093063349,2.012555282631039,0.8635281480439687,-8.060556309503346,1.4652489325060942,-2.0270079417085323,-0.12480131914342857,0.007314806534565002,2.960015959097144,5.2269801912020215,-1.5077750930883527,1.9057426220813065,-6.297248804216012,1.136128183104872,-2.434518521675046
sample_527,-1.5359319702143284,-11.5860513613713,-2.5995400996495217,41.26880634664014,-0.09386455246017808,-4.277195827411709,10.97643731804956,2.7776391988055247,-2.213549697547826,9.85354826554047,-2.104602598272911,2.783384844828422,2.889050446026733,-4.473198247044001,-3.8895027412346783,-7.188012277408018,-3.3619746240608794,-1.7030673711341395,-0.6490487310895432,-0.7975012370127341,4.248435984948272,-3.2131446117510762,5.632911980571077,-3.0052604334023925,1.9503602997694984,-1.8832016959395057,1.0063230452870429,1.9063502095341767,-4.067863420196757
sample_528,11.118698834168145,-1.5082727182662372,18.64291790900513,-7.3273007743486565,-7.960099009248853,-5.073682007437003,-10.240717504394343,13.441016454978552,-2.377301407164136,10.53435477095445,1.159180861605027,-8.688231052433656,3.529850910886061,0.8012298660905048,0.6867177843079578,-1.4601445690571566,7.096248869949721,10.657429409092787,-1.6128040460310735,0.35043140456174404,-1.6351398608428123,-0.20211334291510388,-7.964586508178922,1.6376085498126327,7.6828407961063085,2.1926813958348514,0.5506761816778885,-5.9859910625934125,-6.366466159899666
sample_529,-39.93181310170919,4.388923702544312,-3.114274823079226,-7.762785625324379,-6.842824358157785,-8.304310120283988,-2.993032073306571,-6.092393656091585,-10.358877294430577,-3.1029687351500503,13.358881904258249,-10.576090154887918,1.4738813382199987,-6.625688433067392,14.098083411092437,2.4514380652500547,6.454212221105714,-8.079378944551861,9.530123838974452,16.848369301328066,0.585078736392488,-8.423339770430905,2.9491653711668286,-9.035056644686533,-5.5223672604421745,-7.053705585015929,3.718633913686635,-4.186710739826095,0.28406946742491745
sample_530,7.188248637554136,-39.78643852734343,-45.33267930759077,-27.257046534496805,6.767571845159318,-12.560524311519337,1.2964860084298202,0.9917701611613816,-13.834621028303857,7.220382052832361,2.0235566253367128,6.0613425521700846,3.997379327602005,1.1791589992142046,-7.6494664502816265,0.46120991073184786,3.3370825175409946,-0.5679918794064273,0.8815471382010726,2.0060316272996106,8.006782015762065,3.9939526272456134,-13.400664048041612,-11.094250515564894,-8.137622965770383,0.7973872946365366,-7.233856157610669,0.27670189113454685,10.758352019745862
sample_531,-0.15994819474783029,-39.6852141726602,-30.23308502054778,-9.700484790188357,22.3472493323604,4.05079362576712,5.629124020980654,8.626838554929261,3.644591996586571,0.23193176879793745,-0.20345998858960387,-1.5286080837632665,-1.3667066716343435,-1.510059867946604,0.5633206311032519,-3.0623183663118554,1.0714983664775837,0.6011852570473449,-7.001674004484334,-1.8620213767492528,-0.9703409709042072,0.11249970470700799,4.331190202054552,1.04167917819085,4.494418369666043,-2.660087697373335,-0.40715793731272526,-1.0841689177876879,-2.4696447638937715
sample_532,14.636066153731143,-16.020402220984646,17.74910864260193,-6.909116816887392,-12.188142015976924,3.199540769114523,4.175966956536262,25.548126204945998,-2.1303473158049973,6.268664915119001,6.277882980159623,-0.18297599166718614,-2.331768471786981,-2.1096120668714393,6.9924283515434915,-4.029175913087802,-1.5676577120671642,6.825661322643139,-1.6594261755561468,-4.707183380350908,2.915956128640604,0.4432568986700687,-3.8312093512938157,-2.677973937837756,4.378545895499707,0.4755294200037328,6.906914861299381,6.082534986263985,-2.1451882575086367
sample_533,-62.01196942450759,8.803567640032972,3.870446902623543,-14.59699255998734,-4.12384969495612,-2.47086426381253,6.93559240758973,0.7147014497338257,-7.744449090258351,0.06877172726629838,1.0920148877043436,-0.06508011285247568,-5.054139476523075,6.077797313903299,2.2954336013692376,-4.348693799337949,-4.891386523991081,-3.8582006915010205,1.6571991207750558,2.999205003834661,-0.07781016636341781,2.377387471642687,7.109412530678785,2.42496618989792,-1.9706428518119816,-0.2028685095560686,0.20792074948663672,0.5325973646619685,-0.7373118746659443
sample_534,-53.47856706958396,6.027551348787711,6.764899931106585,-0.6906312005097817,2.607625643817012,2.0069204634124467,5.235322073183948,8.295907145831622,-2.181997786295952,1.5502302939575647,9.81573499314679,-0.6724623178932408,-0.43955075960434437,-5.693679430616189,0.5727789708379301,-0.6749722388936785,0.47745982531808223,3.341944966960169,1.9905884487248675,2.844527061083993,-1.595297185377187,0.7242393122906722,-3.489322588414967,-1.975263279391869,-2.5206224769069445,-2.9234835071481196,2.292507221715263,1.601130081781438,-0.9248926772986851
sample_535,13.147974952395016,10.797864613540915,27.02826059178742,0.5291459486161023,13.393900285369767,-7.299997671712897,4.799786595041456,-1.2179831659123703,-11.489676228579475,4.952777887659989,-1.0623226273750486,-8.070854954860103,5.171857377672618,1.0156872351834556,-7.084744886136032,0.2066626299923514,1.075525490260011,5.2923915035634,-0.8920243287667485,5.101840050342042,-3.5667602450798452,-3.1549007700534846,2.3338008820003755,0.5813122012185915,-3.6271269941396977,-0.9520192812257984,-3.688733858061862,-5.484036085533841,4.348227333549357
sample_536,9.778252961590777,-3.4515208741809302,20.322159347220914,-4.9513508093478,3.7564411791138674,-1.0194011811741408,0.5650634160402803,19.381893335343264,-10.453571881829838,0.25738778648497007,-9.29883217753455,2.307503569723421,3.4776726691066395,2.71924641501941,3.239109585409443,2.583388007160263,0.7541038400541472,2.4667758189415747,-3.443640174924367,-2.9016594254183476,-4.17897351235216,-5.052478047463702,-0.024528224605939855,-4.912764356723758,1.369764607945953,3.1249216289097466,0.25699701922842016,-2.8348000305616567,1.9820230774338907
sample_537,13.022926338584655,29.328055910243556,-20.550243612672617,6.111859788396863,-2.663569057422929,3.5848532300186897,5.79718570396071,15.696023459283342,-7.067586054481374,-0.7671989623650793,10.876430183367141,3.6682917168965408,1.7160853492737709,-0.7877436394280708,-2.6255487344061126,-2.2709000895304556,-2.3448300413904533,4.521932203301579,-3.3099875446805243,2.520048096695662,1.576079352995423,-1.9119077078363556,2.885072740248441,-0.21433342214366613,2.626857390983682,-1.1722968727910736,-3.510771130343779,-3.711436058132521,-6.04292204966965
sample_538,-46.562461675026825,-8.569283275196739,0.5781361287535419,-6.992498797486282,-6.327322963979426,0.9314537175452047,-8.520645369101707,3.0198174084033007,13.404961606850192,-4.933908248425102,10.78550167083222,-2.2579583480573917,23.21353355509287,-10.393922664919627,3.5240188466363374,13.502801592344213,-6.122345524640273,1.3970019516066872,-0.3024086182475245,-6.671522742722703,-3.4123335890786777,-0.5497539739834996,9.129013058240579,1.566863393695794,-3.8075936649594113,0.5619609776174068,-9.113613004340804,9.681186231175328,0.8092891057548798
sample_539,3.172907016075807,-29.197171547366136,-27.77273062933395,-11.275550806780219,26.28426964795151,3.827587643537086,6.358813021016284,-10.758479386415205,8.430205050964643,-5.546471910082398,-4.584165365067154,-4.3251771813256354,-3.434060468299814,-2.0453358687842056,4.586583570981707,-5.5423766128254695,-0.08125134768817349,-3.314306586879957,0.002764562006398975,-2.588644864164426,-7.2201049219583915,-1.8443390576888685,4.107528377778785,5.841326680727933,0.033980840340699446,-4.83534984834052,-0.13538243225259985,-2.1848754094715988,-4.577681471708741
sample_540,11.31366345067298,4.87174303114303,21.17605919621383,8.331155989963891,20.273152128241527,6.708923492521541,-7.919165867351099,2.6294239891893016,-4.112034381730583,3.975372704328489,-5.837255139615673,-0.7290624922256574,-1.4692554171918595,4.743572516295375,-1.6783538496433992,3.521141663353489,-1.3915995733423336,3.0210775235461584,-1.4542807682195795,-0.9612361168366549,-1.2281972174865403,-1.896016317307898,2.6166453795669655,-3.8428019086734158,1.9420920127819614,-1.3004622911748427,0.8016618093455421,-0.8720333902611852,-2.6661702584998013
sample_541,12.250688059585443,-9.39958923222161,9.027895940022294,3.288442611842839,-5.094888780381979,26.34433885180329,-8.101811438394101,-13.991142484418821,-7.501867207185819,8.281059307539717,-1.4318221562782552,-2.727857627961359,7.953395725278772,0.2776602830593624,-5.279935632611399,-0.9373237601328704,-1.2432972487067637,-0.789525535353823,2.7510459572199757,-3.200725539093869,-1.319299857790313,2.109178716647449,6.420681473409102,-2.20017781737669,2.832447777648945,-1.4770405811686618,6.201202845359227,-2.5366486558522525,0.26139716488911724
sample_542,3.855928349439396,-33.83253665815273,-27.713047632844987,-4.432786077885432,22.020332250575926,2.7643392724298304,1.4654718134935278,12.000641326863047,3.641090074547965,-1.357153626768072,-1.361210389342115,0.3348449780756361,1.6469644756259456,0.30999194259245105,-8.39334744229546,-3.924583249686798,-3.424982936110371,-10.161484543888172,6.9614391620519696,1.1359484142047365,5.012769812179757,6.749046329384758,-4.174659711636969,-10.053517988060804,1.3089142836574086,2.5915062536902873,-1.451842968173524,0.3247552415229574,4.0014060321808484
sample_543,-3.7362570600256046,-19.893289545639735,-6.033117511435384,28.7645138821173,-15.969104002784782,-6.00451714354535,1.9450312597986719,4.98377677221374,-0.8654831148416088,7.704610625261908,-4.983149393955555,3.5829530870168327,6.706916982883115,-4.223142835185596,0.812279202255376,-4.991107136945255,1.8019935929840638,5.860084869376497,0.48330354859532365,-0.3878151660952364,-6.310484863945518,-2.6568719414553903,2.927326083692108,9.556922932326522,-1.728136229056419,6.153114442407196,7.287056106043691,1.816339612131386,-2.029865841450305
sample_544,15.899456109330877,6.441883585865032,23.318562616449427,-1.2454279502723422,12.1819245150983,-4.538721137293613,4.056381121760174,1.9696751616914405,-4.074267352572958,0.28961892279621976,-1.4489159288075433,1.7949568955878819,1.4593505058606093,1.5936735112254554,-2.8295627565150427,2.6075697616752276,2.008174929977561,3.595984053701783,-0.1421242485742186,1.9662304991581911,0.7422026045439387,2.0709964236572507,-1.1962835682211803,1.531053661567973,1.7465163073788117,2.2976514447486385,0.44323127102485893,-3.496127076887721,-2.2526765488288425
sample_545,12.085476935098256,8.302416822810827,18.77275926106602,14.058515877886581,19.31948004095946,2.1742370863321234,-5.8128317666436775,3.932747591837788,-12.811136574343104,3.418572801200004,1.0418000888727095,4.135502515208162,2.2125083555703995,-0.3919102217537693,-3.7168742743883136,1.897013197398365,-2.625306691051553,0.6969644158286491,-3.906013918749861,2.307025152585333,-0.7283146900290409,-2.9155788039533967,10.249371073807708,-3.0436087883234757,2.6538852998937985,0.8758049807143327,-0.2987680210865922,-2.875498135758504,3.5781918572360163
sample_546,18.778846388676605,-8.007824923696564,24.400364806321832,-24.885357831176467,-15.476821116902913,-17.003948016692675,2.623835525017507,8.66926291372215,2.308363032266119,-2.1806660274298246,0.008693983786611731,-10.960418799957209,1.7759040104981343,-0.8448222127095947,-0.6726678221504951,-11.682297268935718,7.68267737580019,5.264698135930291,2.412612334761953,-1.7647086706229511,3.670761668732386,0.08743809784187209,4.207008865986298,-1.1874640705180095,10.376492029534298,3.611584947525751,-3.25121947963179,-1.5697152765456204,9.374951651958419
sample_547,-64.93584142450779,7.281388510708736,5.984820213242101,-14.35896606075394,-4.297282342214699,-2.4399793087113553,5.080136132578594,4.143756735617958,-8.77213737249198,-0.5070923911624876,0.04708279969260221,3.082439620711169,-4.88892332242827,9.118773576041036,4.49658080285809,-3.7950178845761764,-1.1746810928513476,-6.405590553841279,-0.13692031922419443,-1.1283441256994209,-4.161278332962149,3.9692585395883757,2.2301700065545265,1.8254661086509716,-2.4809610467064958,2.3417383511915846,-1.326122403653943,1.272624878585852,-3.3702099964093466
sample_548,19.04571442543813,34.12149827093872,-26.899227098556747,-8.040007895241624,-11.750567638754358,-1.6983771898737139,9.566431358204607,-1.7718847228271672,-5.0208346013949186,-4.553351598843802,7.334678292470309,3.4901181510516905,0.6507870641589658,-5.0158368447881285,-5.945535343953737,4.635680512780721,0.005924638500348191,-4.4038658170308524,-2.555603468080248,0.7345621496032861,-6.132581475855749,-3.2753886192487682,-0.724833472360864,3.586541981684323,3.4601986565224485,-3.330072826187611,0.5921590610279972,1.0298993825025207,7.08390909703751
sample_549,8.66518897715387,-11.9507290479627,-2.7244301430377535,17.32875437174381,-17.74835717257041,-7.255598635200387,-8.14105787949194,-7.769796137968492,-4.597760165147322,-9.571964467253723,-0.3155652142006775,-8.053035500514092,-9.669454418610558,-1.801129300123751,0.27871852701174005,3.6520294911674545,1.5724852595739334,3.2896994067275607,5.306034784786898,-5.001428679598937,-0.12295949070378161,-7.4074275171926205,-0.051292936470420825,1.0165543158283805,1.587188651286129,-1.60471473486121,-1.4341012642003652,0.6387962197030311,3.319235639297916
sample_550,-0.2715289703521095,-8.253234843586231,-5.262739253584036,44.83987227348894,-4.21306836617304,-15.514769751339296,-0.18516371938750298,2.736175384453765,-8.24865595481082,0.6230113417832116,8.288093263247001,-1.2274728394961154,-0.9544915140761547,-1.0620922901024425,-7.068909506340722,-1.2259650261399644,10.894689270329662,-4.094275524368982,5.043833313686191,-10.467921527949823,2.041489835332761,-2.8303095964878127,4.544776186224913,7.344616393434796,0.8025951628327053,-4.382994660614187,-0.1017785451882508,-0.15859377858921778,1.4351304818665582
sample_551,22.538168541247753,-13.165093666896896,17.632993923032874,-16.226718601615367,-11.240880276296043,-8.441530110075453,-4.611147995845203,12.79940850901785,0.9123833192443105,2.735615044159057,-3.843083329683574,7.018739230651849,-5.883454962032776,-0.7483812759002955,9.638373313510337,0.8012380531149393,-2.7206611946921506,7.819319071602028,5.125967286027356,-2.2262731368726447,-2.733117617713947,-3.0187354289926556,-3.690724083570063,-9.298414879100504,-1.9224550224832297,-2.5120048011687177,-0.540685515011722,4.170660997493835,3.4965759459710175
sample_552,-51.95630042555639,7.513906991913155,5.699633863295913,-12.276591063043934,-3.124813411239457,0.12418803744236605,-1.6275121915884043,-2.6170781558195673,2.3133776610428387,-2.8633939631142633,-6.251711647813801,1.8438118247639939,-1.882773421845704,6.992560982027529,-0.6110417396795346,-2.663542495056918,1.6041434876543716,-3.334513525415593,-0.6492992430952167,-5.404075228921234,-5.506738335471859,3.3537097437759615,-4.591737527250388,-0.4870598209230744,-2.4394933325114825,5.112742880756675,-0.043606485926145036,0.5377355778337899,-1.7519290939778924
sample_553,7.708629029233949,-40.47806615754916,-32.21545614812875,-21.746195729664404,14.712647545763572,2.0994040886701457,-1.5875965819344247,-4.990109864338176,8.184747107838653,1.897375257188711,-0.7085891672619071,-1.348640719556321,-5.76789284036902,-2.9921170212262735,0.19158709248025668,-0.783179041104186,0.46746583878281095,0.42310016535301037,-2.1771109610578994,2.653227905833237,-1.5727319459957434,-1.962039971126214,2.3150588906021916,3.8060099094578623,1.4324101260760014,-2.0612361395851373,0.48857164668271635,0.41268445083084637,-5.37758100140169
sample_554,-53.77468431753321,3.621227151898583,6.546223873831122,-1.3329349836039408,-0.8268009840611361,4.108475904560307,1.0221686585027996,7.816711311123516,1.854311243135418,-3.79816403978886,7.493379297425026,-1.1470566202652357,5.43085924689411,-4.848343149346507,0.13405265999104243,2.9744569946801596,0.9185096292537804,-3.1147790658382704,-1.6673043863404204,-1.938861585084442,-1.907399506573328,0.8770040100870554,-0.2808536003723813,-0.0916088190469219,-5.029132002517415,-1.4700023128235935,-5.539021987849493,-2.2550578942127837,3.790001512449928
sample_555,-60.06679917837988,9.66478054116487,4.943393334136879,-12.21833036882481,-2.5133434097783214,-0.20120703969118076,9.113163895255301,-3.341001944548166,-3.997689085999307,-0.004876010567995552,-5.599168966756884,4.085309239522228,-5.370969282431218,7.551289413888398,-1.6581894689636134,-3.633141697870022,-2.3241491178216047,-2.176083171319411,-0.396002549757123,-0.6676458661799533,-2.87759780886605,2.940297579963484,0.3413366398159127,2.0017799770993627,-0.33440194369135334,3.311565561162944,-1.715618942528835,-0.6101274941940881,-0.09198119556334668
sample_556,21.244887277334538,-0.3185109680711199,20.917417561465328,-15.296608250305775,0.11511061034556597,-0.960372928261365,-3.6834998360585716,4.091184556359519,1.3257069214944346,-3.78802847828985,-5.696555260794143,8.1758460979485,-6.1573962321196,-2.2530282188353272,1.1962644943453107,1.3904345035582355,4.44375731092333,-3.006402814131003,1.9347372603830206,-2.6814527378011395,-3.675684341507479,-4.378685362184155,0.20643719222891746,-5.687367900645894,-0.5212067868340816,8.449174346082067,0.7819018897357416,3.0596261443394996,-3.8010226364210777
sample_557,14.817964621595292,35.83701837727086,-22.600186473269805,9.21570946086154,11.765693773241715,3.9352218630367264,-3.2168874932995974,-1.8266078383733462,-2.4582579262676383,-8.7352751923612,-0.2964240364081085,-1.07061648104985,6.439159696195545,7.679171142770105,3.64531938043001,-9.362884666023753,-3.2554668236434656,2.0544639380046688,-2.0721229644488584,-7.428799786568289,1.9399186089737397,1.0391854555219107,-1.5354953679253813,-3.3631377962139726,-3.976170832069955,-2.1956907293556567,2.023243695245942,2.019411021387311,-1.588600569162966
sample_558,0.9529275168228979,-26.260596023226814,-4.929570545281967,30.46632165095475,-18.393513591953283,-4.672361495622604,-2.097648240908494,7.321484074824859,5.841595778731915,-14.271645369721194,-1.4456888071935106,-10.545562153984527,-1.5278806128717435,3.3068756841579314,1.234503061093839,1.3854115971435794,1.5961298263884105,-3.554127238920452,-10.079087441464212,3.7074267204501985,-6.188439362095727,8.344372745248213,7.602460383066837,-1.871122580928864,-2.1599422416772933,-3.9327018564763105,0.6284198079444165,-4.491914406592334,0.938860388775707
sample_559,-54.54005485121751,9.570499198693621,6.785757170834226,-3.6181975905676937,-0.5114319254577603,-2.4619312668796214,-4.149087927793057,1.5611093871073032,1.146959435249276,-3.9226585519103465,-0.08271512622903422,2.0564692956683617,-2.619212810811818,-3.2246525701452606,-6.809570291055756,-2.45867159841521,2.669007883787711,4.461103835491644,1.346506581422845,2.3889343420437696,1.5452844188310886,-4.132325648281076,-5.5456687223306815,1.8489116169418243,-2.440628164528461,-4.406704367740852,-2.002668544874221,-2.7711202942345836,4.4241466130265055
sample_560,21.155911994474792,-18.088190827688784,14.182043605107657,-13.730101949183382,-12.381515984229635,-1.9275342439854624,-6.80834224795325,9.624084168389365,-6.210359794592457,-0.2995362221783391,11.22339118657161,10.761718238995464,-3.9624512221983235,-8.545256229069361,3.0931054095215944,-1.8650615866124183,-2.5369483359651888,-0.25152660982625696,-0.10602789546357148,-9.8251281407575,8.299758124703885,-2.097694616675167,4.371855179229817,-6.987602222222967,1.1714703231204409,5.816538837613565,11.491458867546772,1.2803882035382659,3.309350673903146
sample_561,6.796982925788362,-36.82573421379513,-34.15103808413089,-27.094559505490352,14.41244258509743,1.4293310327409483,0.004504473216673208,-9.192399275229386,1.8159124343981201,1.9545851246024255,-6.278369130944849,-2.929718562929818,-3.4815720210450447,-5.174287254414013,9.308290947139737,-0.25795472922450385,7.59315057017678,3.8842665648089914,-8.126205046468176,-2.951623607918321,-5.225733067172153,-3.092537291649388,-2.5057786395700354,6.346447043899695,-1.9082988345168534,-1.3349100129662905,3.854302393539336,-1.6997542539100168,-6.719796210619086
sample_562,1.4632159615020763,-19.07709346631008,-6.658777102470321,35.84538836319135,-19.13670811143659,-9.23632842534048,-6.060720637586982,11.31932104375853,-6.9552889225973145,-6.635592066696376,1.1294076197569156,-7.465655658730567,-6.520737250472119,0.10505247863471492,3.598787139609628,2.526857587399834,2.683301100334638,-1.3585192215671789,-7.220104969410204,4.603476430066532,-4.5809110714136985,0.19344601010516155,-6.92397854720006,0.12196144734160984,-5.930782356502643,-0.3817943586646047,2.709477873611481,-2.875273541850477,-1.6739987326567938
sample_563,-0.3679319083343633,-4.754048530090234,-7.16951607111322,36.86226380387555,-4.623576975391129,-16.705384247511745,-0.04641803913712167,-10.353429204091835,-11.77944832447676,-0.41514013735958266,-9.511716323516845,-6.315337621983323,-10.011758111877946,-8.464815906351548,2.5906324623738004,4.801786528194672,-5.918897452180551,1.4598560914127416,5.645650213532691,-1.5426626184591772,-0.021136102140847948,-3.580534883494124,-5.637745639635773,-0.12629430285012866,1.9510924551357527,3.1227144801098965,-3.060955868297016,3.3509367525860774,-0.612661690596599
sample_564,2.4822355513974372,-24.0608479996581,0.07926801472120736,31.761198489923405,-11.863217005967009,2.279531202135937,-2.7246663754155813,5.204217044031272,7.376213490464222,-8.655261936048726,2.4392119453928833,-2.4959622980290104,-4.648641616266391,3.681247910050706,-0.6064545451796315,2.643926734320729,-5.167070115517471,7.311894987803859,-5.813455527325096,7.811001014998561,-1.2316492551985023,5.503602327090168,6.454233679311202,0.8776360289592887,-0.896127391516081,-5.376940670602484,0.8846756329730857,-1.2523911536410797,5.6137699284732445
sample_565,15.387632193677955,42.610768321929214,-21.284238023227754,7.845521714943901,9.060935269000357,3.636672281744334,4.424465324247798,-4.243933526958614,-1.174633688314323,-3.7831527235650726,4.6549600577436845,-2.286271493671282,2.5873894219348745,4.4180863852306285,3.4046607995166003,-6.686465589685792,-3.102604658672699,5.7603543051732355,-0.40069485019627094,-4.759732134852927,3.352929704818515,2.8967484187329338,2.1483362033950097,-0.9019941219489711,-3.2047864027042263,-0.7960893677912377,0.32370659767720056,1.100942262033051,-2.56548630824285
sample_566,0.27159572254902875,-13.370828620482584,-3.816856680439914,37.708340951545935,-9.37552900327194,-8.713549594559925,0.7707763481255109,11.154397732907182,-6.857774725122018,-12.44618540843463,-0.37745591882514407,-10.532676047656867,-5.947149700068443,3.237746611096221,4.103377387623252,-1.7839978574549042,14.52836723991871,-7.40167570471702,-8.469348992139194,-3.53280715751736,0.2677044900735466,-1.299807678726973,-4.982564288158442,-2.3760806131785226,2.0335794265660425,2.004560786210191,-5.973981049374624,-7.06603013670842,-0.4625407557774475
sample_567,-59.00502153537366,9.956969543504915,3.6530476354470585,-13.356454660306662,-2.0850318594277013,-1.9224833295288277,-4.1534126314622934,-6.322806185507849,2.9262315174683766,-0.9542482351388367,-1.2343145844221008,1.0703657463625418,2.4741711112765565,2.9844827098075104,5.732412833887048,0.47319507387189574,0.1648471415073255,-8.104336691114963,-1.9169320515751997,-2.7329068736812103,-2.5886511080619825,2.9830821947075012,-1.2337575773464953,-0.28692285967140024,-0.5709042988470394,3.8170760786515023,-0.2671642015479112,-1.903686662993689,-1.5284835814954514
sample_568,14.29052721663162,-1.983023994318592,18.712725539051338,-25.316440102152907,-15.216027400889244,-17.139035923478403,10.79617809470345,12.06391977188982,-4.1453664986760215,9.728720850954652,1.0361533085789287,-15.789309164774878,3.234215722617829,0.8056483763627581,-6.111782579709788,-3.862605691223466,10.047438472343389,-4.101029201342393,-3.6687215025501834,-1.156737995976188,7.140228935486994,1.313072912334343,-11.330848080939308,3.1818685485334246,2.093595778169463,-7.4626315444216695,-5.698983678282661,2.182528042115854,-3.711689767518531
sample_569,10.64583474502859,10.81974641177413,26.164888052593653,11.248719958970133,23.524657398184583,-1.8382678975634534,5.314472751981643,4.939606710140016,-7.307134395309837,1.244745414160381,-4.172462308952798,4.876057654547776,2.0361037268895994,-1.9799345972328473,-5.197891104901532,2.9625798370764813,-1.7489393449536728,-0.9012791039437938,-1.7647773631907042,4.572698999859302,2.227521142473104,-2.7479797210195884,3.9636828802371564,4.342815359212387,-2.7033114064726287,-0.8802634451632868,1.4114095919186087,-0.14052299095461135,4.458258125946099
sample_570,4.787709811622268,-39.83813952699814,-34.94567546812131,-20.55436767107131,18.73407328929742,-0.7996373873179099,1.6963830841966792,-0.9620031966066824,3.3365607718667367,4.728402918476446,-0.91567585921242,-0.43639464955903484,-5.748429576487523,2.131618349054631,1.8929765418089803,0.1827984595082496,0.8856778786571968,0.31814251750594263,-1.6925027507902661,0.5704185557642956,-3.4442377114378955,-0.4033730529225998,-1.2281054555756201,1.454653941836336,-1.9334533592135164,3.361271602632872,-1.104595568179342,1.2342366941892424,-0.16631088535928948
sample_571,9.556156580795504,38.53689656484037,-19.389138188527518,2.3435162796316558,4.787379431487627,-1.4582384484925761,-5.34548288299458,5.336485897492314,5.352129359564897,4.658550009305022,-10.80129363112013,-3.83099553891883,-4.031103636903323,-0.4186542018489826,-1.70574047654815,8.608514139024741,8.312831787333584,0.3143897674751764,4.915215686386792,1.8658362732577929,2.33310073562242,1.8583905485598107,4.604162891384549,2.4789301783990396,3.1358611416515645,2.746975497548539,-2.2394430889460737,0.28463685629948415,-4.220414761716001
sample_572,3.2842245039466724,-17.798688579018272,4.333671386178696,0.44959632604556904,-16.343087671203232,29.131488508161954,12.536001766415366,19.78379509657245,-15.707910799109852,4.606506420114157,-1.8152478000296723,-7.577592252241032,1.2579258384846324,-6.34980415788508,-1.352697886939512,-6.193945760211022,7.991633804831924,-0.7719102558273331,-1.363601341833732,0.787495257700198,1.9730697505791022,-2.0058703866845997,-8.865013464323951,0.3467567280045224,-2.2243285218334825,-0.1755802692086977,-2.9077743895492,3.363818990483016,-2.7913488691844455
sample_573,11.77735898162461,15.698914616092154,23.839189143951433,6.224333395401907,25.592615785266066,-0.683037650941357,3.1942061591608737,-9.368924465697681,-4.68912625815789,-8.931175682402714,-10.658832740104891,3.139536977099661,4.282858175681891,2.265913307237118,-0.08128700523737356,3.7676858535250974,6.148339332631318,-5.6375647096098485,-1.5528248310018147,-0.03661509947175845,3.3054138043094197,1.6511159819486365,2.8002658445302244,1.4345369805805643,-3.4015550978785423,-1.8280558283431956,-1.840777073695332,2.2432476642097723,4.081518114541869
sample_574,12.27479949149116,-19.07586723574135,7.3886441689746665,-8.36118985066434,-18.392314855399572,27.41690306107478,13.000326180869818,-8.135691759691793,-6.923556381542894,-2.98690119166376,-3.875288587039993,4.906766630292285,3.137217258053225,-5.125448600073056,-1.3482764245188679,-1.0602335071254572,7.323898521286768,0.30652744457570336,-1.5016366115596127,0.14123487302209267,4.994250102223013,4.643647901694597,0.22589478177381214,-6.376268508638342,-1.863866712718325,-2.0271286618400213,-1.4143756651083128,-4.5143934825246115,1.887478476317207
sample_575,-51.33893254690586,12.912242569848972,7.670628632710274,1.436851122455524,10.11173799380062,1.6490471628302352,7.622564426006562,-1.4740801760799362,-4.401348279495563,-1.9116027205827073,-5.757149495888601,0.7660992367893434,-1.948930108466917,2.5088672355789847,1.8401469411050304,-1.8255180464743606,0.43110552744619507,-1.4532416555109005,3.032351842811699,-3.079879411717404,-0.21752805450487456,3.369193493121459,-1.1875636204043178,-1.9603106616217472,3.5433819684725676,-2.494721301658646,4.197282874494172,-0.8664630611988017,1.7809045598277868
sample_576,-1.970230492821971,-16.040183798756598,-2.3327640656309003,41.158756948027296,-5.511380671672862,-8.281786615233035,-2.6354677615351996,1.8654728600773571,-0.8419549828897659,-6.664626653028091,-0.2948746520957226,-5.7451529421014325,-5.6534977031673295,2.2344529168819722,2.7335291562192743,4.728951303934303,-4.091417992769157,6.062043668736783,-0.28999958076097526,5.222863017548188,-1.5981086948087972,1.9026294568917868,-0.3151155145193152,3.3057702116227423,-0.22595076896364705,3.327675840958126,1.8380554839099574,3.0436491003297506,-0.5353863602285027
sample_577,3.781451725326281,-13.926706466121939,-0.9258368203243403,16.451139879618843,-13.910859440103001,10.861362481028335,-4.384073226301021,6.639701230013872,7.9829724187628175,2.7395332773047945,4.3731784004568315,-0.9859385419809494,2.5606450815555286,13.156645690928068,7.373403079591356,-2.787560155024651,4.9357447775038095,-10.314966470408544,-11.699527392997629,-2.2781267147156155,1.3487566141823852,-7.113769253204522,-11.50782574986416,3.1284365812268704,0.007683770447737826,5.807040573316497,-1.8152704346475004,1.0226731986576982,-0.4787385191896014
sample_578,16.223284312959944,-17.527687675321015,12.331252873060945,2.0719793984451407,-7.703060918492381,17.745597917677667,-5.917028309941277,-2.339930479343207,4.497721882349092,-13.69416480221033,2.891853683486015,19.428477031456534,-3.8376553375379694,1.7512486981938205,5.287952704010108,0.7007543547412008,-2.235991504973076,-4.914034141864152,-4.744809007472759,-6.670796063503899,5.2489110171142785,0.46182384802910953,3.587542146085942,-0.8475549039133229,2.420696242405834,-1.82097766254674,2.8233605706275835,-9.026230414284255,4.57839192097778
sample_579,19.713671776678247,38.4395599759567,-22.37699579690985,-4.157696952909401,-1.1822260185181908,4.527617257699646,3.0464994766107396,-4.1675523366593925,3.2509918163532827,-2.1120894259234007,-1.455960922598595,1.0057624713850857,3.204043496181824,1.2402947028782991,3.6160010518754033,0.5194120592708986,0.5304956774360822,1.6974356819004501,-1.3383068756605205,-4.882108117004865,1.4757808495873372,5.92809709295815,2.7703041297740456,-2.4245220110941794,0.03939023885260774,-0.5473468160382098,-0.6609307035265364,-0.7628949653094665,-2.3723022783379935
sample_580,7.355411076044372,-21.14759442315036,-4.251528196097457,24.182271988600117,-20.84221650091567,-6.159285030045607,-3.3889915573448803,-1.9497954062183638,4.388698086322733,-1.7386507137979377,-2.189946701926357,-3.258289243114241,-13.404698187229927,-1.751939952519034,-3.030029807089433,4.583100828504507,-4.189501382060734,7.97491766773057,-5.337399673084714,5.653166521991535,-0.03258489795727337,2.5402267874413416,3.882374913571222,-0.706302581048126,-1.9783512021133385,-1.9298740949731021,4.182256234976513,-1.1521927599374966,0.9748861091026461
sample_581,-0.45465306430972546,-16.675840892195463,-5.50986547766681,29.45301217691279,-9.991104475005784,-6.256820902382301,12.74042160925588,0.6179709808468976,-6.240185414932737,0.8188705496879184,-4.398762536154845,2.0952664922383484,12.468549993742029,4.98655057727571,-1.8778062028239637,0.9369513530767022,-8.50831391674198,-3.6267052531675796,8.729370853489502,-4.178745773327225,-1.5208402900435076,-4.643966371434629,3.2504772103670976,6.0310749394625,-1.0344654970901703,4.197764102095732,7.697973355082127,-0.40693263806806507,-1.532422336624107
sample_582,17.733495270087392,-5.653106194791869,23.585546989884644,-16.333616963205507,-7.980395274371314,-10.351133609074449,6.308131564106612,6.136103233869526,2.645727517100555,2.4906672442380624,-0.008592836900424543,-11.201790919896562,-2.6972994908180787,-1.5473845237118709,-3.2024831533979343,-8.107363820719403,6.313516522787942,-3.648207948964412,3.686448427055486,-5.234842982130939,4.742086886264184,-5.379658785689828,2.4561909437773344,4.6948238433848655,1.0586479392427353,-1.2478418077214222,-1.2179285717720005,-3.554873336161081,3.8333133964232724
sample_583,-60.56878746038887,10.138465305961239,5.894557534551133,-9.086804512065164,-2.8866153015084763,-0.8952232778110517,10.58247053196224,0.6174528022685131,-8.862709467171962,-1.0647933736877213,2.1489357649115934,-0.22233550126761428,-1.580324233157995,2.253211362202946,3.032301361875579,-3.488980286129826,1.6251719498894397,-4.846782378051533,1.6910107426091745,-2.1732444983962647,-1.6438722966972195,2.5253532388016726,1.8399963611377408,1.3285131678222628,-3.5523817168458227,-3.5199648979061906,1.3678240253919252,-0.018797831815120604,0.19830561943104255
sample_584,20.89205969638585,37.22177133926149,-27.664042559324308,-9.540267075605813,-12.924002565523669,1.1523952339755792,4.516773714872534,-2.696283546054066,2.593695483296829,4.986783157687772,3.0334192980000783,2.5351448498107807,-3.6375420761904294,-2.4785091744427836,-6.88681496900301,5.301128058746794,-0.9030304949483705,-1.531279635667342,1.8252756867246938,7.274854910609398,-4.947474240563226,-3.1497323961082686,-3.786959447378265,1.584364927638909,0.28034896071940824,0.08129463545189977,-0.25344345706034727,0.7769573170308576,2.938751137678695
sample_585,3.906181281763447,-42.8127541911078,-38.893004791442834,-25.146008122917483,12.255379960805016,-4.339709190107555,-3.9247494747962723,1.231269738233839,-5.843338776412957,-2.0465839876910183,-1.2474538595350786,-0.4117693507102013,-2.665072669345374,-2.420839028347659,1.3874631253535419,0.41744662015860245,3.7744830598596284,1.6284523756078104,-5.224763754695013,-2.2040468558981643,-0.9381442711320572,-1.9131312908040055,-0.6554110422365523,0.6627575720650057,1.8610528441144754,1.5406581496471417,1.1395595335936506,-2.1291731047390057,0.03232134534354875
sample_586,-4.694559470641497,-24.017355080087857,-3.877161717158432,34.34336787888987,-6.703172356811536,6.074828681301524,1.243185930428002,7.866286501719294,5.964911141382589,-11.684837031341305,1.7718007719454292,-7.068082659157284,9.354682684625452,5.420358909523108,11.815292880463629,0.23218997287205986,3.596459787668968,-4.40867520565063,-10.955836296117853,8.052898316712863,-6.518810932982197,8.036895721271092,-2.277746303051146,-2.1847791520631286,-2.3930012239733327,1.8482155292233375,-0.8254408076449327,-4.467887427346224,1.5064302590488114
sample_587,11.626965500201182,33.68397989580408,-18.475753263745037,2.282959373699392,5.898336695647108,3.2859742920356,13.20368638729453,-1.2237348588616888,8.041844132163353,-1.1515218608342481,-1.5712691000304388,1.2644450950520145,-3.077983304000017,-5.455852880655381,-1.4251884098094938,4.06802997541555,-5.2048194667697505,-5.715655130139262,3.7192214211179944,-0.23969807845520594,-11.02708715686052,2.6116798119259403,-2.2483097758484396,-0.2258113023275908,3.9239946002871786,0.5231493732274004,4.5519076221944,-0.14294985889578918,3.837061117698076
sample_588,6.0260099795995545,-45.68295862315349,-30.195373258680707,-14.672411840198656,13.244508946603329,0.2693899585805049,6.5650506348737405,4.30767438989012,2.439946923970069,-8.984330035893803,5.082281282881786,3.366035937922719,2.0486487519841323,5.497415203379415,-9.434052783820782,-0.842840854643341,-5.715329950856004,-10.052564287404016,7.382616308435439,0.16171678846380202,5.162247144799454,5.135594621853271,3.9978688844742742,-9.279343902348167,6.067943981599207,0.1727456887224247,-4.1359746274350355,5.553848565927794,0.4246563493021848
sample_589,3.2357550935137396,3.065693303279498,-11.637041712821993,40.06796369252253,0.5926632116822029,-24.064229344800967,-13.676613962922445,-15.704285085042594,-13.410240840120922,4.10161975169595,16.13503145607305,-6.099565025451485,-3.3750642755002844,8.264318175252553,-8.15751144379364,2.5863121270420746,17.623904319976635,0.6447296468561878,9.059124919698396,-15.791428248992537,8.121243553353088,-3.7198522827325364,2.2417696065082153,6.716442190301669,5.1181754533198065,-6.727811533099191,-3.7568676397515848,5.996230268655661,2.2992951249732685
sample_590,1.2082196934349405,-41.79180976480694,-40.378110513242206,-22.993625269079033,17.393362499496103,-5.6424754727598,-1.695615292623043,-0.8716253846496926,-6.3055418168759,-3.740372017146838,0.10595243087931552,-0.62857847449769,2.821038237557887,-1.9921096113580714,5.320985923974997,-0.27311918430900567,3.451049051659957,2.314873835986926,-6.140051042993117,-4.895176921895981,-4.1685642191583225,1.7367612742333793,0.4619972408297106,3.8460595889553,0.327470287549992,0.5650843361281328,0.4683099346694716,-4.980179057047076,0.6124675457808373
sample_591,-50.14971784351402,6.859642547647635,7.8649956505940155,-2.078459409140645,0.48411134389912786,4.668623454397358,2.9668223618111007,1.000157816776397,5.509935816377394,-5.685461632736583,3.8332355368995388,-1.8152835133371565,7.801487467389631,-6.355893021275859,-1.7965371004653443,2.5171217261095147,2.650844498866453,0.4958449671669283,-2.240969824010035,-6.210598374932429,-3.8194125255271634,0.813819061462491,-4.693372491263694,-3.340063897954119,-5.059754224078536,1.5319110488843177,-3.852103424215689,-2.3047920471357592,2.350278212336773
sample_592,-42.94088763983825,3.5316038150583204,6.543771642595008,8.615040435033304,6.721160005463334,3.995344038897744,-13.724895510661439,2.010454825278817,16.14793648906739,-1.6556080291551802,9.66749914214256,1.1893315258695782,7.781406847222368,-11.839517576260583,-4.125477271461151,6.792423198777546,0.44557218956596095,7.148744443616558,0.7222156828315931,-3.0169121806595585,-3.652653903462347,-0.09443685122450028,-1.018689155422396,-0.6422881847804593,-0.9627670598772765,-1.2560800161358936,-2.48451846779395,-0.9698988422518965,1.67188081238272
sample_593,8.644312888785205,-25.665550292116205,5.628874007170866,-1.1745831317107873,-21.39641494687457,36.294590327568315,7.616348636889934,8.436803046456415,-15.809945599824355,-3.5477953998599574,4.999624579217337,-0.7210969143640975,3.518180520265818,-4.327564532866027,-2.1349196284544467,-6.742383081867962,-0.769613486160606,1.3688407206120476,1.805087734372928,-1.708991611745522,0.5962989363524493,4.549212743400253,-0.3504191041201513,4.461405339937234,4.666051286256073,-4.906659853200108,-3.4194814039545802,-7.029407749862819,1.6615726749274329
sample_594,22.390318805241925,-2.4205831205787653,22.712927287087894,-22.91555392478134,-7.032676207377697,-13.08647843133337,4.3146845770955755,0.525349549880536,2.8752384217561464,-2.9549014105092546,-0.10501317652405545,0.07291895644481741,4.180992787287564,-6.137189241500629,-1.6578730680292881,-5.384731233698977,-2.260642640770615,-6.837732431955468,-1.9072048758597853,-3.8848173561205273,4.833839022822061,10.97623685452149,-5.73892784279711,7.657292031887444,-1.3193379112551575,-0.11262816652954889,4.036444479437844,0.04681919177921155,-2.867505445960468
sample_595,-58.62317715094847,10.967670636858095,3.8984557165363563,-16.963658891042204,-6.905264976507772,-2.514088131975556,1.1740705061285968,-6.876627638733657,-5.523473179572457,-7.654613044030939,-2.720787853898135,2.537985448950335,-1.3282066898300173,6.2564342497091046,2.439011379273282,-2.411463875922737,3.7173944651211253,-6.035621343377636,-1.2987665048090684,1.2136636499147715,-3.3011788687794503,-0.5127605084488329,-3.6359261272732595,-2.573629725833749,-2.96412331615438,1.3550306884751857,-3.024265634927555,-2.2171394323118223,1.6083108370287849
sample_596,-52.09258132231282,1.0401959618348444,5.2969272441077475,-6.529133528091271,-2.5047739347826043,-0.28613922419287785,-17.139753818133034,5.0597938865644965,9.724725988825936,-4.608199786406309,5.501128182447812,1.5066887160790177,7.032134960632748,-8.00338867292093,-4.948569432927613,5.109015789969181,-3.346276613112395,6.558935688896983,-2.588875957310692,-3.1460234534427816,-0.35978664520425735,-0.6088466097961868,2.9745734191223128,0.8745182312360432,-2.656164962597623,3.466420297286777,-4.382208027154659,1.0437192646259592,1.8412910130660654
sample_597,2.8061924407004253,-30.220427471361052,-26.503409940622795,-7.9743106877632774,21.63999737691414,3.7184514872358467,7.698746372215055,0.5687226031523858,3.3672402770373493,-1.2214446396338068,-2.504648885237904,-8.74115513511931,-3.8188825880453785,-1.076968027061912,6.393769495376271,-0.1712683815979878,-1.8596441827301207,2.0222620688160853,-1.6034978259172918,-3.910007258993243,-5.231648544373218,-0.7090637902645563,7.204096359292985,5.415978802574001,1.2165443250063566,-1.0889715671008398,2.119295170558036,-3.186306223760845,-0.3182755334765529
sample_598,14.111168260434782,-1.3368119549889985,19.164426552123007,3.811117585462291,7.296760681207559,4.526230181835986,9.1463064194381,13.888643064160378,-3.326395270845954,5.830182157175728,-2.253191329185711,13.117525737450721,-6.345278092784797,-2.579492176427021,8.649503176612983,11.045453527997003,-5.9703194648235,-2.6234659884481646,-0.8521626121206748,-7.0030135904019915,4.328956069563805,-3.74857309164094,3.4814858885652757,1.3165855645392908,-2.82381333145826,-4.381175103343461,1.7997931398570564,2.426041462605173,3.8316436402547795
sample_599,-3.1182184231828782,-17.353680728490666,2.0652096487662535,-5.81428867092164,-16.925770547907224,19.593701355945107,15.89524469792793,-1.6018133292436967,16.77021964770025,-13.202097111799022,-16.519082091275795,-8.793855932499204,15.553707129857454,20.481055301711454,-1.4175374389210302,4.399901305249543,6.454685762647737,-8.339104834419372,-14.027694475357954,5.131144413830453,13.960628692766896,-8.558232699655866,-0.5237132768378325,-1.7631510103044878,0.8215356155733022,-1.5185697527964706,-8.829504282201228,11.535968930563126,-3.7613245160619155
sample_600,15.621646063846438,29.259950866147786,-22.667442307093317,-13.140290238739706,-13.815640028934219,3.7512061852425123,5.6065720536740375,3.5682998932251575,6.7985728135728225,8.201894438019206,-6.046522687366265,2.1617098963587043,-4.245097522114034,1.473001631870263,-4.008255805944847,8.72563429836518,3.3940022708183633,-1.9174993010585348,3.3687886191988663,9.045856018135511,-5.061339656741126,-2.9184235612423897,-2.990504781745469,-0.7942257687175079,4.523552959588513,7.914703694867508,-4.563207176889884,0.8521851543059901,-1.1204638011022214
sample_601,20.953212538739,27.91156607800992,-23.071278818173813,-21.32692707665339,-19.983415999440354,-6.163036858291887,-3.380942558584207,1.6135950260499048,5.307328931789758,-3.3275153302766656,-7.221697640261237,3.4811354024104046,-2.5332340556728026,-7.310007166155215,2.7478954941853786,10.905958288841445,5.7255822522389375,1.1890859541275334,4.500157910345177,7.202425069720762,4.1090835268470025,4.275661244200705,4.888994055148823,2.262012612653875,-0.4775250304556789,4.793546083384157,-4.480499534672771,-10.150456960477154,-7.622024020911696
sample_602,-48.29952216803641,12.011011891023847,9.528690342462415,2.7514234279026066,10.311448717743442,3.4734588240886737,9.792778809009473,0.6522279322537929,0.34890774112683975,0.38826336516663756,-1.2844083228093324,-0.3149204354275233,-0.8287754989291174,-1.0401611797316581,-1.9125034402895418,-1.2137562814296985,-0.02838863270240193,0.484850118495729,2.3193206651308302,-1.0050825948418796,-2.1408547990874784,-0.7361423925046799,-4.370736223441349,-1.2696117705290562,0.8982140338050045,-0.9759043339832583,2.270125554633066,-0.7982836141992147,0.08489819116496429
sample_603,22.234383066235043,-7.576412649633045,22.704862200909965,-23.62566808361696,-12.667723194544571,-15.047939414007145,2.3137724894326803,-5.420363519734223,4.132845886035015,-6.07717632126356,6.051206079556644,0.9389522852557277,1.3340318727941325,-8.56376921509738,-7.3547882585701965,-7.075870420674953,2.695964678981339,-0.18026460732290137,-0.5185130818255135,-0.046480254410006645,6.7266257435066485,2.68594209658479,4.769372857826142,4.590362244140013,2.6618829697643975,2.669910800789269,7.335796000866459,-1.1304728740633,3.099261947723887
sample_604,-2.1657170293558767,-11.621993829309995,-11.86101595434438,23.390088188661494,-10.737881747236617,-13.322479656200398,9.73000355561143,-2.1257852822393586,-5.309742954998643,15.056737649441,-8.998605197061442,9.782829079621395,7.329093056535809,-14.693805330937632,4.455161767700126,-8.483130104917015,-3.3910843979892547,1.109428518153894,-4.36126130611954,-2.6254688189714837,-6.589943986930248,-2.4246807881674797,0.738316256034782,-0.1339869823179856,3.1565215070642556,3.0559075008147563,-7.212186519590063,2.1964888771350997,-3.9040538826556466
sample_605,1.587355299860356,-6.009293579220858,13.184841055142835,19.599284486114144,10.909436760666615,29.6730807985394,6.743043454269964,6.393179078389987,-14.377054421505825,3.5632434320538624,-5.333383263439812,0.5891947584290095,5.757659461881124,4.855906023571258,2.756913482637723,2.1562785824054567,1.889119610733463,2.9611837162193395,-0.12819843753561647,1.4443950572153743,1.1347576125824852,6.456517124585897,-1.9831916853993052,4.441759448845738,6.944878420717449,-2.5008421922860564,-4.453728551053706,-3.4288771543280974,6.349245205801787
sample_606,8.486825216306007,4.94017841117071,25.458562920050547,12.278713848830469,18.5205098939681,-0.5285546738655734,-0.5797710334061248,13.810873329857127,-2.3892844278093874,5.410021782020895,-1.249282325684898,0.8517538673062912,-5.824381887932213,-4.021786106153365,-5.366611265231881,-4.2182057525707055,-0.9315014532366628,3.5988306009996434,1.889774038332121,7.52601554199637,-0.7609405884089814,-2.2786862200584466,-4.966304711852177,1.0393787946083817,-0.5459525876512252,-2.1009482100522763,1.9993707822307532,3.8968270383192287,-3.565268781818655
sample_607,5.122720682102889,-41.04615613303715,-33.427710678112874,-15.955540064532878,17.09863226868894,-2.595745635454603,5.0712418009954146,2.5035414844550905,0.917020956295891,-4.692079654420682,3.223860527499614,0.021212293546994342,-3.4448718465919197,-1.4308036608708639,-0.9856463348364484,-1.6902749278258906,-0.7985328662445098,3.898475042388029,-2.390125960087475,0.16567077545014156,1.1201821185655303,0.9218241694513372,-1.1281452363860136,-1.7887346327964195,-0.3585186746027248,-0.9114316714441469,0.4192943676225692,-2.072584787171365,0.5224398887485948
sample_608,17.12012669571023,5.136841826759236,25.540655217431645,0.9056334020923807,14.726750341885086,-3.4201585903114684,-10.134835571360835,3.0888765914208496,-3.5398221699364583,-1.64013939181464,-0.6091177860386913,0.038924180111449845,-2.658236508818585,-5.501947718409169,-2.7072414177058746,-4.832104767703087,0.24135713371685763,-1.943685917229685,-1.5474290622056885,7.705085476816731,-6.471335130590362,-6.366276260029162,0.122316864396613,-3.442694409703554,-4.482530377632297,4.175746546653557,0.20180329415596593,1.700813876813943,0.2999480883729714
sample_609,21.453763941233056,40.196624392231634,-32.40686133393853,-6.551720760394125,-14.317056854159631,-5.489798092294733,-13.143184402101378,2.680230772606018,0.15805618977962263,-1.3585171752571885,3.727894271061056,0.022248605719817682,-2.9522952358936796,-0.13775033422466793,-1.1019599501097321,-0.6090402147815721,5.563748005178903,-8.312712872184743,-4.599422987775314,-1.256237144445843,-3.3205002325386177,-3.698386568733453,-2.529487761412942,4.8016255327944055,1.9350720389775617,-5.236514964473908,-2.9663325332429022,1.301991325799109,3.1974389459024097
sample_610,17.196867864946373,41.08289026052397,-28.836213119226183,1.7244298973907366,-1.621830926612368,1.7744907705360617,-6.025865973385215,2.58107354887494,-6.779674074537055,0.6995881579854852,11.815422331066648,-1.3372704661870096,1.37812081605522,2.8217710747127076,2.812974497170737,-8.628779016904744,-8.047493195435253,7.82746266891251,-2.828711780710525,1.1258239712764417,1.0482105556465047,-6.821659410765444,-2.324052699536455,1.7610660117692276,-2.7485263640209983,-1.8849628242218148,-5.251260455770617,3.3303604611347244,-2.271855682184936
sample_611,2.8746743048239964,-12.154733152090479,12.019053242025032,7.249159392077906,-1.3028058582582573,28.349513384490564,2.6446463474832678,9.503176026151039,-10.627969339451356,0.44449866702227164,-10.020887195414302,3.234059135567906,1.0736405552146815,-2.5485113976137175,-0.4953199546882055,3.0877020882546584,2.361237628129995,1.8954862598229376,-1.222883261180785,-0.7740914903086068,2.405671872329488,6.518035713336321,-4.532365443905963,3.464695863940142,4.731822380949433,-5.5223827378036905,0.10930194992345808,-1.826018400927147,-7.617145767662559
sample_612,18.439250558698756,2.880403113985061,30.10854323843132,-8.941365576497304,9.130977362857205,-6.311898221319281,10.343346663385438,-4.111918585615872,-2.8429063797901466,-7.785880111812269,5.633366483180659,2.8652118450842377,-2.1782019753466457,-9.488660918594404,2.5022895924231405,-5.732629921203724,1.5723104161822872,-0.7498290531729943,0.03138121947857673,6.6468335029946815,1.857433301862081,-1.0545730302800251,-2.197155074430746,3.388327698202633,-4.264743246893415,2.0001533099231392,-0.12341503593754213,6.135129443213132,2.213282647613412
sample_613,6.762313924041359,-49.33955072641176,-33.83534712969507,-21.702466663411318,11.298813414439685,0.3052736559701335,-11.585183991446808,-2.538324094237439,5.145214012036651,-11.004682042665468,3.6455064431196127,0.2644952831724932,1.875726419595324,5.528405772258939,-3.7992507941459985,1.5600263095988014,0.09772537573601602,-1.8381516978945172,5.544501229464466,1.3438206895642986,2.1261245536596354,-2.1177632460005884,1.8779297973070048,-2.027609566968327,0.9181147615895615,3.9143967710581204,-0.22268705730142813,2.38720415204803,-1.784936692166639
sample_614,18.497704272518675,-2.4376517126555797,19.377067113148147,-24.277159355662523,-11.7523219559267,-13.206114146879882,4.161170322778178,6.435022788914152,-6.666520260675765,9.486266732224992,-11.728364076395572,-11.79861521934238,4.33884549133881,6.46072928595707,-2.8522340158661406,4.262424020103416,-5.438362549944989,6.449941306963485,-2.7195785024183463,0.5827661299101288,-3.107638807374194,-0.03277739006204284,-1.6208516131512478,-0.10594839537457258,-0.9968848186194299,-0.36595185269833913,-1.5905375996866349,2.016212735113019,7.930014100374192
sample_615,-42.65832334071436,3.7026673480150416,7.589927390193739,5.352931751544885,9.852017833174308,6.010495200510456,-8.109335407003124,12.499619394387192,13.390729637051496,-11.695530696874844,-6.7526857096681265,-1.2527625280949686,5.530949476663211,-7.523013283070657,2.6702100278513274,0.15262714333082245,2.987253452158513,-0.4964668764144388,2.666844257016752,-6.222417839665123,-6.403768435796952,1.511545201122302,-7.656500109721199,-1.577125425275341,-0.12792305510117483,0.3158515592304981,-1.2190185725354057,0.321694821072925,0.8849816743812389
sample_616,8.217396684372838,-18.552158629478136,6.13236129817381,-1.3266738630100228,-16.73961172915373,37.419069865003465,4.13835976917295,-0.4488647223784453,-5.763606020568317,2.010155173970701,-0.004852286302457435,-9.324481399631322,3.3969351289167165,-0.0535091248152189,-5.811383989614398,-1.5287238797433744,-0.9142404325629236,-4.690232030602488,-1.9246412414831986,0.013899588273412977,2.0096137530274976,-4.767157187901944,7.438697049470012,-3.699927059949795,1.6621956758982865,0.8473277105483715,3.931700452727592,5.786122349313481,-2.219362631302951
sample_617,9.146390071339331,-4.41406542425608,15.35503178808109,19.605414287151376,14.277311498080916,11.324222465463457,-6.689266190418688,11.62709998922661,-2.921010417027351,-4.336699953910365,2.874430369520099,10.28390363920363,-3.989593932948837,2.8011562573687487,2.0673805099644835,3.3623397362957994,-3.768837751924512,-4.162541195264334,-0.45558798826353003,-1.6495877491233217,2.2836857749509782,-4.928010767880668,1.7937492786351728,-0.7702231609016963,1.609196727751578,-5.094349897440351,0.35875622307194704,-0.6808711056110146,-0.8494566370147355
sample_618,0.4934970147062037,-23.802386310466886,-26.936281086671894,5.940322173983836,34.80656898639971,3.189326292025669,3.9135306300355808,-1.3675057925429808,1.750293205380929,6.749136156265345,-1.1144589588256135,-1.1885931758175137,1.6006514376760463,-0.7933182651217341,-0.4223350387160537,-1.8529627270732962,1.785509865985316,-2.9966110844440332,-0.5559486113758239,-4.161290507021586,-0.3348545034646662,6.4292202689679385,1.4488662127371668,-4.245708037318252,4.183932826307136,0.3449661425785407,-0.4642222863458229,-0.23637765955220622,2.9250197451962614
sample_619,15.334080055675624,8.903923407468195,20.06712842418626,-10.5813444243623,-0.8675757068567381,-7.76706215842458,2.9580122893952563,4.472009226521243,4.266225239315534,17.69476170748184,2.737949604587178,-15.680052242223915,-1.4165256222025193,0.08667878435047459,-7.752051455762868,-4.726625700466391,-5.006937835697767,-15.381655715439416,-5.308471120713764,-0.033177262873043976,5.813135846268524,2.729230139343389,-3.5326355677400305,10.205503297739439,-6.058986062816484,-2.463969370293326,-2.0438525578910007,-8.59494850943123,0.9910975183366697
sample_620,11.707783006271537,30.689698902040607,-18.35135725019086,9.885110751179704,6.747221899929711,3.5603764358047383,-7.30075351387517,1.7960759667168447,-3.1414643140072247,-2.463571346458571,7.614216699167362,-0.31213393849531446,-0.9457439491489202,1.4907774653807642,-4.53138228559037,-7.322660635320033,-6.115221423943995,5.5204824302258,-2.347846773471676,2.4377948655374593,-4.533128069851668,-6.200327634859486,-7.177729025174214,-2.5618489919237337,3.8456445434763724,0.08207247771445693,2.6653154091017326,1.131454403274125,-1.8235271973690863
sample_621,17.799791156565437,0.7705904383507605,19.65835505467842,-6.41902332629312,1.0605547600509506,-5.963918108090132,-17.965274968601964,-0.48138523854897286,2.8548841014915296,9.547934622404515,-3.365422135930004,0.6654617760873889,-1.3122036268849753,9.698254640398055,0.24273642520844213,6.178786107506368,-2.7192454915037847,7.23132654103398,1.0329421990130958,-2.6795488410434904,-7.629259377886144,3.865958585895557,-2.2855328305754536,-4.053777330442381,1.3883831422387725,-2.9899745468276087,2.740234808758883,-1.440623294544918,-2.1104829892420733
sample_622,9.098320561328848,-24.089999613484267,8.426951565469269,1.5694629044291262,-19.584806174119592,34.59102741637509,6.005299160662777,10.736356055416087,-19.012293588637814,1.0838204395863582,2.4522870678914437,-1.2291426030713188,2.453199962765214,-8.414754724419247,1.1934954644228852,-5.434573440365384,-0.5292738171573634,4.089342720032902,1.5111602738511374,-1.5829289291387143,0.8890157472754336,2.3203978765400577,-2.421950708606728,3.5289040943780856,-0.5074189056520304,-2.0982412886631385,-2.1395814094028296,-1.2150773905519885,0.7401511160779998
sample_623,-50.72272597757982,-1.7143481620586771,-1.623268794194884,-8.19127087558732,-12.629845393211655,-4.594142784022107,-21.0546370809572,3.534396399045054,4.226911710476258,-0.6676552692298307,13.271153538202672,-4.8352800057716125,8.575473878491453,-5.9723692050357275,3.4779940908517823,6.949670436291575,6.245998256343257,2.1579250694554357,-0.4921148932367409,3.3425845480847562,0.6389721224882705,-3.130922012372083,7.213118450305173,1.1370013616230448,-3.295464663777206,1.4058945407456613,0.41700082885388495,1.6323132491769237,-0.7880726607371518
sample_624,20.881557698716136,32.96534440504062,-27.807303475286957,-7.1612206213167555,-7.426976965403343,-4.56134175289455,-8.475077951341873,5.133607305511284,0.3229902697838365,1.610287634863563,5.8720797832079175,5.8712131644766075,-3.4596698319618207,1.4815528451015005,-3.263232092354717,1.562600384203371,2.2586173647901657,4.459327039367836,-2.4462202193429192,3.0604996875180843,2.8094341134517475,1.9667352720518216,5.295380418208139,1.6388805398062687,2.6706725285607287,1.041913373127151,-6.655742284969482,-5.402005117849557,-5.137399238605211
sample_625,-0.1912223027265987,-19.056269284466435,-13.385180053746092,18.904241792726086,-2.5058228853553306,-1.0419402354400822,7.714435502470683,-7.718263358305194,2.8920985471696317,6.8715832434907895,8.15569263846775,-1.7920127171325242,11.605895627439493,9.753714612632699,4.543004303920711,8.354233885331482,2.5262738044631603,-8.057384688449215,-0.13276831801417646,0.5277175514858867,0.6314002424292658,1.5761229184436392,-5.88212144776315,-0.9008912347826074,-2.1382252733540836,12.644560640192342,7.06724364349784,2.490129905091042,-6.888193414488855
sample_626,9.280433638068171,4.59552176802083,24.624067037137298,6.255635107201666,13.731637225241252,-0.2053370929890806,-0.9834715590019157,9.49271659659909,-12.963423638657003,6.140455683236946,-3.4615268855202763,-9.896778220955591,12.226813625410045,7.242583337340013,0.7342938991604392,3.820260113309334,4.367179190442088,4.784228612615937,-4.868280664511259,0.41312714468134965,-1.6998058807697671,6.10781465072888,-0.07104560759770313,0.6793972812934306,3.655649584214442,-0.2622571632789038,-0.999143055953558,-1.2794843442500192,1.0155643871863946
sample_627,18.215738487584034,1.808792962865666,18.857326040852794,-1.5686035242453744,5.664997698300478,0.4942625686275609,3.599267070851149,-6.236348602640247,-2.2733423447947665,-1.2097551187573135,2.931128174492445,2.129057676167427,4.41254195947831,9.650799653124801,3.464273017140518,1.5825568221396413,4.992852031457652,4.6416705344554305,-0.8639733445016246,-2.08604687797744,-7.8981814767413745,0.9454991300040423,-5.534077532772948,-3.5425505169606724,4.769362628188738,5.269155103406869,-1.0527895073403002,3.260891587402847,-1.2920343277662578
sample_628,-45.83367663648342,4.201280161777082,-0.5081404107972853,-4.62215692997805,-5.5868664179179435,-5.431450835879207,-0.0029715746518066853,-4.315146390376701,-5.402907168699586,-0.9257115097761563,17.43141300955292,-10.580095298759138,8.751438200079518,-10.064889335013923,16.619028332088064,7.674040990604878,3.376575374890649,-7.975333141766902,8.019862178824702,15.294250739964756,1.6159463386371749,-7.71537039628095,7.712754497218608,-6.019985141911585,-3.6286984757059075,-13.13975606019515,0.19014954287835115,-0.1808489489453909,3.6613863006265213
sample_629,9.349874161421301,-17.731812957311703,10.59177261637462,8.55770174584462,-8.609222580444982,35.86805440503363,-1.075173993971482,9.314377386848271,-11.257820615726772,1.7286379050410234,1.2649510707345986,-3.1764013031316294,-1.6882021546467016,-5.5401545750548,0.22713344724831358,-5.6879779920455515,-0.5857728010492568,-3.7294963816013675,-0.020024890259664814,-2.7978702408450866,0.46181721658117564,-1.2889565919123775,0.9127498665536977,4.491147708721109,-0.6513597530956421,3.3602493271422165,-0.4063384751918086,-2.4711762835592976,-3.537249024837531
sample_630,18.84330623122907,-0.3449871225087364,27.650104955819813,-7.61101452441223,2.3773581250848217,-8.763414951005313,0.7289737296512833,4.4350023898048825,0.03948455381805859,-7.379229589670225,8.524074270022567,2.07687993194783,-2.197231674346375,-8.43396007443547,3.2612114878126666,-4.224297841405906,-1.638739870530486,-3.4071327566204954,-1.7489590343563557,2.143351170726667,2.9448897142526533,4.690899309296607,0.38206854575288135,7.039127018386706,2.1455398413106535,1.6846980901178417,2.3148685842269323,4.483389122820485,-0.8228669400738602
sample_631,11.117332151130258,10.565760366879442,13.992484690736942,3.431494759399878,15.187012366470913,2.6497904679941007,-1.847496294713155,-4.121476629087779,-13.208469920481381,3.226452103472537,-6.846564443522724,11.074788683614996,-0.3898141314112857,1.9942795296710882,-0.6725877967549575,10.851868358736173,-2.4943723513233005,0.19376469982511085,-1.5547193627687426,-6.279459038069438,7.190788458648272,2.4891117615075693,-5.816536077094171,-2.4013842526116007,-3.8463725476769497,-2.7583840278766507,2.7483014696707553,-4.503239524966846,1.339306092242258
sample_632,11.952611719595247,17.401912725981283,21.035736854200334,8.717538315854053,24.637995409792378,5.53811045145736,5.410973905896134,-14.013630220653633,-7.600792903828289,5.334143702396802,-2.5352311198043487,-0.7963003865953923,3.6813586187820895,1.1761853174590262,-2.70731754783307,3.2827595000170153,-0.7122695065675803,-1.0939033742696174,-2.2602119969037306,3.4710335353184005,0.7788549213520317,-3.121491879737832,2.005588518647073,-2.4088043856804324,-4.491832388389579,-1.8396502954188523,-4.053859953317648,-2.7493048947540704,-2.8539996038051645
sample_633,25.01610649986927,-18.209650946689397,12.44022463882208,-30.704953613352806,-28.69427661888177,-18.44555405691287,-24.82388527405168,16.38793281796212,-1.2711823056954548,-0.892931290837758,-10.507161401155479,-4.911855148717636,0.3261209150400844,3.6318537137399356,3.8788385394632963,-5.393171160330825,2.056980745492551,6.55916611316813,2.3823497379576133,-2.086924459915492,-0.46840700476569086,0.0902433591587099,-4.449496473204388,-7.705683276688826,5.7888192760373745,2.0774190877626437,4.026387095033752,4.059695557319566,6.304654224741477
sample_634,1.7699170680366,-40.573738779954674,-32.02454423611307,-8.266711471628371,23.002673371438238,0.26163238866639926,7.2524741906775,6.739041452153697,0.1736862318422954,-2.3014541193232314,4.014695384786233,1.2295429384497722,0.7944848411661019,3.8542801886521048,-6.427899217756606,-1.7090104025633637,-4.0289475150419625,0.023328534382015487,5.459401037548882,1.4801637186849983,2.619463657553806,1.1177780342783925,0.796615071197518,-5.943593546849992,0.7374989285732273,2.2256624604190587,-3.9080926349055956,0.6605147218221036,4.279208139612528
sample_635,-4.824067382724036,0.8312737367597689,-8.357829511901738,44.561154628243294,8.762748825178747,-19.467413712259365,-2.036415143413883,-3.964192178296958,-4.863752205802027,18.342161044420525,-2.7932194392865095,-3.7975188238493796,-3.6253002401929684,-8.342873355555245,0.3095449625568986,-2.9068444251061005,-2.977610284549045,-8.950610532072137,6.553222758201004,-4.348285293191824,4.202947084915955,-2.371640975766544,0.5284099172724288,3.0260713785910025,2.3885938084848526,1.5937755658644004,-8.870224704551502,-0.013401191295626716,-0.0337131125235063
sample_636,1.2342637436551183,-16.258534872709543,-8.585604330165772,30.955718399796353,-8.091460085218406,-13.050147715557772,-3.9452877433893905,-2.5934258664610614,-4.433337735360817,3.957111584515124,-1.5768066345831668,5.3590107545648,3.402501305485645,0.4931120066679146,-5.159843134011762,1.7876953639041953,-3.5389898659179857,4.428478773187374,8.567212043927734,2.1546555171938007,-2.049075554096463,-3.6431805828243724,-1.9183370914192734,5.665466798119148,-3.6980149641829314,-0.4137473911740611,9.711804400488617,-4.371195271977774,-1.5429961368586531
sample_637,8.089027418113565,-14.383505806980592,9.664621334789732,15.093200502407038,0.12458166853500115,32.716094677918285,-19.85808951362709,10.238504278710845,-9.667599431717358,2.0276910757438724,-7.407811352474944,0.8653876812418413,-1.5141662099518223,0.023141027584580986,-0.41492314504412764,-0.43459269966198205,-2.911275305897876,-2.3174450238927147,6.790925698133076,2.114294219957789,-3.633499928957481,3.412167849912336,-1.228009756889632,8.93487915071543,4.562125604120487,-4.815952091287138,-3.3856388576632823,-4.177957640266937,4.540158128037113
sample_638,20.678191705168107,-2.7878460657944797,23.064484097912484,-7.340216582744376,5.2271538994261215,-1.5300539567044937,3.4460901447397516,-0.4561596797564071,2.0696531870177806,9.127132645991667,2.581570890056444,-3.502839699588445,0.8817419447918555,7.706121910671742,-2.277244919833966,6.517467100334362,-6.260952424133117,5.924824052011162,-1.271200238979509,-0.5091853400427018,-3.633474934747873,3.559360581005366,1.8291788146816663,-5.970023325537393,-2.795654717993067,-5.287652324821541,0.8310531603900709,1.4023487028273913,-6.333720225420453
sample_639,13.434741031119822,-20.119167555564093,9.523376934493395,-9.446462989467589,-20.549752677592437,34.5933237877499,3.2738500391031415,-4.63219070936579,-13.634738727922521,-2.05881330132693,-3.8932579908469855,-1.3702398615338207,4.370773637883214,-3.1698494765648797,-2.996586976040729,-0.7759575896522133,3.225691819603808,3.6672228747702627,3.6260449784411715,-2.5384091868695466,0.018466353715351238,3.356094708501379,2.533967481850916,5.2952001004229245,0.6453139833254272,0.31210472652683857,-2.3513381699863,3.2682342341314485,-3.5242369709448558
sample_640,15.24206352145054,43.11309717706399,-26.73939262134448,6.472673476367617,6.070903881151172,0.41460271707859614,-6.347385305672604,-5.495991320697059,-2.849911948943594,-3.1246388214807226,6.407557689086377,-1.8881256344550439,3.804829831266961,1.7748995098738038,1.8943013079397073,-10.233413832251767,-2.6924432203327866,8.093219982253919,-2.23431588240073,-1.193755549331933,4.2524936943903136,-1.1610110024904472,0.8162274466491093,-0.1551858504363087,-1.9152609688806432,-2.0125867008262057,-1.2568654750542692,0.8218501825208623,-0.6608834701946453
sample_641,15.28261832848213,-9.568809786021118,5.946803045311074,-2.9999982381779065,-13.630871605008677,34.72256382984973,-8.32329570038843,-19.888242088150914,-7.827607299434073,9.446049487563457,3.2636872095664082,-8.018498112109345,-6.253367764939076,-8.14866035921125,-6.499495805436522,-3.1418328364780828,2.9759703394884176,-0.36469804454040694,3.678678048357076,2.53189393952808,2.6827398261137265,1.639505317167114,1.1449182435202563,-2.1802627597954363,-4.743789222401177,-1.4936589385696941,-0.8565949778359104,3.822378728481878,-1.3674929338952744
sample_642,17.705366039017353,0.14976132195506292,16.869635710568446,-5.5606363805048025,1.7696014882721924,-0.27472071200903836,8.709343146057495,6.792263781465001,13.004175830585627,15.17869531284904,-3.0696501895988755,-8.880435995388519,-1.0243144338042833,6.649546762446532,1.373539327439552,-0.21367753824385008,-8.11988600733257,-5.144299619640637,9.6855389248476,-5.977373234938446,-6.933160571256628,-2.8810374036631003,1.8579586092778146,-3.7474761987348106,-6.03386102345623,-4.9492040221592895,-5.447349413955485,-4.361317947893057,1.2915715213087213
sample_643,-59.06511040895567,9.956184175345768,4.924401904628026,-17.273130682619662,-5.4170355712685465,-3.274278810786873,4.558994100432036,-9.656160845733861,-3.72644690237633,0.7962417919091683,-9.095229082063334,3.4886201572428317,-7.032017255464357,10.256761290331838,-2.8279588086375065,-2.5104997700366734,-1.5895450779076183,-1.4436397661749745,-1.743777544111048,-2.4749213807580683,0.04485606287284223,3.111097088835551,2.8807823885523995,1.001039465170528,3.1505706868987025,0.6669809112626126,2.0692255070033667,-0.5222358003804907,-1.0681673397475349
sample_644,-0.8012338971138915,-8.797313523284986,-10.187078185645632,27.08588078061062,-12.863658372866828,-18.240052909146325,-8.806544427115492,-11.730344157324097,-3.290649687863945,1.4706123766426253,-6.121590301123661,6.713010193598705,8.471597865276268,3.689887421588269,-1.4003813917637173,-0.6758227362898713,6.982993752850961,0.6067793767022566,7.450971228136398,-6.680173855489768,-7.2414396871806535,-2.826286909699599,-4.16154088416625,12.271500578765268,-3.727374704433294,5.4925640554308455,5.3300567804668,-1.1112934479809164,-1.417352683608698
sample_645,1.1326857117474665,-6.674181842717085,-2.3416915182977793,34.0750497345113,-6.777022215169068,-3.542860402377793,5.265613054059015,-11.975757357897288,0.3544196319463808,1.1778924621253983,0.8904925971360842,-6.829902184649597,-3.9189442452648837,2.4997353490256407,3.339765153725008,8.542618868613413,3.883176570190406,8.03470111839973,1.0856592740705304,6.468749511605152,-1.9106373837668382,0.8242246263400356,-4.799580627573193,2.425836389151447,-1.0323956460577393,6.321158671848525,1.8085807995297671,2.8204199633790865,1.0512322652665727
sample_646,-54.18231270494505,11.205604298190252,5.943639002182629,-10.016166533106114,-1.2156243383308918,-3.1889853586797208,-0.5607472380389478,-3.187321469243407,-3.4128389460545367,-0.9597429303845935,-2.857221204950763,3.362256643301279,-4.90604086622172,7.841480950138332,-3.2989911583635445,-1.4459079958297514,-1.267981461877022,0.6569549696840543,0.2283766520121555,0.18617945838929983,-2.5023202481141316,0.01307673630565857,-0.7261692327839726,-1.5221081291568963,0.6157788359408,3.379120605973474,-1.6380295666136224,-2.4084024680735285,1.2043949293698084
sample_647,-64.6272074912467,6.071452181872737,1.4921111629159693,-18.032292767290887,-6.464992509534925,-3.9283507636088526,6.226008241109486,-3.59192807990665,-9.023178325106898,-1.1691147768930046,2.661094435699798,4.7666832824217735,-3.691576839398679,7.409352409673946,4.511095133530844,-2.0059545793418607,-1.3846311813740053,-2.9940146056260546,0.38920099820556237,2.7118698260204126,-0.9039426086849986,2.9645094428779935,6.271833096348929,2.409319799203611,-1.9662405953470556,-1.867939112416208,0.9708857145580075,4.2819034037134545,-2.7747857430473606
sample_648,-1.7606178697866857,-16.441180913622556,-0.18149211857779168,31.642618677337992,-6.481956325149368,3.0983388275491066,4.964560081336487,11.752846497963947,2.869742253564149,-3.8899431614296587,-5.704202549177896,-2.891403359583134,-6.250765919219874,-4.317326402738318,1.1448754587960714,-2.7391457857727706,-4.544419937980275,4.7815692025029835,-3.792280093400279,3.283997913829441,-0.9429897354159873,1.366468721319229,-4.312336440648144,-2.5073016314241396,-0.12258287166221474,6.040271955445671,1.2840664626991463,-1.2365516447914775,-0.41712758318370896
sample_649,-39.73544854790489,0.21648864194589432,1.7295399381857857,-2.7512819691913326,-4.149561068565203,3.4123284534532257,-16.57817030045528,-4.699531453310579,16.884596783306936,-3.2655196148983054,4.9992615593729735,-6.2836442478470875,4.947983956977479,-9.569965738224322,-1.2890106489686064,8.535488059136524,5.5748719310016925,-2.1800757713710093,0.8583240585397549,-1.064241591806964,-4.813847601405743,-3.3368636815296373,-1.2356378241454737,-7.954111568952963,-6.727258876899859,-1.8585560684922542,2.0411721679786803,2.5092313365049073,-0.7300062759868999
sample_650,2.7519340072032357,-44.2811413979782,-44.24316215748374,-30.70625031168065,10.21828817419938,-6.173971507724372,1.2628567381073192,-0.464085361258564,-8.256014231716309,3.378621961844479,-2.361601569478422,-0.10935830582713867,1.4367158162527154,-1.4265299994750078,1.1443599863550395,3.6912718602675834,0.955320014456194,1.6278215976139543,-6.0738075768466375,-4.029400235484304,-1.5568898598324048,-1.3378713608716628,-0.6312497090990088,2.8794631629902727,-2.7554377959810403,0.8360885931628023,-0.605346311221087,-1.880287587624011,1.8840240192550324
sample_651,15.729951187225586,14.823134436590749,23.46213830001722,2.7795618890501257,21.292797871109805,-2.200568980425553,-5.216651718443626,-12.108145619922704,-8.499895661270761,0.11460046848038079,-6.753850892498633,0.9836494949005622,3.193488249456978,-0.9240038810523433,-5.404844971003169,3.3553439620202226,-0.4830421062031419,-1.5205787783684874,-2.6910470760225733,6.38504185862751,-3.4868193483551515,-6.489481491470552,6.855637926861571,-3.6227726039977397,-5.996863626746709,-0.43624336709474437,-2.188109786337089,0.9793018785450958,0.7447400947213473
sample_652,4.5129261972979275,-46.791086743173054,-36.06026970208956,-26.453062842999454,-2.5486323324273963,-2.865895184203497,-13.085482747608463,1.3368907706898674,-1.7816341783258167,-2.164196872734396,2.982461891782427,1.31161622815254,2.287455498340454,2.2680033034933325,-4.179158803254664,4.383428482687784,-1.6959840385383158,-2.187332539662708,3.328924750330319,2.6093392613804047,4.9687903549948516,2.287463044779645,0.8988057451951037,-3.7173256570929682,-0.9695411493636992,0.6129068853386476,1.8726947651152492,5.214317890453513,-4.495070974990781
sample_653,-55.85624567258594,17.51980545227413,6.04545729598484,-9.939116101622544,1.9266852659396367,-1.4327406747100686,7.433830321436229,-10.628175577631518,-4.420020285456534,2.753893148282381,-5.696676421060507,2.048297091481494,-8.463642110180317,7.252864347116557,-7.218523574175445,-2.552156683656513,0.2245256916601709,2.940586944432222,0.015828997448756685,-0.3761291135625401,2.0034075500706776,1.0892264597299848,-2.8567017229304605,0.6777483821618367,1.496903315102118,2.5811730841562404,1.3253449032471565,-2.9514942089643537,-0.4842719244593628
sample_654,21.361900082818394,0.7164212033561931,26.587592412789792,-25.980984145429055,-8.180919153022337,-14.410670199591989,7.548804218935697,-10.808588024024694,1.9408916562491427,-5.379997446898355,2.5839911774469035,-3.7467294616707316,0.335482655085139,0.04977339693158376,0.4175358569937463,-7.437368047937626,-0.0074371376722889215,9.515686935975191,3.4928295488290155,1.556815391560528,-1.265112704289631,-3.1347177174607563,-0.7269300593609475,-1.361677413711381,2.227012920078918,5.953176943654982,-2.0113962948531423,-3.0093059106299513,7.401833960911961
sample_655,19.244627952727456,0.9062521531775979,25.968426037070053,-10.05701310533522,3.376990436549911,-2.881692805350628,6.519630518893564,-8.689439846208815,3.744731302567257,-9.314488938088555,0.5247978095954128,2.5715608630915607,-1.124439419125316,4.263433586636674,2.5443727209443945,-6.989910645137058,5.005730170740428,5.173178441582002,2.1425904598634418,5.152704281382594,-1.2341999935695531,-4.792360429684046,-1.3237606096003902,-1.2341904771845038,3.81590722242955,2.220806133982479,-5.460444298190418,-1.9960288733233935,4.070327430780807
sample_656,15.015531685117292,37.22291187450916,-21.944711232833924,10.349276669285707,6.338804179785673,0.29480777402305713,-3.799802431863712,-0.2756739300963002,1.2357787121514159,-0.4237640630498235,11.508294708684689,-2.7383040496109334,-7.148293231085142,1.2969802820738765,-5.164381574474434,0.18271623852119392,5.092380799476493,-4.067134090945629,-0.5609596590015717,-3.145292280975082,-4.2706883864622585,-3.0944153611278677,-3.09709402923375,1.661517729698278,3.788730856814049,-1.7412179176858105,4.163758997111408,1.9636465450787284,2.8951338447304757
sample_657,17.022114212011672,35.9496949778719,-23.501664317489865,3.8610126195871497,1.3891690495512454,1.1261263299174988,8.080139704988511,1.128331186031329,-2.9645395703166137,-2.836438088316449,7.484898058741074,0.6307663320589504,0.9457414760968147,5.7277620426407365,-2.080055721354314,0.1841548022933907,-1.7117335521654173,4.758608308694474,0.14090782918483846,-5.4777684209148125,-0.4104922306359966,-0.21762638042796428,3.01408365954595,-0.4780797341710937,1.8972988258778984,-2.588075859274899,-0.1309254597102988,0.5457044632789717,-0.9900987117567086
sample_658,22.937940884319477,31.58064297961939,-30.726481511383426,-18.32931042775524,-20.047595711241584,-0.006006631728054588,5.071095876861544,4.446417361072258,-2.2523631575768404,-5.974787470362965,-2.14535071347907,4.491683894294205,4.954764117653767,-1.0193533999838318,-5.049808139543663,3.3326986993642937,-0.5687857731541706,-2.821396747712571,-3.8222042921455763,2.630113762005359,-0.6692083733404628,-4.632192315395198,4.307412268064454,0.8203486258849003,1.2853795384389128,-3.6249957732018063,-1.676384359283977,-1.1794491351029872,1.3574925902726536
sample_659,1.8063748461726874,-11.907076951480049,1.8038932636906084,39.048673869523626,4.256067826772778,4.326447308067974,0.6319375454534074,-3.7924215128145513,13.034952940077964,-6.727104653485279,-5.773055769986081,-3.1874708003167105,-8.591209097525024,3.1745351482385287,-0.6220628746151052,-0.2293963340293552,-6.399836771207259,2.4033555403764186,-3.8703953453826054,8.420591691944432,0.9624668012755588,1.3061678298175317,1.688119686228046,-3.4438258331951905,-3.001592730198552,0.9038066044933906,-0.1863011665064283,-4.241706842009289,1.2579339295031013
sample_660,16.60020727264771,40.02245141177178,-26.25562063284794,-3.8150717039631754,-8.154339775580477,-2.326808934641067,-4.107837088683679,7.107598563045212,0.6504503181829336,-1.429396516065461,-3.5890316652779206,-0.31143395471298896,1.2539436644949784,0.6788909818152785,3.15161821379108,0.28262995347386055,7.298793370887733,4.899365023341331,1.8534381177763382,1.7686603554452351,12.95536889838332,4.042338318617095,8.511601465440362,2.719699053668066,-5.87673923468551,0.0652362390768897,-1.989320618501511,-2.974889009462688,-4.749684794389925
sample_661,20.39494361541997,41.382553555899705,-30.5064637265221,-10.001549721318845,-10.120465252573977,2.5781756893266476,10.23075773087663,-2.5429843277293935,-4.0936903811509495,0.050144304523799574,4.87064276523967,-0.6400160539849368,2.5616334583950646,-1.181109205314801,-1.164713683309088,0.20223159797951876,-3.5692628217339775,-1.7911887170181886,-4.310385842294238,0.5862363360834104,-3.922455597357632,-2.4488180540597493,-1.720990704004655,0.9799037754296159,-0.5718723923575613,-0.04959235148018551,0.6270418024715589,2.8356088669034034,4.2898295926025805
sample_662,6.6771804112998785,-45.62313051148149,-36.574343502054006,-31.853250230384635,2.3265984966257975,-1.6017599132618943,3.1293946302073525,-5.724257974526675,-2.7358391410950125,0.7655000272570588,-1.4478566765797645,-1.337780300165521,2.870714929519835,-0.8545618515237993,5.762436858548037,1.3729265827893287,4.828809647108985,1.796374362908827,-5.876184865431038,-3.295894434417265,-3.5422133655481396,-1.235085110825526,-0.5615998748276159,8.290441588059085,-2.021682384712734,-0.37072028406014024,-1.5841322353913017,-1.2870324698681026,-0.6307291711750433
sample_663,21.25865230064812,-2.2377101496166096,9.524282845794538,-36.611445495153774,-25.771980122189053,-15.224882000759848,6.827260861763727,-7.431107676332328,6.422867926334725,13.683140029698256,-4.679087140759465,-16.223356208047026,3.9205632895516316,9.872984963867921,-5.889517002331203,2.1208915916135958,-5.770645605673435,-3.507022521164613,4.938656472834136,-5.6293435924025506,2.2980285261291833,-0.49571727877225,-7.344406048923258,0.8628819710315311,-6.610424329823607,-10.221349921605118,-1.9641065997564637,-8.67827887193994,-2.0481099546520243
sample_664,12.792052369981247,7.5964369400974325,23.032488439840893,6.050481324870628,19.96037481005785,4.593677054107226,8.72079336770427,0.8228412960717453,-15.627182074171428,0.4593601185441263,-0.80856528170626,7.794893114097446,6.055380723441329,-1.2286293224984248,2.0798570062313924,9.404797830725295,-1.5995662591510695,-2.344086785134475,-4.7872237338423504,-1.4803489905454983,2.5121253283623957,2.305280384504846,-2.324544605404814,-1.2848498454714476,-2.5434246788517414,-0.49802703270043935,0.017720731258912895,1.2573476825519978,-1.2079463007390518
sample_665,1.2791988858393457,-33.5962302311022,-32.78103003853853,-14.380043298408125,24.987166368456986,1.100577108473468,4.339469210626319,0.7634349648780493,0.5216152327970641,1.1914016305569817,-3.904225141151595,-4.250329660214716,-2.492449976713892,-5.2639118635816535,2.8754724629907384,0.10690588586876205,-0.3293277390671315,3.3972390867912847,-2.05689595090641,-2.802627013547923,-3.102224767570964,1.337203862720299,2.359974748123581,4.960966124629542,2.4828844158212897,-1.7670091806532684,2.9271509590606315,-2.2531559552832334,-2.297694084563656
sample_666,2.041366764722609,-9.945289431854336,-11.583708972927019,14.50420488115078,-3.098348631977612,0.2616672239391884,-0.372437213213435,7.055598218181141,19.52964928903054,39.03326299343907,4.378329965085902,-5.4049969850180855,-1.7766704419195893,2.3156969875905453,5.624567711242054,-3.0435931427582585,-1.2709218171995569,-17.885570854731146,-2.2275978573087487,8.488672672178653,6.517077917616103,-1.3019418726322787,-3.707668398869948,10.231291329398378,-4.859989990653333,5.329015595101182,-5.755333838852218,7.376828436798519,7.790205409515436
sample_667,-45.96046262908161,2.471583829954094,7.074900743313753,7.367549482922194,3.8359563631829703,8.457297709168284,1.0629358952860404,15.707007090119049,10.334818968426895,2.480137579597256,1.259456604510104,-1.3173252234599442,6.973626325719153,-5.527884245606934,-2.7929128953524365,0.9314722235377862,0.05468479456479548,2.277519015068906,-1.9922938591347608,-1.5493594061674352,4.591696301110277,-2.7895260988138797,-3.563116496829416,1.889134848810874,0.38266464655298177,-0.09435659372225706,-0.7234943037009233,0.31847197875828337,-0.9472056375823338
sample_668,16.202547959255572,1.822653494922785,25.4701749973357,-4.274683752015272,9.319000725001308,-2.517050980968284,8.1049343987331,6.195964903836765,4.316690133721602,-0.20386629954902866,-7.178207207791922,-0.385750003893411,-1.6024384849065316,-1.7880073061482595,4.266308998210468,3.077167051881426,1.1172356321642742,0.4692923364172478,3.5463911732414477,-0.2464978561438358,7.722414060142591,-3.069837001987785,6.657753362465116,-1.9455930516634552,-7.144382259379091,3.5142042069662196,5.6950653507706,3.9909443359997088,3.8965330529439512
sample_669,-48.24687967991351,3.2235338084617067,6.1755028817485345,2.2583750337587203,2.6440765443844914,5.298252126268845,-3.8398793358755463,5.346392557597611,9.55191583853435,-8.333797127217592,0.38729915833338263,-2.403579316679495,10.2599379819101,-6.476322831855839,2.152731457600758,2.256389931769582,-0.1517094747245826,-3.2194635250379737,-1.7405849242156777,-5.295432926074031,-4.641757664048576,0.33095995543095863,-2.236106274766187,-2.4002823637494046,-3.3675706762633197,-1.1561283810828233,-3.822423059531284,-1.4565497182511502,4.553470430131194
sample_670,5.864282043495578,-39.117736507135945,-40.769916487738186,-21.52395060110098,18.97139427864434,-4.164213423442018,-2.4367100260565335,-3.2164030436553297,-6.857786845956739,2.891151828437871,2.7000086716120344,1.7449823091967702,-2.8218659601840375,-2.552396364389811,3.5371748608921676,-0.45606079903628616,3.2051601244047805,3.8213063383040304,-2.2903906828076113,0.08351472765386524,-3.464250518593407,-1.1775387812777633,-7.952269589217059,-0.1861523168803759,-3.1694111208340496,3.483250858721853,-2.319538296234966,-2.2381760421310166,4.4356878775848045
sample_671,12.298624606604355,9.193784891495973,24.382072874915117,6.051379425080008,18.092181057872548,-3.384798383811161,-0.33237816004770443,7.615190255104869,-9.756150519881285,6.717687105098893,-5.9835225266484695,-2.2226500005396645,4.362969640465575,3.728690828984131,-0.32667364176404134,4.861639826455738,-0.8734389604576105,1.8409018936071595,-2.372126084569154,3.3495551027879436,-3.9451597187560035,-3.766393791066347,0.6050733379213197,-2.571863067531028,-2.515377918200937,-1.6116939806968107,-1.9003765821003566,-0.21917706907311948,4.35247121018202
sample_672,16.81247468345278,2.7040830152074955,28.094892759462695,-7.993605209340399,5.682847069110293,-8.44156421869149,2.300454533917433,-0.2804729810706262,2.0885099093859534,-7.276776081915913,2.795732956331432,-0.8319613424361589,0.6724998385531433,-1.9451949735399945,-0.6334403816821929,-1.9253948248149224,7.920706001867194,-1.3077493798917892,-3.3265796658055464,4.849084959813157,4.491686194157427,3.5611367375583893,-4.078859712932045,9.410617724585483,4.145308992355836,1.0399803491667934,-3.6839263083150064,2.714645073851569,-1.5294448262469642
sample_673,13.265522909806295,3.580622249244872,20.406056115662366,2.3034996397454646,11.798131441612659,-4.070612557971097,-15.75179258286489,0.9632660491375417,0.29303901770062807,5.202791667026265,-8.408648221885976,-8.210143223433338,6.1324909212972525,10.604608515493647,1.037221401004259,6.30228827733242,-1.0574743898526653,0.15721384642857994,-1.3865136934327205,-3.2868976778388697,-6.060645282498742,3.507137758467033,2.7814056447793085,-0.444221804365877,4.683565538398432,-7.78100247273058,0.044546363165401316,-1.1236372637903096,1.0210601545657216
sample_674,17.701229201369884,40.405212617011735,-25.56414482882613,1.275207090875919,-0.15572417457757778,6.431103427581773,13.579439368399573,3.0307787728076434,-1.5460033557094288,1.2368638465292257,8.746286841691907,-0.6134497858174823,0.032554259385261915,0.21871660402637116,-1.5167147780647576,-2.736754373875978,-3.5334363162719233,2.5018741870509853,-3.7622483938000153,-0.14861280251207254,-4.019994456630197,-2.4444427541643305,-1.9049283426382027,0.4113672626165538,-0.5080564459640227,-0.8046329402091122,-0.13789203242803325,1.2490911997330647,2.456792714860277
sample_675,-1.6610339122909967,-5.201105064176701,-7.20866849478589,42.672011897364975,4.492566276465924,-17.73255211919419,-4.364334791459598,-8.183475612536641,-4.60595911449775,5.48209744279615,6.795675481831301,0.10038039059573078,-1.660395751408646,3.3863870177763586,-4.901841348645666,3.3148147445932112,9.608835613716233,-0.5152610411501548,14.58202757524987,-9.886273446634577,1.3916161419597044,-0.8475873724255546,1.8422235113203438,5.1444584745151545,2.104821950705218,0.29111749852670477,0.2876360955285812,2.8727835975705425,-3.5991330481024884
sample_676,-40.29457702694479,5.436505939141914,9.658602226411288,14.980338326024638,13.788377914770459,9.164620923643195,4.080641794668492,10.212650543406667,10.560784504076734,-2.1190408252277297,-2.2631796823102253,-0.4714487129659789,7.942385599907355,-6.310734490660893,-1.371095794250818,2.7333362036620095,2.0758994952463032,2.7391040868815786,-0.5855163591954523,-5.7840796816662525,-1.6997249788613666,0.42484223435262436,-5.539084700235447,-0.4365251490277351,3.9461017667471587,0.18094274960362478,-0.16439269201872145,-3.2624112986345004,1.3924764387642439
sample_677,19.255251503996682,2.5350322380049395,26.080251197545177,-7.129572733158948,9.062776835844874,-5.795903540985588,3.31506125580811,-0.12314659000639293,-5.861033528475392,-4.441302899442039,2.985523052732112,2.1887602284804957,-1.2400642514842646,-1.4746913851980266,-3.887439925114172,-4.40056117062096,2.6338945804465554,4.0780529388209885,3.4876189003912614,3.042803856388189,-2.7668740493018933,-7.33388467035641,1.498368443769492,-2.9895270590094416,-1.119092057073737,4.524705976544545,-2.280276912693733,-2.3402748363549355,4.952357913781829
sample_678,6.64804814506289,19.171225479168033,-10.53550907471712,-0.00914666477083413,-2.8798760902196783,9.505407075423166,19.339509039925247,21.752862512160107,0.8168463107819102,12.123175121100932,-7.620817453752524,-0.6080490039762396,-4.870398198384048,-4.743410669437539,-6.049590301358813,10.139566011130015,4.573507346629757,1.0638941798929087,2.86030533409208,6.078469453230508,0.8260041849008924,0.37431434738934416,-0.01966155287375375,-1.103836939624405,2.0010197903981495,5.411478710199823,-0.7986609238706559,-1.034705770711359,-4.857818858023129
sample_679,-38.57533737189174,-9.9872005821105,3.8882599032183274,-0.956815989428661,-9.141822072612069,6.349350740955373,-12.148534558971473,7.489127204560591,18.024996271358766,-4.491653101101616,8.222135655873686,-3.4913837152276543,14.520155137652377,-10.512817300087393,-9.049989192380316,8.843541850129755,-4.267088428721379,4.787858298205575,-10.37999519744934,-5.327894485726337,8.673526612580279,-3.1033799493756353,5.906894408637405,-3.397119862879307,1.6395006664965468,2.6137213144026177,-6.8847562386174435,1.0669775283079024,1.128980304184105
sample_680,19.553873109902927,32.59289650834357,-20.365202778977793,-4.075611023283515,-2.531492555345209,-0.20680234700673597,2.838947627440524,2.295469224918496,7.408334558644119,2.209137029918406,-1.3937277292359385,3.6122395823243982,-2.057795031004433,1.0547871274862362,2.1039259350113033,6.5258743986087415,4.0224795003177665,7.137132509006994,3.971171879809815,2.182982775980808,6.846369943602411,7.038864737714953,8.109556588055026,-0.16286344324465218,-3.0122281135841575,3.7298727220321184,0.36222474509641944,-5.756501846436869,-5.596478467986149
sample_681,15.41735545734519,7.470006234087058,28.78678374246381,-0.9228044924125574,15.49260012225143,-9.445260775745343,-3.127193722050527,2.245184438762197,-6.0463256128796825,1.786179605452373,-4.742350549032321,-7.841687557846043,6.961898888728399,6.971450258049345,-1.0971715060701133,2.3418047312040056,2.6626236321817274,-1.363727938361495,-3.35998472835627,2.7742551107894036,-2.930703820190478,2.4702471438805373,5.37254013311644,1.532151218766116,0.688595769346272,2.6535434322776026,-1.190195511527457,1.8667568736964837,4.752469280893167
sample_682,-2.7029434985918024,-16.975749344607475,-0.3126427679300644,35.511475632183554,-7.9528508281612575,7.954509863703169,2.1356825581492105,10.962575420110612,9.210132773742695,-8.110896576025851,-6.560935270014224,-5.934825898126375,4.3617065266210036,10.890338676457878,7.379111603531484,-2.116083716116275,9.42044496977254,-2.2452194986035456,-10.818627912403338,9.193113636220424,-1.3711261024146784,0.6342486351706478,-2.294363198545683,0.7111704949028147,-0.775379497841945,5.1073564786449275,-0.38628507144209473,-2.1146853047092278,4.965980435744236
sample_683,-51.98242318893422,6.607791173553429,6.483023705612025,-1.8301045088250172,2.457466930339955,5.216547073321456,-8.034294855153242,-0.9965446351075887,12.80838025328208,-6.179653227747652,-0.3414993306823713,0.9883342763877369,4.6333249816380055,-6.348505242289831,-1.5469296990359795,0.7292493506132887,1.7387400113098126,-1.3746337999927132,-3.6284027266124586,-6.0894475094418565,-2.379896334186267,0.31736771742840286,-1.8943425019068023,-2.603292490677334,-0.5869186920959248,-1.1197971345251636,2.0330635820516707,2.1119598059960465,0.7122044510350068
sample_684,19.285655923001922,37.77113909188316,-27.589856724240622,2.843329695781614,-0.05642681194228986,4.252289344032111,-2.0648075091530864,5.268510025928399,-3.7283941515498586,-2.7519312045164233,8.250147702785624,-2.297634146878714,2.5312990090291034,1.8754050050514885,2.5839301482270987,-7.70683545058361,-7.581519334287701,-5.962718187188666,-4.597231055884625,-1.8758312334372336,-5.608571070950419,-3.939395919434977,-1.590942690327264,-0.2162845506176676,-0.3714326725025164,-1.1882405214782263,-3.925729268684906,1.6674519695803178,2.458816028439996
sample_685,-5.282409556340995,-4.934195044017387,-5.684664784999856,35.63100468417337,11.208345055183619,-10.941487122070331,-1.2025286688852075,4.282509414165281,-9.701239078187152,1.0799636665762211,1.8885257924414773,-2.099153916722652,-5.13795598677111,-7.815473309055219,-5.705235510541286,0.30074581846485443,2.384204417685827,-4.262561754662448,11.028295169160874,0.33657396270942563,6.534276311446615,-1.6571343560933687,-6.035744333069311,1.6380966337741651,2.7712088340279193,4.078330456163565,-1.3812289101509772,-6.602893052177895,-2.1633778879653978
sample_686,15.234430595848456,36.02364398605569,-20.76651361013022,9.46649032526785,7.103972884829986,4.914414834627354,3.5212938417706767,5.746991894368064,-0.7830483247973946,-2.8985095827532663,6.3748212784049825,0.2136080815380513,3.140657475884881,0.9805216265844839,1.6662607813519277,-5.569027226304549,-5.011958968141301,1.4233343238524463,-0.6054924161476988,-2.835794502665085,-0.83471719516869,4.20744772169815,3.689096128724569,-1.3028487763288021,1.683359743798121,-1.9911137731513997,-2.141077390840062,-1.2279165498248312,-0.4063386377462843
sample_687,11.939050815415237,36.273823740001845,-16.54124725853589,5.487119451326413,8.365163465469582,5.468903104793405,6.312787028358372,8.439621550118385,6.877958587254348,-1.4860276909499326,-14.04064677504598,-4.39553847841815,-2.553369954561414,-3.2928251081176554,3.185291393474886,0.6055366643488088,4.729499392601861,-0.2522940513408299,5.070716375839882,-2.09409837080272,2.4161050191070124,5.965624068291047,-1.9846476162992397,-0.9207975930226859,-5.389072669098283,3.3281444683572485,11.293296168341705,0.3291343612292131,4.947809179787278
sample_688,16.52802519754139,-14.764726115684141,2.5556029622457888,-13.566842024097959,-25.507190286288353,25.94705739277883,-26.103365433135778,-13.28628793777592,-10.9677799427837,-3.2892418170054127,-5.464803376369919,-3.156461573331847,4.519055127637596,-0.7155308617451657,-1.6282302028545759,3.2258687179237002,4.9529879388300895,-8.598564311713314,3.850325471448464,-1.1893609013224191,-2.085740806491926,1.599833076911779,-0.09366638692547084,-1.6000200349353781,-3.366504474172319,7.4129686031176,-1.244119863746609,-1.3784311556322413,-2.3591456355300333
sample_689,-53.91066470510665,10.467973700735431,6.678350072640709,0.4900223784996441,3.4419085707916635,-1.173026057866284,-6.692842998878959,3.6827661261671274,-3.9918532942240796,5.202944143326691,0.2493001769613296,5.385277896079728,-6.103620365988778,4.834242345380732,-4.079892174256029,-1.8152723347377206,2.52036719477186,4.333630937783105,-0.7522035695885246,2.76931609390764,4.635000456028903,-1.5115889368691748,-2.623923289120362,2.062756773674616,4.824804535465849,1.133606415596989,-0.36781595484813673,-4.519422003152655,-1.7346305568006823
sample_690,14.257833718091778,42.585207918673426,-26.173306636969784,-1.1068478223546425,3.4422236894561515,0.4705315369457902,-3.582103456186462,-8.44380486559054,8.034915595967094,4.38095389557985,-3.6445798796527953,1.0957048424037368,1.7433492564360313,-0.5875340406027494,-1.410158141434207,4.448693793034935,-0.46807854453843845,-7.283903900908522,-1.7795974119886944,0.17153744699311135,-5.196044319183501,1.79622716226671,-2.5339884365600445,2.9013757843311847,5.323185155210961,0.19615950129092435,6.175186297241133,0.7851924130486281,4.467487297676514
sample_691,-0.8460729107665661,-13.200840785415288,-2.453924055833169,37.69834441460561,-7.791000854392098,-9.870965124596017,-2.82002539740298,1.2354688398217544,-1.5394800959942638,-13.96516466391941,-3.5522344033470192,-6.9779288923963225,-6.461138847506238,-0.6198228770008943,4.162050817268438,1.5718575628657332,-2.788207539010608,-2.5375078752162477,-8.044887805341293,-3.0729441262273918,-2.3088677686838914,3.9132739599694943,-1.2396053873083346,-0.4805889189103055,-2.2671136713749047,-2.4258946945306374,-1.809255342326874,-4.847135760037013,2.639530187295854
sample_692,3.55904689451237,-39.735908366716224,-27.29984879277651,-15.127415534141932,9.743109621957563,-3.5636359738470227,0.9464695970409785,-0.18819424728379183,2.1029721546387723,-7.725375511735047,4.443036718173373,5.168959522724415,1.2648889102026837,-0.8324746986915561,-5.701748655630913,1.2857787228949398,-1.8133611199313775,-1.1155459805921484,14.991126289032833,8.122084521059309,3.6279295444777278,4.328962070857915,-5.453981744848363,-5.042139520486375,-1.9560919528794136,2.5016803514718666,-4.878454088233067,1.9136500143526636,-3.998648056641796
sample_693,3.2160289191383526,-32.77839713963165,-32.91984542229842,-4.855155798492338,29.518760104750143,-0.46805655539658775,-0.6177397326355999,-5.374717706170435,1.985086117358198,-5.386424737039497,4.874440311590658,0.9629110164883184,1.5393218796534627,2.3772686667076024,-3.680032621066769,-2.3536884572125483,-2.4463272478212,-4.466622937336614,7.723858877570045,-0.9857029262249721,1.085424426629561,8.665707644900351,-0.6719764231124619,-7.067957831174168,3.1352515999478894,3.443431886876105,-6.9857241047766845,-1.970013363712026,4.577436078713957
sample_694,17.98628511926882,3.9245552042123877,22.608800595248557,-11.552589261898722,-0.846732686721034,2.845916421775434,17.824552998900874,-1.2524633857446676,-3.6377223755919466,11.76616597424244,6.905382527408353,-3.129244359216731,-0.8411402332504107,0.6388127250165934,1.6744157816509582,5.943971596650561,7.116784279036566,-0.8052598620018182,-1.761941155685576,-7.5644979563781884,2.6872968785163254,-5.831035745197142,0.8596708253218347,-6.613910023407935,0.2916027729702401,6.504568971976531,1.6966024832276188,-0.7656836359880846,-3.5515823703035903
sample_695,15.480272158534286,3.4972642241147627,24.970716096967216,-5.6702520119754185,10.739908262487385,-4.801708474539708,-0.2648492542532697,3.1930157066767975,-1.9102042894155624,-5.464437469605953,-6.743425377995337,2.702913701143475,-1.4383857084999137,-4.40126647761457,-1.8208991531654104,-2.399865117743222,-3.0119912698254376,-5.5158320514688155,-0.5297370743056561,5.151452431750751,-1.7131275658249028,-3.259360512036801,-3.27317181447029,1.6207548439642219,-3.5768921622702763,-2.6258218385735947,-1.4417192080559091,4.69906889319352,0.9997295973659547
sample_696,21.92002061801973,-5.953988840162212,27.84835594448817,-11.264057340411078,2.2156435689666742,-5.451986173332876,1.1494063188527015,-10.369605577433846,9.21958926463111,-8.8032725546104,10.85153581863679,-2.4856078295900157,0.3689362198119187,3.705372602227795,-1.328837382568685,-7.655794061987028,1.88523756838675,2.9125883412051903,-0.4457447989908168,3.4176993284467136,-1.8834410743875905,-1.2736167897091561,6.899392067723096,-1.4410012353230122,2.674020993044536,7.740197862586338,2.474665870199188,3.9763621948626167,1.8646076625301446
sample_697,2.351607292306502,-18.494414957448242,-11.37708384013023,19.26001411008776,-22.225813761910274,-17.070145740556534,13.131558969291161,-12.106011260254153,-9.966951567990018,-6.208474259102871,-13.678016413834934,1.2483618052995433,8.396697557237632,-1.2315107112068935,1.547576311895561,2.1103442139426454,-6.385133007512238,2.473631220712785,5.574521711833894,-1.719853039782564,-5.604880708065856,-0.3967092096092355,-4.324564354736745,-1.0101514463822665,-7.1761796033254095,1.545562996086876,2.440009588547815,-0.1016990768908212,-2.7201020829829323
sample_698,-44.531881651578956,6.786210600478539,10.106444368115405,6.149099401870754,5.957934726552287,7.026967234633127,1.6495054760567773,4.232604028702434,13.18723791837362,-4.931460878374695,-4.202549954770014,-0.4115968167728883,2.819839067678096,-4.061860718937819,-8.850078630285813,-3.4621040358849853,-1.852099773804776,2.8336577821133013,-3.455245517108389,-5.12771809159446,2.918450066793481,-3.3006691903538927,-2.188570573433721,0.7765412719358272,4.6714594517611525,-3.0600547337072683,-2.1018256232567274,-1.9303591739066948,4.082211942455435
sample_699,-41.908345705237565,7.763203826949326,3.004191524354642,1.814908872260548,10.233272224171504,0.9853182483468862,-13.400585271558294,-6.804026129336371,14.15830466586239,2.299713061989758,-4.04738570519741,4.151618575945131,2.6750192849606433,-2.3129122438846785,-8.518346602742215,2.743725114766884,2.7297396039341923,5.036739776487555,-3.2000467100750423,-4.719282977087283,2.0006698331786406,0.5471347434183743,-5.474570865887273,0.8119378008099865,8.932079366759595,6.301269544648997,-0.8155665284065831,-2.6899260249797803,-3.6087491032975247
sample_700,-44.509709302927554,8.673138163332187,6.231427219515346,2.292044894413753,6.709730150714221,3.344672400014311,-2.7210255348599817,-3.225453309549214,15.834208373250272,7.453723173285038,-0.7231306967254875,0.695377337070224,1.779379309724076,-3.6216932495720475,-12.931676865618766,5.401323178673858,-3.3181335496620243,8.722582816814562,-4.751127717031189,-3.6364318578010355,5.309313159874773,-0.33980799016566754,-2.320397273712326,1.4003990376348041,5.048992414607292,7.597148175496416,-1.3027845118530457,-4.77764688689729,-3.062186937283307
sample_701,23.666454739868424,-0.6326085535609495,26.34758957781714,-12.58256623382027,-1.384515404002066,-14.953739188148667,-3.565465327257675,-3.0604941990513073,6.0027521235266414,-11.745385624656006,9.446901074164055,-2.215418324947833,-4.169622876413823,-5.266165137547478,1.589606192559418,-8.431888414903689,10.780087504045035,-9.244458854457381,-0.8899718920151102,0.028647904110739055,-0.47584592302424106,3.5477814721412217,-0.23059106440502034,6.945540361823658,0.7495788679506838,-0.013743129399157767,-3.8876407175352354,3.5409970304866816,-1.2933649210480436
sample_702,2.350951194019352,-16.701436955061844,-2.5071065878481944,24.672393732765144,-5.820545969183807,4.276639403405631,0.7928835813947037,9.385928858648308,-1.3098826226511968,11.96297098471611,11.094715681593906,6.547353580029144,0.4284286793805358,-0.7142274210377203,6.985670345688583,-1.3918092315384203,-2.9062584392530066,6.607024738913425,-2.1456568056475556,2.674411758893789,3.7616821955325244,-1.2507494196513271,-4.234756061605796,0.12146073780217449,1.941464272469958,3.0481536639259597,2.4704962825311156,8.502942533036428,0.7572381818717577
sample_703,-59.909728114558426,10.985934522418944,4.818317654847601,-8.89524884269243,-2.0521631585528133,-1.8110064229872664,5.150712372399983,-4.56487959713029,-5.68471605109472,3.2022090235838157,2.434021956263479,-0.08059572673212702,-5.7398266561934825,3.594687461173552,-1.900679627292532,-0.2953229028097753,1.03571299836093,2.736922585121557,-1.087066047099491,1.818559613256348,1.8844425071336481,1.1872663141459474,1.648803098233746,-1.163220731081446,-1.567969362551413,5.161189750937054,-0.3055782106063942,-1.1424357058320838,1.0524973419633183
sample_704,17.216928777136648,38.265711533937164,-20.716387979938126,-3.2270944200312246,-1.471894651689715,0.4531461115486945,6.852457160022801,5.0608448868873355,4.559769274477726,-1.2444277092495224,-2.2649371068387474,-1.946058344945474,-8.101534610407324,-0.937761486208809,-3.3135563620033794,3.4803650828935693,6.599761609594867,-0.429017631782436,3.8049881493196693,-3.2551273877025677,-0.7657200011566749,-1.092976401347883,-1.0621504792467786,-0.9186845141704196,-1.6437944989391684,-1.342117362778688,5.840953607964577,6.4803540504058645,2.1592566710426846
sample_705,15.653788446737405,8.670101870555136,19.78829600503754,-0.21889547653550867,14.984504757340824,-2.5919045137571572,4.4298368582422585,-0.6851960771545502,-13.479427450381118,6.274013113103481,-2.3325640868181394,9.747673563518925,3.848049642047978,2.963038382994013,1.7609279421217685,11.543320341719012,-3.9525917024139776,1.2500243133588365,-4.3371227485987385,-0.030616803431329415,3.0427604229072367,4.311476410085991,-1.0420050087727215,-0.6109167273956205,-6.024626644668919,-1.286822642993344,-1.0242450691823495,-3.6733865167927866,1.5417427125416836
sample_706,2.3595698379217436,-12.65605180169539,1.2015889282925731,30.48815647711745,-3.3686532706220613,1.0986238258038798,-2.8307953178365874,-5.164385333847901,10.787099639107819,1.032617055584568,2.7437211934378505,-0.5186715610003492,-16.219917436167417,-5.655893722651731,0.9835655075048162,-0.11812995274241314,-2.6595003158313304,1.8006478444341545,-6.9971176361365846,7.43991158499539,0.922652502417661,1.2095668189376036,-2.255011140431203,-8.270040475130099,-0.43345609317394723,-1.980940103290363,1.0720032285955376,-3.199191455109733,-2.1240812932524626
sample_707,19.57708493201054,36.31323442737236,-28.91180231625583,-10.749934909184102,-12.878433972875797,-9.964510022325507,-18.14542465064807,5.25679697816723,4.164928907822457,-2.86421515305555,-6.485563085993893,0.37656084327113587,-3.9085913746866874,-3.1097001558944815,-1.1925327767916742,1.9547893917925014,6.823308723156202,-2.628527127047613,6.325454390610358,2.922410844360305,4.745553998793301,0.7435599303359866,2.7432960355287017,5.368986199258863,-2.6229903115528335,-3.0232130359651412,-4.242021155253009,-4.076183544777551,-0.5460119679003508
sample_708,13.958234209419828,5.7608352881991065,29.223002390899694,-0.5153861551242064,16.951436102242212,-4.462592186615414,6.668860194322766,-1.158796037489416,-2.288028915255375,-2.978516906542888,-0.12684307788324933,2.553613588515536,1.7912198029251964,-1.415916165979827,-0.6284691573680035,0.5022484430639793,1.1592295914490365,0.9986862589571978,-1.4280917040230983,2.7438649821371137,0.8694306602435268,-1.008211313735196,7.0045918441102035,-0.761951869834718,4.393002622547891,2.2488006817339867,1.6807871602108042,5.85351641877486,4.877730143346543
sample_709,19.006991156408606,26.351420929763616,-25.719393481364925,-17.51599517320032,-16.062752824770797,2.353200465335581,2.5113948221111895,0.8116617125092334,7.527740665340931,6.39628858384269,-1.5862590622452986,1.0179935802374496,-8.191551966607744,-5.9090093941860244,-10.779417032305206,11.315432502867372,-3.307124994766037,-7.057473779518356,1.3102934089273812,3.8321301308522226,-7.644612648854535,-3.1094602273297762,0.5992301704444574,-0.6660112736130579,6.405163306373852,2.5508983747282814,6.542999593451029,1.1136701849246855,7.052601352300182
sample_710,19.372071054932334,-12.904014444998374,19.978791035939967,-22.036493322139535,-15.60865781171222,-2.02926413311722,-0.3273892592718157,4.538802311333794,2.212132107572985,-0.4774788985916844,2.245334073862916,-4.570288276397711,-0.12167233586701211,-0.9237393548129926,-3.82403712636393,-6.097588703475985,2.051082006784222,-0.1335786298298717,-2.9560836215881072,-5.607511571184821,2.023675033461147,-3.2632026802260574,3.973284108794995,-7.109308439742122,3.037276119050836,9.302841850900716,7.424251699185213,1.5425259330388232,-1.3237410724962744
sample_711,-47.579718273407224,8.304850766647903,3.724524969903329,2.1501670162638353,7.0578869479920305,-0.20037948445573994,-17.616111974511984,-2.386591414543278,7.46703145863161,-4.448074658736768,0.20585153595601452,-0.11340551400961582,1.2048529458975208,-7.611788178779514,2.4711797456809723,2.644229702820506,0.3549157437545217,-0.9453694969080616,7.189895608647022,1.0498518112700597,-2.9787067076265723,-1.9258204881220433,-0.5294570283102418,-4.3290792523379,-0.033268373809082825,-5.318656791768511,3.053819516183134,2.6742121720394794,1.1668782659194485
sample_712,10.694180295352226,-15.381929287271362,12.49774940529392,2.3495277237925625,-10.008760888122767,32.24445520198871,-5.88965150418743,-3.296772234776664,-13.827183604416469,-1.639935607118287,-2.9158204088302573,-1.2906868193958851,2.7792422592585675,-6.990393502693713,1.2150430377209154,0.5363140034269461,-0.6698206516589139,0.7954130105164412,0.11664170885580244,0.060864594105348405,-2.148031809426034,5.5308596082886385,0.7691819246589817,0.3509925726500862,2.4377823258048466,2.0842578726747725,-0.2953604457947909,2.181275674770018,-2.9589865423259667
sample_713,-2.0214186972330963,-7.619087582013558,-16.9647429660944,6.806130196210521,36.46641596722223,6.511548123473387,6.411599796922818,-3.621265510268037,2.7012872836446973,3.5438547147368675,-10.41806505747358,-8.023056741079229,-0.8735706542480148,1.6576143695786694,0.8982020531669856,-0.6140607632763586,3.24156897445338,1.242425245298402,5.073476144757597,-2.2126291341459035,2.3196153206483476,3.4675912609485726,-2.263454023007565,0.5911766413931011,2.0835536831577373,-0.7647190487245784,3.397173764339176,-2.2027016765539753,-0.22770483142798204
sample_714,18.23850795182999,40.54120951297713,-25.110277655762616,1.9254907204390166,1.413616704195817,2.604404201903376,0.9205148502255223,1.430995461623868,-0.3808378599995966,0.5754944590068787,9.221818215396922,0.9248073800094524,-3.1995937415895863,-0.7500185626384627,-2.0489801474490084,-1.8730884474879863,-2.5643745031597445,2.3293385049117545,-2.4696614917493944,1.0988176774638823,-3.8616143084700227,-3.0075620058762715,-2.394271561765561,0.047553621383999864,2.151645041040068,-1.2427819831085767,1.0429767259373934,2.5462342764842374,0.07908038620956079
sample_715,11.89663393287156,32.96924193165456,-25.698972644737555,9.117944750942085,11.02768391787311,-1.085629599932564,-9.825967988909431,-3.6993395598457703,-5.619149280714989,-0.33227183044230507,7.207145425233638,1.6737103740533115,2.0006112490342978,4.660229591904452,-1.1419793011296009,-8.13100657853811,-5.431261933032949,9.96386454754118,-2.0663702983395433,-0.42116435520563694,3.262617938832247,-3.374669296464263,-6.103048815561691,-4.308924234039481,3.7609621770242234,-0.8255177274066701,0.33109460648094813,3.1282115215097206,-1.3713408720559892
sample_716,-54.690122147795805,12.93077273513857,5.891470654584819,-9.66280036904695,2.2447367840661743,-1.2567597639136825,6.451351387973714,-9.64586779118933,-0.07230494956309734,-1.0300117995960203,-6.9056030259982855,1.7660417718342523,-1.1553194336254486,1.7793632118831133,-4.833701819802915,-1.7212977160184795,-0.35882564117123467,2.5905154211012458,0.6741896119503656,-4.173681825176467,-0.015008617285209183,1.156211510483275,-2.893639613260917,1.076382241622357,0.9680756419558569,0.801926666948563,0.41869051828064824,-0.4221297866046437,1.1739738753729703
sample_717,11.829874662538131,31.44778179677604,-18.12334458287044,14.61431897419402,8.905017558321957,6.727254257064787,4.818746182879479,16.260678406324423,-0.45845665758317355,2.131862353373146,4.113972063339286,-1.2775142776481223,-3.4647049980706752,-2.5572196973307992,-2.7157372274551514,-5.295473376639922,-5.697105948475761,2.087776220549234,0.1785449625175068,2.7482456536660442,-3.4882535459083166,-2.2713246321604035,-1.0257568697339998,0.4292385461727886,0.26552566157897556,-1.2917327435555837,3.5607483307408736,-0.694203415384659,0.5756932902872093
sample_718,-42.87171985060253,-2.274389920200051,5.085805539250144,8.67331593729269,2.1714416255493934,2.7352438405800887,-16.483141189346032,13.829300582723858,13.607338251771948,-1.0874325769335262,-1.3780171567146482,0.7227671167846794,10.258131235653533,-9.059699842679287,-7.3193998019692055,4.729759230971123,-1.5111794802757024,5.453681454416967,-3.182966176545408,-4.025219149977134,3.9492097545679847,-1.5894143850918818,0.5773630244567829,4.667656472397815,-2.7622146970654016,3.8737770208135487,-6.029329802398084,-4.007983997098881,3.6754795174297916
sample_719,16.588043928732365,-6.460124987594886,24.8338669102484,-12.244235733595696,-5.454948222807435,-4.216501073825653,7.115105035002297,5.394427437154372,4.298303964937307,-4.767075961298448,1.1578700398835429,-8.797864072405877,3.5915617242656754,2.122580090291033,-2.442662466114693,-0.7767073718071258,-2.085528368808721,3.554758752543048,4.658191852007976,1.2819675641028039,-2.545633913488945,2.1799256894809305,3.4367687719303617,3.626453178846531,6.8864314071270964,-0.25519206583798165,-0.20294371909763817,2.233267508644983,-2.8901441201531797
sample_720,-1.1134959838991705,-14.260465546204673,-6.185242953047952,31.499098214437044,-12.631214912789279,-16.242626194654786,-1.8449618443803966,3.8291942925283102,-9.793863819674199,-2.7923229601927346,-4.943806140837057,-5.33179750347727,-9.347997269401091,-11.44206562563205,-1.3462228599005426,7.363015051672548,-14.823576274209705,3.885048291249269,1.597916770655604,2.4950269441120687,2.513888834957447,-2.7789815011408567,-1.6821751165396719,-1.8847492333342937,-0.7551241541939262,-0.5674558193768523,-2.1335243131386976,5.645153637145553,-4.291266334010589
sample_721,-0.04949018423136778,-17.437499189254776,0.31849079608101133,40.693378162962404,-1.1768491097504747,-6.6112320558648685,3.1233305872513704,5.750486507508514,6.140857339035173,-5.815430642544518,3.319049949591501,-3.8616114036584537,-6.904293495894737,0.10417253998937456,-3.0822617067435933,-0.3557779777832851,5.314713595878069,-7.728251078342923,0.40412550738045366,-3.2876513831170295,-2.0320331458238807,4.032728071845449,3.6549743259805485,-1.8356411221896771,-4.057677647295099,-4.618013002877717,-0.6198178961751378,-2.0590755443284334,-4.7359218198611055
sample_722,15.640095607809364,-11.975805621864955,15.843081895848131,2.721980953678143,-7.38810626378564,9.329257803547733,2.240796114259494,8.211046750541591,2.0828190812206726,-3.2184281010387816,7.781543905498874,17.72596533730608,-6.007028098033766,-0.9828837450173259,9.62478797653834,4.5265696137493565,-8.218139044200509,1.5573789864917502,0.28451846804900244,-5.451100590902776,5.153383914438399,-7.32703118231228,2.315806485848286,4.653909828121768,-1.6774460825873299,-4.911362808449047,3.0283870628234126,-4.565577182099798,4.306804445349539
sample_723,16.287028736047965,1.1516644875881377,7.431392726461431,8.482465005063949,11.499442563603573,2.1930980685736294,-31.71719459373938,-0.6101282730841255,-5.43474984438554,-5.090659035133983,0.33285356692446777,-7.799152551609835,-0.3913207320247701,14.105933557649262,3.5476375609050876,-2.1573438802555267,-13.069741143126684,-2.8228172078172373,5.785344081561786,-6.7156096868352835,-5.869499415534556,-6.055405641865599,3.6171795648681493,-1.497886727620944,0.3548123764733646,0.5401615197925305,-2.638288851998486,10.0464850760355,-1.6991176557346295
sample_724,-50.87010327392487,6.060020827129697,5.241460662265747,3.438833375660492,7.8169508891786235,5.171400318703869,-2.370057717242671,4.192588836480811,7.012153511374017,2.1711700154006066,3.8399698925080576,-1.6207949334457479,3.556690725570809,-6.94320677992817,-0.15102405937936852,1.15402152570835,-1.1356275696763236,3.7807728874127813,-2.0746238598865894,-4.218543983780081,-3.645724889215249,3.511231807797563,-2.640472684560367,-2.422032415585505,-0.17539678518655785,2.327501191659477,2.4742514191839855,0.7190419338975121,-1.688784173396627
sample_725,16.72861570274497,-4.906690991793865,24.920872959296187,-3.4547955463510402,1.3771993991991698,-3.1263190542002453,0.253540553828333,11.290617476082852,0.404112277632167,6.2642667174583595,7.827833736167399,-1.7024550997772014,-2.8663950182673847,-0.6971143957743652,7.686730681217481,-2.1557271461424357,-5.07429827339455,8.767072938808013,5.807192442932147,-0.24899165411750226,-1.591111474991557,-0.049634594194108046,-0.48115341303315057,-3.3002524592019666,2.227721709465617,-3.5705591845277116,2.218510023387461,1.631706327242068,2.3163523182258747
sample_726,23.541341530392828,-3.3874607570684354,22.6706071752194,-4.049734765208199,6.152173668227612,-13.06113302007431,-15.162593427148332,-3.9196344381017076,4.3174052711969315,-7.418175742152408,7.475444207553301,4.524831173469132,-6.913320606297792,0.7032558877425078,-1.9566166439415116,1.1616231496969631,10.147284657895273,-2.9497504364775096,1.570143737978293,-1.3302215116466272,-0.10401791706773518,1.5011934196294212,5.632813443424694,2.02105397083686,3.397085981683629,-1.8313421047064777,-1.4384742087204836,7.297662205827807,-1.8101867326246963
sample_727,9.098033734683396,17.17245152759426,12.875354694154076,5.433397112520014,13.58117022631414,10.584570120985315,2.5918106187535157,-19.848436070550587,-27.736667826329597,4.593323631873042,1.9347713587628175,-2.2334343049880543,12.171711595905997,-2.5377707985056803,-3.9820076759415977,6.119609414038826,-0.7822948355750641,1.645666005997873,-7.373474217127424,3.9223605878136016,2.821829960961298,-0.19249538882960016,1.6991954289264124,-1.4420624262761919,-5.286462225984969,0.9803034872714343,-4.317984446511178,-7.854609992003008,-0.04115152992773114
sample_728,17.289343737447435,-12.18747270238393,21.571340608943157,-9.891175441818785,-8.783429178430033,0.05912853987296836,-6.571834684824721,22.223459356350382,-2.4130660715092556,0.20347173757770895,-1.6228547261347859,-1.4143616608394913,-4.646453241797917,-3.6201090301710055,7.747156060038532,-9.315167811690788,3.4077358351471676,0.8676745732164676,-2.8949254882873974,-6.47170970675647,-1.1534097027558494,-7.310149490495556,2.4048619462487055,-3.6616485334575812,-1.1806033016206021,7.841946897842165,3.7736733167528382,-2.129679969028842,2.6253132313243595
sample_729,-55.62549221006197,9.415387871255215,3.9480186901625864,-14.72739659233666,-6.745261318793319,-5.32329490946284,-5.242416802186309,-0.40623803754454885,-6.310014721277115,-0.5237822611848685,-4.047526670813941,5.5744325633136,-8.437900774331782,9.166575030310305,-8.305623056600124,-5.5641113371808215,-3.619486889214574,4.774908835986668,-1.277659416431001,2.4549685155635235,2.406492507377811,-2.007202490321312,-0.08206599588554984,3.3377780977925595,2.3634382987152085,2.738936220396934,-2.5113223862103933,-1.2403144392430736,-0.09658454330360745
sample_730,-45.76790771399927,3.9233040157870422,3.7014140777624442,2.2342142478718197,7.0232438220585545,2.1640748725751617,-20.001219178833118,3.7352467242503558,16.920557581521884,0.8931623830342749,-4.245336232521413,1.5331397119947943,2.7825701341582483,-2.739267552815299,-9.767207949063724,7.836428329800721,-0.637792186169879,6.550193533737493,-3.7028167680907087,-4.931659258319158,1.8290334798078345,-2.4835628408281356,-4.210598109965889,2.33465073846224,0.8727072706911244,3.0293422847705473,-3.417950498658933,-0.2661096283937593,-1.298852318416455
sample_731,14.61535445417589,40.19738709898467,-22.468670995961293,4.875736555832685,9.931475236647167,4.6147087318830255,-4.099220259710876,-6.554238338386046,0.47961514941700345,-0.22710272724268993,4.033743944615757,-2.467857630715676,-1.4467981839117687,1.2293560970244488,-0.8595017190180981,-4.705350248547539,-5.653329385379466,7.253616633141233,2.047705443942083,1.577278614019056,-1.305183064786911,-4.5980193860583745,-4.3335649556719105,-4.063544977706971,-0.4388084736327999,3.4053477887044874,1.3977335315659474,4.4663701027193525,-2.0838181225628163
sample_732,5.538242045829559,-31.38745163706443,-32.758562129879046,-17.636879699865734,20.19059047801436,3.494787468112295,4.535453654080922,-5.59949307120894,3.77303160698947,-0.13506132811332375,-3.6382862088276804,-10.35018701591651,-2.4897998353798854,-1.7712800842118372,7.075425670524807,-1.1031012351351317,-0.8093544387600108,2.2751616740183906,-2.802364539484342,-5.170559647846911,-5.090903942914934,-0.7724200725423935,4.28206787223559,7.181834814156088,-0.474105123253118,-2.2232400770388456,5.336416358167378,-2.206030400438368,-2.343192705471369
sample_733,-59.85463338166203,10.465397138933534,3.831472469514708,-16.268757415484817,-2.514736371113626,-2.153451038348159,4.696404114834092,-2.4988970431530606,-9.261184095663777,0.047439544839575784,-6.954065066777391,2.2563940998702194,-7.203849635691271,11.276726301516927,2.0777551201508784,-2.465488599595021,-2.971082278392392,-2.029990079908927,1.4308794494649084,0.4493506044161475,-1.1950916133598835,5.470673599373318,4.233509078021201,1.6629911867501306,-0.08266412084373588,1.2629292313095373,-0.03263321503356459,2.7452390400306177,-1.0029157309414136
sample_734,8.69004292179088,-17.215886858663072,11.182994575872334,-0.4561697275901556,-9.321096201170755,27.08876578962734,-7.766163845611318,8.549966569696178,-7.973252177888751,0.8418938438637125,-7.422931309767008,-4.603662484884434,1.4623614643101193,-5.332387084643248,-3.5665275190733428,2.41823943197109,-3.4132322103233923,1.4721392548128396,5.865284122282425,2.0966277485101723,1.0497246702312684,6.783662445507937,7.427377729257105,6.796349705695734,7.364409410047084,-3.612721999053445,-2.0293964519534975,-0.03954482715666977,1.3125414476210584
sample_735,12.006962456297352,3.33260597997505,19.062345258769863,14.458013482216417,18.442510993628414,-1.6662414798496643,-28.411967255695192,19.34596804735115,-11.16828560688216,1.915522326416307,-5.155143324124886,1.0180543134302384,0.8619563371457779,-2.3314928484306687,-0.4058554427926576,-1.222242081605906,0.6551110253725444,-10.212546788762213,-3.871320388472427,2.7073495072521907,-2.88181586994027,-0.25521519810490173,0.32843462273024165,-1.6380331650668922,-2.2416955295375187,1.0872346978405945,2.504858703916065,-0.19690065965038425,-2.366757349440931
sample_736,-41.88681733259978,-3.52266730861262,2.834603763984386,11.865297853859975,7.104040008996553,5.581127883481449,-7.182777713876418,16.181889320862442,9.679346023230309,4.609262671379681,8.575412840314742,-1.2399211291577739,8.21451458878824,-10.699288369172418,-7.696512764552539,6.911395899888369,0.058835213645363295,8.569694314929274,0.02062986520304623,-1.6059416962362336,1.7901018596655143,-1.7935802867328814,-1.795427208132269,2.5942592814471293,-2.0081603915174613,0.6952054063359622,-0.8235354120226112,-1.623039338665222,0.7936322898410488
sample_737,17.10253289734297,-3.1176281345315777,22.360551835169005,-4.033648848113062,3.3876049688381884,5.6698775408663975,7.661793411552928,0.6267296836750332,8.376681442221594,-4.80819489126512,6.075640624536881,2.649816942403538,-1.5888705797336513,-2.414033190648717,2.366852875047569,-5.207115751302539,-4.011950758744919,0.594883874499794,4.270558057851526,-0.9610576035680154,-2.180904294735894,-0.0721821162946415,7.046822954862539,-1.249416918134403,0.6491377768830952,3.9686173839001664,0.9676895672035016,-6.358891369402373,0.7363820974680959
sample_738,-5.008911831689315,-15.441384306436207,-2.5403750027968814,36.52310400551058,-6.038440583613499,0.318194690740819,8.606258788398154,13.001686542929884,-3.3158956338721506,2.065610628539287,0.20951975898454991,4.072019210772217,8.1000615944276,3.265476083305281,-1.440720571937156,-5.016749584548601,5.5584814430142035,-1.0568240947975913,0.24253047284199963,-1.7259315698985414,3.296225399500199,-1.7002254257795448,2.2078810280618844,1.7137754115570516,4.560023659587699,1.6782385954778805,1.9987479724638118,0.29417562316474777,2.5588574172411778
sample_739,14.391880769846223,-14.131540729387012,4.4469877161787945,2.9400799655760617,-10.211262773217861,8.498970929828161,-11.26736555662143,-0.7976435934365488,3.68813351182855,6.053412394746913,16.052898410572933,11.723040506077059,-5.117685764379892,7.885216919352009,9.783060338949793,12.874035345282342,-6.560234390623753,4.298190179964101,0.0398892287766128,-4.8661594998947155,11.19012562023184,4.315235997555341,-1.48147701282392,8.472327601223089,3.352778907440327,0.04211262311484031,2.075090286193576,0.17595568308475307,9.58976261228162
sample_740,19.932164056385478,-7.027482591895357,22.831329362086848,-13.422028285403504,-4.108522314178316,-0.8990772903288476,4.800060463049246,6.761275902580601,8.108846370453959,-4.64950933559836,-9.076718435196181,4.6996416185033,-4.125247582741967,4.169381014717058,6.564490149695314,3.6001265496207773,-0.78689974534701,2.289955158807521,2.7870120067274233,-2.104479979018311,-1.3599901483261914,-8.325494018647076,9.36402419554176,-3.444124556725711,-1.983289621788981,2.300198557242385,-2.7659709646509114,-1.0538324620228772,3.7421115485146155
sample_741,11.434441051477922,37.56077511604813,-17.80221194636849,8.821787019704384,9.86743064409177,7.975060887168751,12.972408544771246,-1.7820708200275053,0.0020471377392650217,2.639840517462112,4.961281771878365,-1.390757569922973,1.2162007066203953,-0.6617804334928645,-1.3971235813016016,-0.788113832047122,-4.0896950189590635,-1.6934501691855415,-1.606256382079033,-1.6733002551143505,-2.8475023513154905,-0.05887477892680517,-2.7633793456073485,-2.4130099025636116,4.808234990551912,0.6617543233253421,3.6408872149516034,1.6231795502912556,1.519191576094515
sample_742,14.373857121866555,4.634563768530927,16.857403214094,9.22686175348214,12.083965051487006,3.735077696486616,-26.877210280230027,1.7218383273021587,-12.539687175770693,-5.492583748997716,-2.051284541688578,2.877957802838831,4.48694991405902,-4.635241441631957,-0.41450101899686964,-0.9035417361357116,-0.7689587269656301,-11.376840968784226,-5.821281090614635,3.0713841265810764,-3.204604035194478,-2.7681109260829766,0.7533501228657908,-3.770776256532339,-1.8072278312560233,2.218326377687738,0.3544278863701532,-6.793802652712231,-0.27255223483478913
sample_743,20.92894537962191,35.613100080962255,-31.34361778039768,-5.778993266271635,-2.629091081813029,1.727948554552175,0.9905897313638501,-2.056161043393857,-0.6045793156771143,2.3537381196139013,7.434296787662149,1.6114300905072716,-1.0014566248674976,1.6084286615210572,-0.6077204775625403,-2.515400566859211,-7.331519133593648,-0.054175643293689166,-2.808468609472112,0.2211936172537316,-4.484772024600343,-4.457808249675832,-1.402794909666304,1.6030676402821706,-0.20913683654237683,1.0956890435802844,-2.3240130476687657,1.3879770777291776,0.5915362787239719
sample_744,21.202400110459426,2.5644031507348437,25.87769242508195,-5.253750386945333,4.878519767036194,-10.006209163074283,-15.303929937904147,-8.836825690731052,8.161456269491918,-7.883147539883572,8.216012190618539,0.24039474220469717,-10.009578624193113,-1.8959582912268664,-2.4127208171283994,0.023905999289006444,16.496898227193487,-2.56292605671416,1.1948061574072015,0.20595305056277996,1.415299759772032,-4.041633829300273,6.359305349512687,3.9039550069111617,-0.32438454060120536,3.923302957414084,1.5129581473261695,-0.17365101377980208,0.6640886708519826
sample_745,6.6306817916131955,-49.08454727649457,-37.54100764756068,-33.5075981377815,5.630143814069714,-0.9536901979269612,-0.062011894084157054,-5.560117692075028,-1.8355337680737396,-1.600825055030125,-1.8875430390035852,-2.924022026429698,-2.9621087536769095,3.18420765746159,1.9127190099377074,1.5547012504846451,3.0799239770845115,2.7019246141215425,-5.274520914167201,-1.358147474367815,0.08767727794561964,-7.309085301209108,3.350285184498619,4.233665398231106,-0.45888569471053364,0.33472309316113014,0.8813234733274774,3.069023711868408,-0.08989653772591968
sample_746,16.598770126880368,4.420842086388906,19.536452535826296,-0.4148992119018258,14.071439252735605,-4.959619096801396,-4.973635461251015,-0.2489250329903347,-2.789023547290235,6.2536689821037275,-5.48319245671337,1.152523362021997,3.356595007437737,6.363906599711963,-2.8739683719179157,10.235285295939937,-7.584119064671654,-1.2857947749650185,0.45979610670116333,0.5000379245128819,1.0952896691880585,1.2742187723467844,2.675741366186168,-1.0210542094704333,0.5627239903320425,-5.908807410359988,1.1404787808342316,0.6268456010013299,-4.607550732536442
sample_747,20.738120346097734,-2.2287167419745706,22.02817210369077,-10.143616270771746,0.2313653010935822,-5.086174287891512,2.266226066644001,-5.970773518797423,-4.04985230745034,6.067878588943751,2.637308502989029,1.2783904172625582,7.316421420875594,3.243580784954254,5.30824932317953,8.541979702753522,1.1625512441951207,-1.9587020344670807,-3.0736989772362286,-2.113044295600679,-3.2810513085192765,6.411293891976811,-2.8419041115740566,-1.410175115573019,-2.8417027224751865,-6.828892780414058,0.8585687852587934,3.641292161205105,-1.7101785382710362
sample_748,-42.153843064786074,3.1594488299613217,5.527886396906659,7.031777096678295,9.77169225638435,10.83248442268627,9.916478272714656,8.77567731575568,5.078604539451883,-0.9724854894976093,-0.7421512137876466,-5.537493380328312,8.170968603958997,-8.544114622839274,0.6181543648324959,3.1944720022536433,2.875823903398229,0.7280786080834476,5.849425477229799,-4.793545261631503,-3.872870398141815,1.2148126812226598,-1.7587528047866248,-1.9231990251130524,-3.1444364130458586,-2.920655580994752,2.6307607973839717,3.026072994479935,1.6719784164546936
sample_749,4.556542571563817,-13.635413201159896,-5.732563635879732,29.38541719770801,-3.930090250048068,-8.081260365437691,9.37329311487035,-11.118659229457014,3.510929525020598,18.558664608164005,-9.197653442587878,10.300005806916536,2.4203796785458285,-10.06364511214501,-0.8354983548789147,-8.851469582273754,-1.211762444335699,-3.5555458155040784,-5.561294844372782,-7.016465710381175,-2.105826134174218,3.4717880710860434,7.220392982634592,-11.059268213296518,-0.901249519607464,-4.9843764677807805,-0.43424483022933436,2.8663176720242873,-8.009395836003051
sample_750,22.609579631827994,-5.304058927278553,15.464458002592712,-10.299948444013879,-3.4593683555630643,4.908263340406629,-1.493114255388973,-14.938513376004028,17.103759940020932,2.789538623454907,5.906875410603487,14.938905847756487,-7.031525109212368,3.9609841436973388,13.314374657273596,3.4412580661089094,-9.488529603041194,-2.2204333782499814,4.771677836944663,-4.396623709610913,7.685385191372197,0.765510677966094,-0.607250717723512,4.085167153609168,-7.313352253970846,-3.871284648805092,-5.99242151763318,-5.828317369496159,5.573311609912375
sample_751,11.97011617031604,-11.015285567064938,9.803767019041688,3.194706467476505,-2.5714814943286175,40.019120568723565,-1.5271404997817217,-16.737107978734752,-5.166200737352939,-0.30824385177987246,-3.354814669624649,-1.637245907971741,1.4431426708392074,-1.327125100507066,-4.771785253546783,-0.5970622671040037,0.885108775245062,2.396310345408585,6.652972346099598,-4.658870899582579,-1.3910064068689822,5.893761171851492,8.328133003739426,1.9274698512543635,7.023778035972681,-1.12009699024995,0.08890716959044354,-0.7932988777723045,5.544356931347818
sample_752,14.77770030608448,44.74391324674031,-27.25203653455004,-3.483043696552216,-0.006367836102300289,1.292778193122919,9.580313101168663,-4.659788879580999,-0.3813858864112536,0.35361360581226586,-0.5568186562519856,-0.06905789353250268,0.06622392527216803,-1.9852261196857401,-1.4244063797801765,-0.24567482533595159,-0.7768221259832708,4.584284885663214,0.533147422215864,1.0609627193710183,-1.8063853169506339,-2.156268489395832,-2.2711496958969843,-0.14556833628131405,0.6633345973497213,0.9904468274079634,2.0058998251524,1.9973682704811504,4.2137241076079315
sample_753,19.221746940837047,-5.643920283463496,24.061501429111154,-17.470461936565933,-8.01102029927894,-11.797732032805664,9.131060599992557,-3.9924158217582963,8.765047409223836,-0.16143003156486888,7.495273025093617,-8.241939396767608,2.1676665382849616,-0.28964086165278013,-3.4065877089002936,-6.2863640104221306,4.084488728731684,3.797517188361916,2.220308929001605,0.9772315521806898,1.3854975498079496,5.471722734144917,-2.625700546706988,1.0311867594485604,3.383917341640584,-5.907652123829281,0.2764833626554265,-3.8139568515817417,-3.3215047783406098
sample_754,17.700948849498694,32.21892204668575,-20.64407248676362,1.2937481689079535,-1.397530709407879,1.0576127347475985,-8.689253330764,2.9628992166141455,-0.2570036252660406,-5.579768571580288,2.4173959761939607,4.602494138808587,-1.516632928093254,-2.017779786489416,2.8341813267163722,-1.6691336667331518,2.6579085667450193,3.6773500798627663,0.2932320148248421,4.228852920716246,-2.776951246774155,-0.440952381820401,-3.92245740112995,-2.7310342614063314,1.2482574452031976,2.6673692420329638,-1.772171403645975,-6.2540406468165,-3.4321628392692114
sample_755,-4.5257628311326625,-27.08195493269999,-15.47086442689496,9.401837692631188,24.113264681468955,6.794383624715085,7.247081096367687,23.036593143048883,1.4830307534917575,2.6716807920614287,0.3675340175186658,1.099566157909204,-2.0423776111847656,-0.8266770190643913,-7.63305460869013,-4.237836925573473,-3.501665844978421,0.7893732258987272,9.866687444265066,5.441950845748136,4.607950528830234,3.6675903308685625,-1.1435937967867587,-1.9375800633715285,3.9199171424225714,0.02302196516277631,-1.7525264400049905,0.8768016972502444,2.2464352727682178
sample_756,20.862905687933043,-4.1906850334002215,21.708112852116884,-22.850388317054186,-8.721599485412128,-15.127305450318977,11.595897712300408,1.5968448832822382,-1.7761991129715042,-7.107835740561407,0.3541713136855237,2.005083154823934,0.6308528325514596,-9.801586806219639,-0.9776082939917173,-7.289392955175976,-4.071335396400238,-1.033702604090984,2.5177472493517694,-2.1397999357648554,1.5112421117861992,6.966201182916022,-10.172147022755869,4.896147366410326,-0.9249358121010334,-4.714341051834389,-0.09482502584043422,4.850702981353116,-4.985515437360924
sample_757,14.015524093234076,1.0448972961084055,18.530678783574505,3.181029599251413,7.131873679915416,-2.0856422449863126,-15.192009525306686,6.576744388255427,-3.7807501879578616,11.687069424477356,-1.2645442500569573,-4.0332687882460085,2.1474987699805497,8.277711004590968,-3.4335486261467545,4.1211120837315605,2.458047268768967,7.279549636757125,-1.273008159096921,2.0135820994710008,-7.23539676608306,-1.1125631590475729,-3.126779021814975,-4.652521851766257,-1.3286277782105957,-3.2893082425937865,-0.05473771842508066,-10.540533332181575,-2.2365908120813804
sample_758,16.763752051678665,8.107914436605888,22.809493849436624,0.18800698882216826,14.228248827477769,0.6623165272684092,-3.6746530652242058,-9.09844335539677,-2.2680739998725374,9.877588441392875,1.2775610886380728,-7.073875966300369,6.0535757511056145,5.477132050931487,-4.660899792489415,2.466279823091999,-4.3511650157988955,3.640814881737847,0.4503702152546524,-1.5945983930619188,-3.9617698201549416,-1.4479352511054213,10.840794674344151,-3.620761277460678,-0.6697689223674165,0.3032145144241983,-0.014704133360423616,-5.382713803846318,-0.716958347411296
sample_759,-1.132089097888692,-13.434018039330084,-1.7117550495774903,34.4824457350214,-0.6516108956949184,-1.9617505862819211,7.157794443301447,5.490996687226558,7.838678785874487,21.185328275885993,-0.2042721432943605,13.907637963227653,2.0790082379284085,-7.797029809138111,5.335866702166433,-10.925802441366999,3.3960337449939995,3.7491823448983697,-5.250805189517868,8.185553855891882,-0.8782172217489137,0.9296141759304579,-1.8467899218899206,-5.1293367329523925,1.795909822290809,-4.31417844586669,-7.72483011065054,0.8749873180266732,0.5098560425892198
sample_760,17.35865247640096,-14.138144136351817,17.02271017786113,-10.65878375200852,-9.413286272419967,6.598177398826175,18.682569135919632,-7.778206683429443,8.618455553910499,-5.83863685785249,12.964584105573357,15.968909931729172,-2.521698301982828,1.9844847613697005,8.788264217353051,2.477083896853038,-6.668473448831815,-2.3814667314675266,-3.4498214880349805,-4.651822428237118,14.642463590012984,-6.558852661143068,-2.083762791515145,2.123743452424911,-4.050736170026129,-4.966296177181135,-0.09670285946222552,-8.515273139849333,4.130384963732129
sample_761,5.425662602122173,-13.890393825269385,-4.390388839397233,34.170459855774254,-9.817509818560968,-12.215555275191099,-10.080134381224783,-7.885852019640213,2.162973417884685,-5.654676916716496,8.859083426323544,-4.056742151907367,-10.881471916845689,5.857256677417021,-6.560629327357389,3.5433983577492163,17.1574023189898,-1.1268452868144097,2.447657527731626,-6.67832876379954,-0.9495730534485795,2.5581092353462744,1.1124172763037483,2.719977639025047,-2.0436762502296433,-9.93794085653909,0.9518566035037803,-3.297590204544021,1.1874168426587706
sample_762,14.75705333436519,-5.088616607979712,18.985503143856242,12.08288471018089,7.8630139933734515,-5.416436385420623,-14.252090563216044,9.808079072942268,3.545096982514951,1.0152294585326238,11.048984837944214,9.095563145508748,-12.83628359372419,7.374320548389845,5.739836463721477,2.7220473581549403,19.352136454314337,-0.7690776465963893,5.3544985656473525,-8.476707344086302,-0.12382780489794916,-0.0736392103271895,-3.282630570287965,1.53474246542699,-0.33584724363998486,-7.849344589862962,-4.612324776510474,1.7725006214006653,1.320358307792709
sample_763,3.792115503760819,-8.643135478765322,-9.99730911932591,28.95247084948606,-1.1837884437712118,-11.89799818765507,9.560178857788033,-9.799660679616952,-10.993299047627138,-3.6400093529052153,-3.015803830959519,-3.1597487417619603,-2.4808860002550066,-6.151212891205292,0.9633650083932085,2.2811106298089996,-12.14191257199713,-6.962751475929158,5.570084598564842,-3.95339536268025,4.080698122961515,-0.951188053101586,-7.402487203850894,-3.6624992305398023,-2.6157912280496602,0.6285368124278834,-4.412738774429327,-3.913440969739627,2.1952799255795705
sample_764,-50.64945100120591,2.499368286544631,3.111314268045216,-10.774416012258728,-4.93024647493783,0.27373506779811796,-6.10726013575833,-2.2804316459244345,12.393034160975285,-8.822395264365412,-0.12272312049305098,0.5896463914290857,11.406608063498844,-9.088136422703192,-1.6383891140921931,6.347974484440582,-1.6060598386306717,1.5305713762964732,-1.4300322880098626,-7.749841323702662,-4.376738107243612,-1.502648653735458,-5.938628818517529,-0.6756203689674415,-7.371361032448718,5.37107287859141,-7.985262164873512,-1.9994217937512877,1.7572529321109107
sample_765,-59.89550221378321,8.20202089736014,7.194036408393718,-10.432991500408901,-0.29902023982418435,-0.44224231189425095,4.037919158437698,3.1814682901098568,-5.74595064561639,-1.556280815297057,-3.451364239824278,3.6887135079004127,-5.653825525488882,8.408474332241902,-0.3078689242645963,-3.6429780063625428,-3.4187590109272024,-4.067658387469298,-1.47079085519238,-0.6496887054063617,-2.929788678439948,1.2100653921380382,3.8402127117183573,3.3823238806893667,0.23284137271109304,-1.0274549996787024,-2.735457495712261,1.3295046549942553,-0.2887650029213247
sample_766,3.5692366112553326,-34.07235065432405,-31.30639206087091,-12.80224329848205,24.066346142808175,1.7373341185985522,7.274416731008344,-4.815530019094725,1.7140434545418104,-0.03378229819524121,-2.1670310412710427,-6.506546123158005,-3.2720765075009353,-2.3655996348525514,1.9224555787351814,0.13745003105092576,-1.714863877653155,4.3038832256275175,-0.7401393733197676,-1.7617818190883872,-2.5370596229842857,-2.998452669991188,4.944113980560953,4.613233790811111,0.4646130888442994,-3.0060990596032937,3.390706814373868,-1.0491451066372852,0.08088157048363762
sample_767,2.7441636992074185,-26.185340759884866,-25.615873664698306,-5.571880372447648,24.08664517634836,1.0685906994713659,5.42540514407741,1.7767664874405489,0.5231226167515258,2.4294019773117466,-3.7417667895304576,-0.18009238648866766,-2.230324090545296,0.07183603338788881,-6.728084600992228,-0.28735594353335076,-2.7880113223236966,-6.481933493200921,9.076511350409763,2.792861982642338,2.7663675297693495,5.069077436491284,-5.06769026709446,-6.397330934917956,-1.004391491200236,3.5705205074847868,-3.514365899372666,-3.3667993317465474,0.728834334335115
sample_768,17.81933113806057,7.6973350499949245,27.790449984588736,-6.1465123574448,10.050332097013088,-2.49594245091349,9.452210985886074,-5.767307145993737,3.305323762610038,-6.191931570531054,3.7457326399967816,-3.4370797962908894,-0.3608566139257635,0.171722404169567,-0.599737878767691,-5.460314581506971,6.224069269026848,3.01243103761976,0.3888710557169898,8.369277117652178,-3.377550514953655,-7.003882773311096,-0.9014497787361135,0.33106238845011615,-4.019363515000481,3.8378247962124905,-4.38203844311835,-4.129381548634548,-0.6449156807145024
sample_769,9.474097745126087,14.852782816770999,26.91485972769274,3.2289069905761636,22.484748804371016,-2.7938480187235544,7.428278619473459,-5.900054110541929,-6.165432326275562,-8.020085948585663,-9.017826568218837,0.5301401060228795,3.8089274479330966,-0.3168912121721852,-0.799229545314489,2.2059698556616865,2.288172560933442,-3.971862000115875,-2.5468431535993985,5.630336887244858,3.7135789337197402,-5.57497872999514,1.4571369884712886,3.4486892776012144,0.7401111605175096,-1.5709909156282615,-6.150247991905329,3.527324765709445,2.776032162268151
sample_770,20.781282365762838,-0.9536087246972683,18.841643986153333,-6.799997914164661,0.9284949219206962,0.7575898453294836,3.3586226671459394,-3.910474411787967,9.726741312516706,-3.9862692347998068,3.749593164342003,5.000293795155716,-5.390231620483969,2.3275499858662285,2.4503410419744185,-1.2615532890311638,0.35568328628415136,0.577305253268976,2.9232171399989415,5.68600912539719,-3.4801442274734398,-5.260719568519683,4.001039920704998,-2.5471189941848604,-3.570633439442906,0.16970133667360962,-0.45083618779084195,-2.1087146627801046,-0.32336882059656774
sample_771,9.958781036285092,-21.68487117985533,-8.49619030016676,14.105276232293312,-32.143521789087806,-17.19384425941319,-2.3047284325398265,-10.178933962147372,-6.1423793737504315,-12.799204241901478,-8.178464090506502,-4.947015560956547,-11.681191366685841,0.09329899525644336,-1.0381998100216367,7.795133902914523,-1.666311952988758,-2.6511831706291575,-3.6419712194098364,-6.4775407571353005,2.199459032992916,4.968557911982921,-2.2942635266466067,-1.3496992754914332,3.1185621805675314,-4.8020138144268,-1.9781972482722447,-0.9913592567409631,5.9388794990257425
sample_772,11.312531979709277,12.49278140173451,21.479469490012942,5.7345131529133075,19.803141202306346,-2.6932094557426502,2.7477925561590486,-7.737432361960782,-10.651037595898845,-6.870508260370185,-4.835775562903018,1.013340621100067,10.332490297969086,2.64218508775823,-7.684470873796562,4.450924540899285,1.8229192779956231,-2.82252139543738,-9.382764022221467,4.34498404968874,3.2641842887845645,-1.0279825576775106,8.805716912182344,1.9421732619920637,4.262924242123933,-3.7511880470582954,-0.49872551593638936,0.24733281238587562,4.516534488232881
sample_773,1.3968151912543292,-12.228546378254817,-7.230375442606862,34.18918072697581,-5.960056917695994,-2.3749231461561133,2.035052210748406,-4.434081117237608,7.493383121764704,21.413665898340497,-3.9775756069661075,8.700512377579544,4.904040643219316,-3.517704473852347,5.924847329189846,-11.562298883971636,2.3702186196388912,-0.5250518897451903,-3.823122854200672,0.3030983100887277,-5.454818980624459,2.587916072450606,2.2208199169147744,-5.309549312686068,2.6201815609931924,-2.451473432616127,-4.828245229559484,4.501172797106659,3.6693485228183667
sample_774,-40.09533781411444,-5.901975346751029,-5.177413676211802,-9.203268825270731,-7.824141352573104,2.7210415446161416,-0.47233833127683106,2.925158073076921,-1.779926714677049,3.1043014788742416,10.06223618597684,-8.507944599170942,16.73231428563806,-4.693713804183923,23.704276200118805,11.216288118323424,1.2477484590878252,-4.707156052303414,7.301100436999211,10.089394028868519,0.6232500943866774,-3.829068551346204,5.327205977102081,-1.2430091605993845,-0.24230758762130153,2.2022824901561706,0.3289640145256879,7.261298253421716,-7.259768267186066
sample_775,12.4715877773932,-4.2143284553099,21.71062564742562,2.3115249458769798,9.744548767099593,-5.571667429862333,-2.4185209332435225,20.92411829201894,-8.695676345771714,0.10084635085541349,-0.7447182174754939,3.4926756360808944,3.271377694575626,-2.5087475220111815,-5.840874555379324,-2.708380250005823,-4.245385499707506,-6.02855948754273,-5.486663515704402,2.7016332965599634,0.46458721814153653,5.931662909148945,-4.632723549331098,2.6340206295062765,-1.956822242492493,-6.043463926614369,5.082067712156471,3.226028606847699,-1.6429653602196983
sample_776,-2.849249808526098,-17.95613733902735,-3.2541466880476735,37.04982474125904,-5.8060389861485,-4.465545430794298,5.185048065772586,2.382364573422607,-2.167208541919089,-11.397460565413269,10.678350971858693,-12.411324873070273,1.5322252419405045,9.496336912500784,-0.3913817353819226,4.998589041792688,7.493902124247735,-8.363264570715078,-2.8628285544629213,-8.402171272514769,3.4599139107229666,2.872021300434609,5.7244060092594795,0.6032717271705638,5.568922206017459,-3.9614665039637718,-2.1086700753703997,1.389467332188768,-3.791633935570314
sample_777,-57.193090756808594,5.022429262510714,-1.2674092864966857,-21.002526341460708,-13.664437241931687,-9.426237551409303,-15.719835359649355,-3.596480762176581,-9.957530152681086,-0.1979596335009156,-2.81056306506682,5.291708419639817,-10.473194322964643,9.563012901818077,-6.453286465816117,-1.1285596874085693,-1.2347910862102263,-1.2103655019495432,0.23992381790735892,4.5273984531196305,1.8742631617928447,-3.9801535197517004,2.1988527314024893,3.520688622625641,-0.5959605270079532,1.8197619170082533,-3.103560839547121,1.5875705674519394,-3.4950084262268417
sample_778,5.453853131668452,-24.88483657401398,-9.475202245601459,15.460080728275425,-17.568548122438745,-5.145084405333029,-6.000388021977004,2.6627976393986836,3.7633992201271917,9.351316142614909,9.692851131168672,8.952193976826768,7.414181558390733,7.29944116892541,6.095130556995243,1.0839984205271367,8.323668981267835,2.7449988831641288,-0.7284687093137329,1.4942770300757,-5.633623078740282,9.525228594677381,-4.710042606922125,5.766157687816143,-0.8896951050031315,-1.254962808899925,3.430467609936499,-3.0696116834419587,4.465256290846445
sample_779,0.9820153910478752,-18.565889751361066,-7.931442690671761,23.565501845752742,-6.179368662854051,-0.053432833789415525,10.525069043169228,-6.6819039931653395,8.710643144134357,-5.377017814745584,1.1283175858158736,4.340888162211839,12.668626759780256,7.363575449343433,-3.6603431468102112,-0.2903219479103288,-6.9259155148824485,-4.478253856431236,6.7785704618123175,3.918561450960941,-3.9055920031174876,-5.266260087311266,-0.2687101459581189,2.0497548196065036,-3.235629223066735,0.42805021250777486,9.418132838376577,-2.126170786420704,-5.203589122967597
sample_780,8.64496453053297,-26.561085869974942,-4.0652892304780925,22.264642751602036,-23.615066650987846,-12.311167992277586,-4.862904409014717,2.0183669800896253,6.867708117074042,-10.081319731947522,-6.880202662427032,-3.381630120708204,-11.669966255836727,-1.509123193623154,-4.5447983846614965,-1.3817764214238701,-10.7024574738849,-0.6573403295956576,-6.023353855713778,0.10949690768117636,4.850586997000495,2.585283058318324,9.319558171414169,-4.736000031359967,1.9414699516830918,-5.554253050471365,-0.04098141415694856,3.3262688395668665,2.2447300610898773
sample_781,-57.32154505362378,8.173005867057048,4.454128233048483,-8.240854798316956,0.8665847529277563,-0.3581832039679999,8.82987508379146,-8.333398219628341,0.4465981507473781,-6.372652102069155,1.1853638922735046,0.8505561665889209,0.42129405281374416,0.2847987851520433,6.611657173885414,-3.521048644712499,2.215659057251928,-3.0942992878984747,2.1043415559271685,-0.31516873826617137,-6.339998362028051,4.550807772639687,3.6201708195670754,-4.298842416416661,2.126934798878718,-2.3019681583644926,2.2991624060309737,0.6437721956301296,2.2530954333937308
sample_782,10.136990711442253,1.009506207650002,27.29070130766868,6.508875103960613,15.015205884258222,2.7571137256035962,6.805733579573098,9.630819072211152,4.097824667808941,-0.49471825357774196,-4.28972542922975,0.5820096757798361,-0.7427552623331386,1.3259626274079546,4.281303545866366,-0.8911273826874596,3.2651040613857885,0.5826611001214941,-0.7003624996065464,1.295029280961432,0.7392362951110343,-7.243347781032363,-1.1056865496101433,2.6403772462625774,0.8657385284895179,3.5734148447161584,-3.7473972332674004,-4.963345394835361,-0.15931597293454916
sample_783,23.273431669360722,22.909582288794674,-29.96689195956449,-21.17729630327103,-26.40479448497996,-2.961351822793501,-13.825818826567618,12.141994008450059,-3.385724497295421,-7.589805323152674,-9.403700237377425,3.2286413974110104,3.017208605624464,1.6408968650839857,-0.9024623926205046,1.732057875465985,2.4032734880028364,-5.376097960890877,-2.6228415797337084,1.8771621616652931,-0.9332015630960283,-3.9681956262836167,1.4883159095273149,-1.671866170718328,1.5786348429764254,1.3284987290133254,-5.5036182893592205,-1.0985704062202843,-1.7244212090589595
sample_784,12.129801047988353,-21.02112632583981,6.7816432529385855,-1.6746414743302762,-22.508638476511486,34.24071938991357,-5.456086986382964,2.565371979391943,-9.832187183191904,-2.4889259527938763,11.747313431077618,-3.9193637699377155,5.5080937856945775,-1.325560796522927,-3.1513169839923116,-0.21563693938622278,-2.484854709019905,0.1370867318587714,3.7733430413823656,-1.921985607212618,-0.729772186683233,2.7848259858529008,-0.7186534984172963,3.468178722574615,2.02561633541332,-0.5882943776145131,-0.43371348977421686,-1.801315022528968,-6.3176443274740635
sample_785,16.922513365250854,-4.721493382283827,18.691943010545423,-23.536977630779294,-12.689807521611089,-10.2929989617999,-3.584575660489945,5.8312503114765954,7.640910897048588,1.5292474842733554,-7.809333056076319,-10.929164112746562,-0.4026342182777991,0.6754572077289781,-0.2702624433446069,-2.5532911057673875,-9.128113064734382,-5.141493333070576,7.871749083824454,-8.278712846486247,-2.0273530486238838,3.8288693796024544,-2.9269224115610326,-0.3446523767704347,3.2560218188661403,-5.069267625370175,2.541903296835324,-1.1806713491413938,-1.5366512519970608
sample_786,-47.85357732455243,4.804249337904705,8.510680103332549,-1.0314081130177064,2.5730950411414155,6.192577957964329,-4.009174475773153,1.397467968187309,13.744496482542623,-4.681540712511498,-1.6238527696875935,4.571328304980228,7.216465448968776,-3.763212071019961,-4.914831179979137,3.947516152960419,-3.562104629875419,1.7693384723671792,-1.958958986860786,-3.4748622461223633,-0.588648052591451,-1.164307685489267,0.3817843661561822,0.9952361498295857,2.0372956707168433,1.3933441046061992,-4.837162851032723,3.4276058291263563,-0.5367696190776774
sample_787,24.596908911272298,-7.387740160382822,22.001388777639363,-18.788946346990237,-9.426222455931113,-8.162436264091223,2.1709448927679227,-5.251351897447916,1.8285417389823297,-1.2266579707408403,14.254948714196146,7.830297885072276,-5.690393621283914,-11.044065365511717,4.279450600757444,2.7399752549718066,-6.004971241063711,-1.5568096405672591,-0.3261491349340841,-4.60920252671275,5.694769071269818,6.184608257120634,-4.552283786292351,1.870081551392437,-0.5999585079916041,-3.909910667942288,9.51312692409004,8.611473969896476,-3.911617257572329
sample_788,18.841114769968282,29.270856171263063,-22.592247315026185,-10.300950730308944,-9.468344185846293,3.0682282532149925,12.265553008143602,1.2200016395683002,5.806172931568237,8.728603168262596,1.763466359902043,-0.0026915877325108155,-4.424859020752335,-4.762617422202699,-7.476831535017466,7.726076477062827,0.8427544619414175,-6.775814630220153,0.4948415032009162,2.1868392883908863,-5.731519009511966,-1.8674597309673495,0.4641385974353095,0.3933204750891672,4.548533714095173,3.386193639494051,2.784950131199981,2.5557971643264032,5.746201102900317
sample_789,-23.786368790339484,1.1385225149682736,-7.748016910402774,0.28255614800427714,2.8210800817029953,-8.24922094883787,-4.273576003281842,-7.961366478669382,2.5317522291526235,17.57721725895279,5.181166161221019,2.201109827304366,29.11162535761498,-1.3522072269193193,31.05958584089319,11.07120403950606,1.6945494352101136,-2.570671857053673,-0.9606866073233552,12.734176280100439,5.1155175155323045,7.249836069128,-0.31975239650625975,2.8936989826073867,33.90484602191471,8.492584810726537,0.7526038039596217,-9.667186921233684,-4.508558928437915
sample_790,15.813597221035604,-6.304419708532712,21.779663678193156,-11.397314794282943,-5.623976197770087,0.5603688949449929,8.152900645791787,8.470805862558267,9.773344078643676,-0.9882972445105236,-2.7965315832057382,-0.43643645981456913,-4.656213385166258,-1.4258457935885978,4.9169388707689645,-8.659702393612985,2.789808917131124,5.847579878064844,4.662140705518445,0.23437194455750196,-3.343057121028535,-7.089364050005515,-2.1702120595281973,-2.1185615858561273,2.0164847831428516,4.211813749518342,-5.664167208648922,-3.076879561090753,4.5328860012324
sample_791,16.240527233726443,-3.7857233129056436,26.350598105601257,-12.511975248907799,0.24132452670803672,-9.036954707822574,12.137984857135065,-2.9012153636250146,3.92612789148473,-10.002414778073799,7.409981687106238,0.6272435277683364,1.9353817335669532,-4.813603374496437,-4.355460513129496,-11.06908461459164,-0.7671040609514987,1.761684688630583,0.8166094834266411,5.183690547271819,4.267801932239548,7.940159345358128,-8.3626648677583,6.624570906804477,3.0392602364933836,-3.9302218081767126,-1.3715223643099286,2.5434423076517154,-1.0880800673163717
sample_792,21.387903048966034,-3.6199315697133887,17.64707220216765,-24.23028875857418,-13.552011888369083,-11.358395755265434,10.686317986346442,4.654524989992337,1.8799647368154935,9.539492838505021,-5.8217562238132015,-8.724940231295136,1.667938127643887,8.12975319895595,0.19240124692048072,7.090683637923339,-1.413062869139543,5.656060574411908,5.564717756979502,-6.980583918313984,-2.170381163568324,-0.526257823823824,-0.029729030646904242,-5.21756352693817,-2.237387908359663,-2.7591976298198575,-2.307557189508321,-3.2938384815744377,3.8801261217463288
sample_793,21.098773390491736,-2.0431139582584548,25.142975253666307,-19.312045859898806,-8.63814659683051,-13.51556631020001,-2.467395333418595,1.842607669693394,-5.008539282040883,-5.558160292424785,0.8335696602791229,-6.491717708375144,7.483339277191879,2.267306216686436,2.565990332987677,-2.943653311487737,-0.8266710018162267,3.0604829016979873,0.5216508945965737,-0.5051473882302139,-5.698565085832115,0.6521979188361744,-3.9677452397546373,1.452840816446454,3.8695211589351723,3.0231323746242764,-2.116475676153083,-4.0689717691078915,1.866582060750764
sample_794,17.195130510860587,37.49448422852572,-22.165297025248282,-4.1196197136750525,-2.0332710434638885,5.25355415582483,14.131771337048509,3.2293650446088837,3.182850658715567,-2.1405974684187394,-7.68713078699371,-1.0104288113066469,-1.4643223388948075,-1.7479065499860995,1.3241533352604327,2.5061649362760714,1.838320144570561,5.340020574793519,3.931168941229435,-1.2988517989162398,2.6580222205119015,4.69139184767804,1.3731429036925287,-2.914037787349478,-5.930323271901321,1.0675147313510156,5.454188219297882,3.319511239567226,4.266031045521481
sample_795,-3.4435599238965846,-10.223745725353316,-8.188243143037596,34.43202140785778,-7.529127177351608,-18.651736785058386,10.456328657323049,-7.410180021948835,-13.161326948284573,-1.377299727855348,7.192545860396532,-8.560078909396365,-5.026557165623987,-2.567602275169338,-1.1715046004572807,8.066762605719918,2.2538462021782326,-2.8029887318852533,6.085087687854011,-3.8633418407907687,5.148694608090356,-1.4367908503184181,-2.1581628887572815,2.2131958496022364,1.8910065891837338,2.294657677291949,-2.411884636368487,0.33321206485619703,0.2581640651274678
sample_796,21.76433117672243,4.613661381988918,28.660098242371767,-14.683369329275434,3.7751685832995228,-10.558036240125622,2.4741224208268604,-6.346819432254313,1.4317816921122908,-8.90201637651406,-4.1914286121360025,1.9600569559776329,-3.4296334165888482,-7.107109189684718,0.13213267625649067,-5.201066135403299,8.073535399324333,-3.9440388842277523,0.45257413486687825,6.13414065323511,-1.3190398939092463,-8.894088947543835,0.3548992272877959,1.2246900731959929,-3.33136240291351,4.917726398316121,-1.8821549570056957,3.2888397198128594,4.277896681496675
sample_797,4.924208154445144,-16.859493977291883,-11.344757315250892,20.531478600328605,-14.888861991995883,-16.40530581305612,-4.115109600214515,-13.578397711093155,8.68050505034886,14.128983953936862,-8.178814631100325,18.802363894883957,5.737474295504058,-7.430567864434411,-3.4398797570585185,-11.452438449212094,2.1964298563887112,0.03598427429222576,-4.542551032083993,0.9368823425877552,-6.034658990253657,6.529938889574609,8.00346411962346,-10.803366574475708,-5.510891551886847,-11.14456924357131,-4.356261411329302,-1.1364846572791043,-4.84015892354485
sample_798,-0.029093929132823868,-1.9098714471951153,-15.342469392510246,25.18444494868046,34.103479826692244,12.48391046400781,-11.065341078122179,2.667343274003943,16.88283502649726,35.834451536387704,6.616016019333258,-7.70794558134717,-8.957179914316718,6.510935618586539,1.0590785824892848,-2.063618856263456,-2.505167081057222,-5.645883700006454,2.6437619310607814,4.205837959002049,6.674586203946443,4.192042040035928,-1.0549152875952685,1.7591137798621654,-3.1491930612011623,4.836297558571026,-1.7119505153316454,4.637250177597437,6.726319439547693
sample_799,15.989114302186387,34.418419141533334,-24.46414056842805,-0.505701463118881,-2.3559530062359215,1.9139235746726675,-5.289598645538562,2.1157442337005605,1.8893030928664536,2.829012972229562,1.7218868919523584,2.246779644605672,0.45850994555950497,1.081392178800579,-2.1366111560399474,-1.9633192769893602,-4.029238071614303,0.46903106599858996,-0.8405837396265479,3.727026712378002,0.6268014240070904,1.006895843461687,2.0970680869400895,-0.5588544910572394,2.84940116203757,1.6577741323100081,-3.1514054672819074,-1.9105630120461252,-4.710735097573509
sample_800,15.163557782105078,19.39167838356472,-13.500433500035992,10.24833273375398,0.20433600905680777,2.831787414886765,5.774035797228739,16.587320287173924,2.118341536326479,1.2470633418634913,5.5731713505693445,6.967224789771438,-3.6909386136801934,1.4978440611632,3.472238637036604,5.692792853826992,6.653375885203701,1.844523301866126,4.084902147944339,-1.6959617733263037,-2.008072441536083,6.96771335368978,1.920235195407406,-0.2405795888343454,0.945540808883256,0.2751679643599961,-0.10764406602102261,-5.020823368226239,-1.8373378058295808
