sample_id,component_1,component_2
AAACATACAACCAC-1,-0.010740548670180698,-0.007955596447765374
AAACATTGAGCTAC-1,-0.013363060253285847,-0.01062431715661893
AAACATTGATCAGC-1,-0.015693224212733035,0.023055288276724192
AAACCGTGCTTCCG-1,0.04674258187737966,0.0014127183011249595
AAACCGTGTATGCG-1,0.013913304339102935,0.022576473110700775
AAACGCACTGGTAC-1,-0.02908026997423144,0.028146249645984195
AAACGCTGACCAGT-1,-0.022574537168416734,0.00020323057581518155
AAACGCTGGTTCTT-1,-0.011691276826069671,-0.008406485965293293
AAACGCTGTAGCCA-1,-0.017729437785993233,0.01084130113443527
AAACGCTGTTTCTG-1,0.04045751027267731,0.02427198520754769
AAACTTGAAAAACG-1,-0.0058292366747442585,-0.022950664977325255
AAACTTGATCCAGA-1,-0.022975702130327024,-0.009239285506104401
AAAGAGACGAGATA-1,-0.010496809954477708,-0.0022886024946819484
AAAGAGACGCGAGA-1,0.016330227852458436,0.013218090120349066
AAAGAGACGGACTT-1,-0.049774507031404874,0.04906106553405659
AAAGAGACGGCATT-1,-0.030881863506653836,0.0016127023495656964
AAAGATCTGGGCAA-1,0.04391941505849485,-0.0028144369839619783
AAAGCAGAAGCCAT-1,-0.005370964410846609,0.009947123149204026
AAAGCAGATATCGG-1,0.040678606455952886,-0.00838473376511414
AAAGCCTGTATGCG-1,-0.008315148252109314,-0.004212705498844391
AAAGGCCTGTCTAG-1,-0.00808880718617765,-0.0038107075876156597
AAAGTTTGATCACG-1,-0.01283406799825041,-0.01605157274075942
AAAGTTTGGGGTGA-1,-0.015068608975799942,-0.010164769678415887
AAAGTTTGTAGAGA-1,-0.017633484035732377,-0.007039533153081347
AAAGTTTGTAGCGT-1,0.04887588763069378,-0.001857034289368671
AAATCAACAATGCC-1,-0.010798590927172586,-0.019337848706928774
AAATCAACACCAGT-1,-0.021842593715186997,-0.012960338247037673
AAATCAACCAGGAG-1,-0.020943116918145026,-0.01034427926504405
AAATCAACCCTATT-1,0.023159533796735046,-0.010041815170669354
AAATCAACGGAAGC-1,-0.03183085857834865,0.016842382115660578
AAATCAACTCGCAA-1,-0.016558397942773136,0.0024615237530817326
AAATCATGACCACA-1,0.023506707023373003,0.014232849806926975
AAATCCCTCCACAA-1,-0.018279872331934868,0.007953050342202962
AAATCCCTGCTATG-1,-0.0059900491619948384,-0.0256151861075072
AAATGTTGAACGAA-1,0.0311181491244651,-0.004616394606481163
AAATGTTGCCACAA-1,-0.008586615840680163,0.01613579292625463
AAATGTTGTGGCAT-1,0.041815590323903945,0.0106472111562485
AAATTCGAAGGTTC-1,-0.031646595076736006,-0.0031203695740098475
AAATTCGAATCACG-1,0.05716785966981493,-0.01200348993724842
AAATTCGAGCTGAT-1,0.04584546238234516,0.012493432365752736
AAATTCGAGGAGTG-1,-0.02993893915815354,0.0062543899995994405
AAATTCGATTCTCA-1,-0.014744023693474655,0.011162272493667219
AAATTGACACGACT-1,-0.017465548211011383,0.0015846586564239751
AAATTGACTCGCTC-1,-0.013247815021168643,-0.0019018886722472947
AACAAACTCATTTC-1,-0.014302889189148252,-0.024707663298383534
AACAAACTTTCGTT-1,-0.02330740905483408,0.0013522652191512684
AACAATACGACGAG-1,-0.019228226258348382,0.006772955861294292
AACACGTGCAGAGG-1,-0.0049045419731212035,0.0037853416379490714
AACACGTGGAAAGT-1,-0.034312669799639886,0.01172998207882598
AACACGTGGAACCT-1,0.04262576608176709,0.005859780996774498
AACACGTGGCTACA-1,-0.017717653404912142,-0.01168415515536216
AACACGTGTACGAC-1,0.03387964384593606,0.02318552746452119
AACAGCACAAGAGT-1,0.0721154771009904,0.002113342758916813
AACATTGATGGGAG-1,0.039869453495837336,0.011886414393309046
AACCAGTGATACCG-1,0.04479592795308682,0.01477808033798391
AACCCAGATCGCTC-1,-0.019129462699326836,-0.004832318672188797
AACCGATGCTCCCA-1,-0.02073304267174954,0.005847733927344612
AACCGATGGTCATG-1,-0.01099637349063922,-0.022634164568063768
AACCGATGTTCTAC-1,0.04561866248784888,-0.011027549702997108
AACCGCCTAGCGTT-1,-0.00647648251317938,-0.008742113835440423
AACCGCCTCTACGA-1,0.03022062302450749,-0.00613213862232082
AACCTACTGTGAGG-1,0.05621476615465053,-0.00046908913550008924
AACCTACTGTGTTG-1,-0.0203706886032643,-0.006688947693753992
AACCTTACGAGACG-1,-0.028286943080502138,-0.0007494664014695493
AACCTTACGCGAGA-1,0.0015744177922961105,0.023521739566926658
AACCTTACTAACGC-1,0.05868017935449531,0.024110476509635985
AACCTTTGGACGGA-1,-0.02671806523416916,0.010879441599005203
AACCTTTGTACGCA-1,0.041744342579549454,0.007974731209809008
AACGCAACAAGTAG-1,-0.01221605691490026,-0.0014485998023733683
AACGCATGACCCAA-1,-0.006610108019930852,-0.015101572119004468
AACGCATGCCTTCG-1,-0.020006257530509327,-0.020608847238322507
AACGCATGTACTTC-1,-0.008043503981045232,-0.006206529643515269
AACGCCCTCGGGAA-1,-0.015989094716052737,0.0014025639069379986
AACGCCCTCGTACA-1,-0.007234303716114353,0.03990559535325032
AACGCCCTGCTTAG-1,-0.02822198642774189,0.009768809301628394
AACGCCCTGGCATT-1,-0.011398315320203689,0.026181148405921527
AACGTCGAGTATCG-1,-0.0020878957260818606,0.020756991503214244
AACGTGTGAAAGCA-1,-0.017408802557117704,-0.009154503758792822
AACGTGTGGCGGAA-1,-0.019455696363178895,-0.0037812485766348346
AACGTGTGTCCAAG-1,-0.015010375453145697,-0.005402121073175821
AACGTGTGTGCTTT-1,-0.003955855344939658,0.0041637191724324014
AACTACCTTAGAGA-1,-0.015963958810464803,-0.0031259762011833707
AACTCACTCAAGCT-1,0.0245226424745503,0.008000606670258243
AACTCACTTGGAGG-1,0.030410534308297498,-0.006509906836818935
AACTCGGAAAGTGA-1,-0.01312259657029595,0.010927841790186018
AACTCGGAAGGTCT-1,0.029593534472862257,0.008745907764856507
AACTCTTGCAGGAG-1,-0.01190487376220407,-0.005633383468897612
AACTGTCTCCCTTG-1,0.028493013104955875,-0.015943650909912458
AACTTGCTACGCTA-1,-0.008283893109863893,-0.005110850826160643
AACTTGCTGGGACA-1,-0.023280201695026797,0.009361526955098854
AAGAACGAGTGTTG-1,-0.010349215018408433,0.00033673344602154313
AAGAAGACGTAGGG-1,-0.012014849424982692,0.004432725801573296
AAGACAGAAGTCTG-1,-0.014546363570359992,0.00933447967860247
AAGACAGAGGATCT-1,-0.014344778440102412,-0.014415262714772696
AAGACAGATTACCT-1,0.037316651914383964,-0.0012511817150130129
AAGAGATGGGTAGG-1,-0.013164698375371254,0.0020767433655870457
AAGATGGAAAACAG-1,-0.01025662782647574,-0.004656307437389997
AAGATGGAGAACTC-1,0.03750269584359383,0.0028712412687032056
AAGATGGAGATAAG-1,0.03935284390626301,-0.004468912516179589
AAGATTACAACCTG-1,-0.03163675113071458,0.0012594519955280974
AAGATTACAGATCC-1,0.02931379633925292,-0.0061689508155394045
AAGATTACCCGTTC-1,0.04437208397674468,0.00047122258855569147
AAGATTACCGCCTT-1,0.01599471537516404,-0.010370424812616082
AAGATTACCTCAAG-1,0.0008476633428453981,0.023461881087570746
AAGATTACTCCTCG-1,0.045732691203266146,-0.0003974802241033864
AAGCAAGAGCGAGA-1,-0.017696875944277896,0.00566467394510858
AAGCAAGAGCTTAG-1,-0.027921484783178217,0.045225653367399296
AAGCAAGAGGTGTT-1,0.0023383772682491373,0.005652626560482821
AAGCACTGAGCAAA-1,-0.011402293195692609,-0.021449960890977733
AAGCACTGCATACG-1,-0.01973181639625286,-0.0058261114381991585
AAGCACTGGTTCTT-1,-0.01074246045502342,-0.02410401877038753
AAGCCAACGTGTTG-1,-0.01445288252743598,-0.015304311075276394
AAGCCATGAACTGC-1,0.01493899068459622,-0.006884705828794588
AAGCCATGACACGT-1,0.06034354799889162,-0.0021205619049684253
AAGCCATGCGTGAT-1,-0.013544950737985697,0.0016314213565949802
AAGCCATGTCTCGC-1,-0.012062929083162855,-0.0012575986357974168
AAGCCTGACATGCA-1,-0.023136624988479616,0.04664410391539564
AAGCCTGACCGAAT-1,0.05744431240992666,-0.0030758721519914523
AAGCGACTCCTCAC-1,0.04265728043828197,-0.0029432848937879378
AAGCGACTGTGTCA-1,-0.030567428690237996,-0.0023288810207377246
AAGCGACTTACAGC-1,-0.007212480733416085,-0.006582590568766839
AAGCGACTTTGACG-1,0.051217578990210885,0.018978802815455935
AAGCGTACGTCTTT-1,-0.028118223688336438,0.002275434978258605
AAGGCTTGCGAACT-1,-0.014837453750466151,0.01865593878714546
AAGGTCACGGTTAC-1,0.06553966475279235,0.005983023481345051
AAGGTCACTGTTTC-1,-0.010361438633852773,-0.01594011496937925
AAGGTCACTTCCCG-1,-0.007527080706623227,-0.013308242033839375
AAGGTCTGACAGTC-1,-0.0153762521788911,-0.010505489974631594
AAGGTCTGCAGATC-1,-0.024259094044998628,-0.011596588221463266
AAGGTCTGGTATGC-1,0.04926974839166573,0.00692719774730286
AAGTAACTCTGAAC-1,0.04866676891120866,-0.004128139972183774
AAGTAACTGAGATA-1,-0.024749760617179425,0.005115032194413401
AAGTAGGATACAGC-1,-0.0014659143167570186,0.02323723735692627
AAGTATACCGAACT-1,-0.017104474735816378,-0.01666285448834448
AAGTCCGACTTGTT-1,-0.02419490917698403,0.020212755213641187
AAGTCCGATAGAAG-1,-0.01483317737367271,-0.008273000810399661
AAGTCTCTAGTCGT-1,-0.0232354596521101,0.0006527496873561167
AAGTCTCTCGGAGA-1,-0.018016356112734822,0.016980410446722587
AAGTGGCTTGGAGG-1,-0.006265837434772655,-0.020560855471941163
AAGTTCCTCATTCT-1,0.04783785676380488,0.0048094057855726634
AAGTTCCTTCTTAC-1,-0.015765714403943674,-0.0036066902248209076
AATAAGCTCGAATC-1,-0.010908805733926882,-0.010160399018037447
AATAAGCTCGTTGA-1,-0.029359993469842378,0.003625292420881155
AATACCCTGGACGA-1,-0.006930362089374153,-0.008630916617834924
AATACCCTGGCATT-1,-0.022733659150812,-0.0005269268641415409
AATACTGAAAGGGC-1,-0.02059918918255185,0.029381155156225233
AATACTGAATTGGC-1,-0.012287602748868892,0.026095814180122807
AATAGGGAACCCTC-1,-0.010311925840617863,-0.018991158682493427
AATAGGGAGAATGA-1,-0.008914583778290686,0.010933591948808462
AATCAAACTATCGG-1,-0.012910415203556909,0.006367885781704429
AATCCGGAATGCTG-1,0.00342171568557954,0.0033580853578147347
AATCCTACCGGTAT-1,-0.018157414089562948,-0.01295825780240003
AATCCTTGACGGGA-1,0.03337636571240972,-0.013712102766796797
AATCCTTGGTGAGG-1,-0.011756667976434779,0.029867103887324956
AATCGGTGGAACTC-1,-0.005492579724421579,0.0035844721698569323
AATCGGTGTGCTTT-1,-0.02111053765440579,0.0035092324959926785
AATCTAGAAAAGTG-1,-0.011958722699535955,-0.007567897455446738
AATCTAGAATCGGT-1,-0.021263505244036713,-0.015266241039826585
AATCTCACAGCCTA-1,0.031789979118988836,-0.007737987776028671
AATCTCACTCTAGG-1,-0.0065934806553974885,-0.020235534423487994
AATCTCTGAACAGA-1,-0.02415014427532156,-0.011582403662410399
AATCTCTGCTTTAC-1,-0.024574551025312346,0.03574478491266571
AATGATACACCAAC-1,-0.012710788112402706,0.023103602383676026
AATGATACGGTCAT-1,0.02111110711755104,0.011313381514131911
AATGCGTGACACCA-1,-0.011722416657841277,-0.02527828032417449
AATGCGTGGACGGA-1,0.01348373086545912,-0.021196220994563506
AATGCGTGGCTATG-1,-0.004397170044172123,-0.010683264170413603
AATGGAGAATCGTG-1,0.03390429032620265,-0.0009988960788517099
AATGGAGATCCTTA-1,-0.012368613310320985,0.00960950008247342
AATGGCTGACACCA-1,-0.008886975914077524,-0.016766095893913903
AATGGCTGCGTGAT-1,-0.015552970443359838,0.006567470124940156
AATGGCTGTAAAGG-1,-0.01032355618796646,0.004082869851566246
AATGGCTGTACTCT-1,-0.01841341777280101,0.0321283272912185
AATGGCTGTGAAGA-1,-0.019658967529231745,-0.0027566014778098356
AATGTAACGGTGGA-1,-0.017835855995990153,-0.01411900909825231
AATGTAACGTTTGG-1,-0.022420458247222847,0.02051228111456743
AATGTCCTCTTCTA-1,-0.011773609159087917,-0.01990158644810435
AATGTTGACAGTCA-1,-0.009062680382093968,-0.01523328348568731
AATGTTGAGTTGAC-1,0.05995340375850283,0.003285611260988603
AATGTTGATCTACT-1,-0.008987474688709439,0.006224717232288355
AATTACGAATTCCT-1,0.01845876697567903,-0.015010890146333052
AATTACGACTTCTA-1,-0.019303392431996424,-0.01705583839679655
AATTACGAGTAGCT-1,-0.004483193973101322,0.006557708974748744
AATTACGAGTGAGG-1,-0.008048908260460716,-0.0174877532411326
AATTACGATTGGCA-1,-0.004931730130031942,-0.016933480955008486
AATTCCTGCTCAGA-1,-0.009798146590887027,-0.0014318658293716972
AATTGATGTCGCAA-1,0.04244625610827092,0.013408213561789374
AATTGTGACTTGGA-1,-0.012056964517842654,-0.0179652297719767
ACAAAGGAGGGTGA-1,-0.03552230203068239,0.0007439192421524318
ACAAATTGATTCTC-1,0.037978541398523885,0.008670670778842007
ACAAATTGCTCAGA-1,0.06177682448661265,0.010002164724494524
ACAAATTGTTGCGA-1,-0.00014415289969925069,0.01805513620583119
ACAACCGAGGGATG-1,-0.00016662503756290428,3.6951361750127594e-05
ACAACCGAGTTACG-1,-0.010483935809409359,-0.011967121193841761
ACAAGAGAAGTCGT-1,0.03943917299740572,0.002291839744293836
ACAAGAGACTTATC-1,-0.07697467865565483,0.08475023285391153
ACAAGAGAGTTGAC-1,-0.010320782117441894,-0.009476345035123308
ACAATCCTAACCGT-1,-0.00768285439945527,-0.006559382141177371
ACAATCCTTAGCGT-1,-0.008830684314372034,-0.011257432563179046
ACAATTGACTGACA-1,-0.028151026536874315,0.021075409395847244
ACAATTGATGACTG-1,-0.0103782213167391,0.029982979044094873
ACACAGACACCTGA-1,0.057572864452715755,0.02529655454593224
ACACAGACCATACG-1,-0.00840507546022921,0.010737485183600359
ACACCAGAGGGCAA-1,-0.027781920745295955,0.026848972986645632
ACACCCTGGTGTTG-1,-0.009104000116665574,0.0307914550974824
ACACGAACAGTTCG-1,-0.009812439760744751,0.004084826774685418
ACACGATGACGCAT-1,-0.012100584764488831,0.030184614127208964
ACACGATGATGTGC-1,0.03563790085690059,-0.0064011765076940706
ACACGATGTCGTAG-1,-0.012114886055845518,0.005227790070040848
ACACGATGTGGTCA-1,-0.006449645263873528,-0.0015201782285594184
ACAGACACGGCATT-1,-0.01800398026215504,0.019230287377660582
ACAGACACGTTGTG-1,-0.01953675316108391,0.016937739839857417
ACAGCAACACCTAG-1,0.05069412550463531,0.00566964363759445
ACAGCAACCTCAAG-1,0.04039807200770265,0.01685129449881805
ACAGGTACCCCACT-1,-0.021258172039745078,-0.012196035055987355
ACAGGTACGCTGTA-1,-0.010394719145056006,-0.00039341376070326384
ACAGGTACTGGTGT-1,0.0011988027699381208,0.02224486476778772
ACAGTCGACCCAAA-1,-0.01070229563544017,0.0011075351054349583
ACAGTCGACCGATA-1,-0.008128122858848251,0.01660751673201719
ACAGTGACTCACCC-1,-0.00761612335486966,-0.010248041543613057
ACAGTGACTCTATC-1,-0.007885525578125028,0.002749786258198675
ACAGTGTGGTCACA-1,-0.01767468317918861,-0.01682547661736361
ACAGTGTGTTGCGA-1,0.051462492007426905,-0.0057113022412172195
ACATCACTCTACTT-1,0.03789158257979267,-0.005470623241925406
ACATGGTGAAGCCT-1,-0.017651079069021035,-0.004473877715779142
ACATGGTGCAACCA-1,-0.007309377327532174,-0.02122914587019675
ACATGGTGCGAGTT-1,-0.0208531855350795,-0.0030534420996940464
ACATGGTGCGTTGA-1,-0.01591471623605094,0.011209981527937087
ACATTCTGGCATAC-1,-0.013867578156303958,-0.008111827647192042
ACATTCTGGGAACG-1,0.01969779486743306,-0.01714083230695295
ACCAACGACATGCA-1,-0.021495866749264358,-0.014564111095924627
ACCACAGAAAGTAG-1,-0.017884554580138035,-0.007783673323024874
ACCACAGAGTTGGT-1,-0.016773748979878243,-0.010927593564908935
ACCACCTGTGTGCA-1,-0.01325269117554332,-0.01029503984945054
ACCACGCTACAGCT-1,-0.025948838733543925,0.00020478173090021558
ACCACGCTACCCAA-1,-0.01569260931979136,0.017086952652403155
ACCACGCTGCGAGA-1,-0.015245256395745237,0.004464909742290005
ACCACGCTGCTGTA-1,-0.015929787998642007,0.003973945948505213
ACCAGCCTGACAGG-1,-0.0077727838727791945,-0.002029579302190603
ACCAGTGAACGGTT-1,-0.011837972151189789,-0.009884012207590167
ACCAGTGAATACCG-1,0.04966114406935297,0.0009865909955631526
ACCAGTGAGGGATG-1,-0.023877811257730395,-0.005630215333224888
ACCAGTGATGACTG-1,0.05073181376938622,0.0038715818015057305
ACCATTACCTTCTA-1,-0.014409393035232882,-0.01828372091450608
ACCATTACGAGATA-1,-0.007859212580417916,0.023218480374753037
ACCATTTGTCATTC-1,-0.009742914971561496,-0.006607159184954413
ACCCAAGAACTGTG-1,-0.013835659639860217,0.022497818710054407
ACCCAAGAATTCCT-1,0.04826035807683471,0.0061043879214950705
ACCCAAGAGGACAG-1,-0.014265711906450203,-0.007708665038176075
ACCCAAGATTCACT-1,-0.010974823885777578,-0.01530004503943978
ACCCACTGCGCCTT-1,0.046139839042269676,0.0027339610496540066
ACCCACTGGACAGG-1,-0.02984027628484141,0.008225147947131748
ACCCACTGGTTCAG-1,0.026382527101998572,0.006542577237706956
ACCCACTGTCGTAG-1,0.034639840874493705,-0.003944518118714353
ACCCAGCTCAGAAA-1,-0.008752789256548276,-0.01426819117403057
ACCCAGCTGTTAGC-1,0.02338127335133238,-0.015659696757921886
ACCCAGCTTGCTTT-1,-0.0133101592678481,-0.01761199304214965
ACCCGTTGATGACC-1,-0.009594027530688897,-0.013675054204619291
ACCCGTTGCTGCAA-1,-0.020448775236827105,-0.006325706729831983
ACCCGTTGCTTCTA-1,-0.005217596678325789,-0.014866039643464108
ACCCTCGACCTATT-1,-0.010052384934381684,0.007247199541650713
ACCCTCGACGGTAT-1,-0.011883068392588843,-0.016549312048245446
ACCCTCGATAAGGA-1,0.034029450076977344,-0.004365247328461601
ACCCTCGATCAAGC-1,0.05149795362770171,0.021618741419519916
ACCGTGCTACCAGT-1,-0.014045986451692475,0.02381444232461072
ACCGTGCTGGAACG-1,-0.009437352525679742,-0.0020276075926727896
ACCTATTGCTGAGT-1,-0.017754087199569984,0.019661439335629007
ACCTATTGTGCCCT-1,0.039916617671080235,0.006107561041362333
ACCTCCGAGTCCTC-1,-0.00481060065459411,-0.01652145016493959
ACCTCCGATATGCG-1,-0.006012389546063271,-0.006001149111651163
ACCTCCGATGCTGA-1,-0.02764555025857716,0.0024505394735051715
ACCTCGTGAACCAC-1,-0.022441685848276754,0.02700027981785872
ACCTGAGATATCGG-1,0.028441238899162377,-0.007229323530319605
ACCTGGCTAAGTAG-1,-0.005110889197792259,0.04211344046935146
ACCTGGCTGTCTTT-1,0.03296130749088626,0.00493281609513814
ACCTTTGACTCCCA-1,0.04312650324368352,-0.002057339550932363
ACCTTTGAGGAACG-1,0.031235087420200328,-0.003899839935173235
ACCTTTGAGGAAGC-1,0.04007187637065971,-0.004195418142219081
ACGAACACCTTGTT-1,0.005246795751110827,0.027057233982512904
ACGAACTGGCTATG-1,0.03613363968648558,0.008677605841999073
ACGAAGCTCTCCAC-1,-0.014075343010518302,-0.015199559500034624
ACGAAGCTCTGAGT-1,-0.0006532800068174971,-0.010608107665110071
ACGACCCTATCTCT-1,0.029201980877233462,-0.005426806558066804
ACGACCCTGATGAA-1,-0.01513967510200288,-0.007958540337546713
ACGACCCTTGACAC-1,-0.016371885457612877,-0.019233954369425342
ACGACCCTTGACCA-1,-0.020383267962492704,-0.016230286122215963
ACGAGGGACAGGAG-1,0.018568928075382872,-0.0030586278833198335
ACGAGGGACGAACT-1,-0.022550248631744967,-0.005543769936673249
ACGAGGGATGTAGC-1,-0.015729440926689455,-0.005580086273711535
ACGAGTACCCTAAG-1,0.0007149788202035125,-0.015009282767537522
ACGAGTACGAATCC-1,-0.011006628679636282,-0.010908743678017595
ACGATCGAGGACTT-1,-0.016063844795728813,0.004275954422027647
ACGATCGAGTCACA-1,0.04057563020154231,-0.009555671324741031
ACGATGACAATGCC-1,-0.011753146932401592,0.01171448889497331
ACGATGACTGGTCA-1,-0.009958343964636237,-0.01124773229082288
ACGATTCTACGGGA-1,-0.02342275556825189,0.038885848629379924
ACGCAATGGTTCAG-1,-0.015081853669071252,0.027037494630429038
ACGCACCTGTTAGC-1,-0.009143541854483635,-0.018332022600714648
ACGCCACTGAACTC-1,0.04196301766307013,-0.004532921559500162
ACGCCGGAAACCAC-1,0.03518081468592198,-0.015123060042730941
ACGCCGGAAAGCCT-1,-0.022085980455408164,-0.0004354214255410972
ACGCCGGAAATGCC-1,-0.013243099961226346,0.0039553079314015045
ACGCCTTGCTCCCA-1,0.029918107950301007,0.01448999334151051
ACGCGGTGGCGAGA-1,-0.0140955863468403,-0.0037583860108238894
ACGCGGTGTGTGGT-1,-0.018098249003934013,-0.0017081685908103689
ACGCGGTGTTTGCT-1,-0.006076133891500371,0.025154198040483768
ACGCTCACAGTACC-1,-0.017954488120804645,-0.01441475574127762
ACGCTCACCCTTGC-1,-0.015274825193164244,-0.014514824454856945
ACGCTGCTGTTCTT-1,0.013463275982809306,0.02106577756148869
ACGGAACTCAGATC-1,-0.004042677563554278,0.027692765520717602
ACGGAACTGTCGTA-1,0.07799137980105164,0.021731124277941122
ACGGAGGACTCTTA-1,0.05423844938076568,0.00543712094029802
ACGGATTGGGAGGT-1,-0.007345080903797586,-0.0174768552866457
ACGGATTGGTTAGC-1,-0.005299252687168708,-0.019971758659772507
ACGGCTCTGAGCAG-1,-0.005940080087905853,0.003598994075866984
ACGGCTCTTGCACA-1,-0.016906114715983408,-0.004737843236677419
ACGGTAACCGCTAA-1,-0.008569116875994463,0.02193227611334306
ACGGTAACCTTCGC-1,-0.01805235111877689,0.019618724370190212
ACGGTAACGGTGGA-1,-0.05085517391209776,0.056009434891375644
ACGGTAACTCGCAA-1,-0.0224132784589294,0.004467937408281124
ACGGTATGAGTCGT-1,0.04491836266642628,-0.003371494663119799
ACGGTATGGGTATC-1,-0.011678855663557367,-0.015374877914040689
ACGGTATGGTTGTG-1,-0.015747649074103687,-0.02157304466730558
ACGGTCCTAACGGG-1,-0.0073660629304730385,0.011964831375206278
ACGGTCCTCGGGAA-1,-0.014827003698757925,-0.007542380385231074
ACGTAGACAACCAC-1,-0.004626836740192958,-0.004609176561589883
ACGTAGACTACAGC-1,-0.011602733806445071,-0.008717447140424576
ACGTCAGAAACGAA-1,-0.013615556508177772,0.001580660225560756
ACGTCAGAGAGCTT-1,0.05564796618420856,0.0023628071372168036
ACGTCAGAGGGATG-1,-0.007911960774242801,-0.002894345192429432
ACGTCCTGATAAGG-1,0.031535090770911135,-0.01784876376140243
ACGTCCTGTGAACC-1,0.042658091715282606,0.009930287885416585
ACGTCGCTCCTGAA-1,0.007211164562300802,0.011331310585279936
ACGTCGCTCTATTC-1,0.015727631977621698,-0.017806024480244265
ACGTCGCTTCTCAT-1,-0.01377610058190944,-0.021828041895547715
ACGTGATGCCATGA-1,0.024772431607738423,-0.016840117421249926
ACGTGATGGGTCTA-1,-0.02282704683471856,-0.010632760398106848
ACGTGATGTAACCG-1,0.042452633119869104,0.0023747590183922857
ACGTGATGTGACAC-1,-0.0065481046819146245,0.016399105607643048
ACGTGCCTCCGTAA-1,-0.011370105386455484,0.010138124832890956
ACGTGCCTTCTATC-1,-0.011960411972755658,0.02099867854267635
ACGTTACTTTCCAT-1,-0.007529931192780795,-0.013134188983132901
ACGTTGGAAAAGCA-1,-0.02250387827480845,-0.004476177208700348
ACGTTGGAAACCTG-1,-0.009726814907877274,0.01200164181296776
ACGTTGGACCGTAA-1,0.048258934567177336,-0.003699296354840431
ACGTTGGAGCCAAT-1,-0.012147326379250482,0.034056769511654844
ACGTTGGATATGGC-1,-0.017372225190395083,-0.008344284281882657
ACGTTGGATCAGGT-1,0.03749225446775957,-0.002773742262325984
ACGTTTACATCAGC-1,-0.027502258348312696,-0.009615947164025529
ACTAAAACCCACAA-1,-0.013393599175129039,0.01410738469514396
ACTAAAACTCGACA-1,0.045919910497620245,-0.010320730812943033
ACTACGGAATTTCC-1,-0.01630814999591895,0.0021977518092880736
ACTACGGACCTATT-1,-0.014658961969586576,-0.00887458713595158
ACTACGGATCGCTC-1,-0.012886772197889897,0.00235314945114869
ACTACTACTAAGGA-1,-0.013346578128505097,-0.01862258476116873
ACTAGGTGGAACCT-1,-0.010595527821175784,0.009594301538165541
ACTAGGTGGAACTC-1,-0.01439319925099818,-0.014841512321442865
ACTATCACCTTGGA-1,-0.007450396917032691,0.01497878100535473
ACTATCACTGCCAA-1,-0.019551840248834263,-0.003218412618139171
ACTCAGGACTGAAC-1,-0.013266246542064285,-0.010093182464276589
ACTCAGGATCTATC-1,-0.0026331015102057653,-0.010324171811564422
ACTCAGGATTCGTT-1,0.038896302015956674,-0.009877546006313728
ACTCCTCTCAACTG-1,-0.00024262259089515015,-0.009266626923377343
ACTCGCACGAAAGT-1,0.038115040201172984,-0.004392066303775189
ACTCGCACTACGAC-1,0.04205073103733373,-0.007696171799922716
ACTCTCCTGACACT-1,-0.026946528374144015,0.01103457196367744
ACTCTCCTGCATAC-1,-0.012203451912707282,-0.017915441611033242
ACTCTCCTGTTTGG-1,-0.011327060351875338,-0.008478341199239084
ACTGAGACAACCAC-1,-0.0146139259667169,0.00815640913072937
ACTGAGACCCATAG-1,0.05527462762033296,0.00576443710626828
ACTGAGACGTTGGT-1,-0.010925625944809385,-0.0275129994393947
ACTGCCACACACGT-1,-0.019292699138599784,0.026539500271456393
ACTGCCACTCCGTC-1,-0.00489804008268941,0.02647831072836447
ACTGGCCTTCAGTG-1,-0.0022751843640084687,0.02258911267501526
ACTGTGGACGTGTA-1,-0.005314700171448583,0.0024025112137267164
ACTGTGGATCTAGG-1,-0.010632509753768636,-0.014161936784652064
ACTGTTACCCACAA-1,0.04246113805541654,-0.0036027576566471367
ACTGTTACTGCAGT-1,-0.029644124660945157,0.002879438459927955
ACTTAAGAACCACA-1,-0.027505729252771723,-0.000755692879018814
ACTTAAGACCACAA-1,-0.01622319074695842,-0.0018611617267714907
ACTTAAGATTACTC-1,0.01593596853207155,-0.017521464859062467
ACTTAGCTGCGTAT-1,0.029367968830014104,0.017142687035820448
ACTTAGCTGGGAGT-1,-0.003986633013984376,0.00026290224674156443
ACTTCAACAAGCAA-1,0.0068812350196055805,-0.00683557769826234
ACTTCAACGTAGGG-1,-0.0031033152846551802,0.02522240568123991
ACTTCCCTTTCCGC-1,-0.017072131218370905,-0.012966665695318173
ACTTCTGACATGCA-1,-0.011624932058020152,-0.013044878538248634
ACTTGACTCCACAA-1,-0.00978528897977769,-0.006539083722960435
ACTTGGGAGAAAGT-1,0.029549691583755255,-0.009744789043881687
ACTTGGGAGGTTTG-1,-0.009315720489821624,0.005326062680870974
ACTTGGGATGTGAC-1,0.05539382985126666,0.009590147439003967
ACTTGGGATTGACG-1,0.03672538893689445,-0.008496327730942846
ACTTGTACCCGAAT-1,-0.01515288214492742,0.0017526586767387786
ACTTGTACCTGTCC-1,-0.015443773539957486,-0.011503176044124527
ACTTTGTGCGATAC-1,-0.03771789411034601,0.021628149463524815
ACTTTGTGGAAAGT-1,-0.017077160605779077,-0.009637315685545333
ACTTTGTGGATAGA-1,0.03025746148464807,-0.005902915986867589
AGAAACGAAAGTAG-1,-0.00869777901476889,-0.02299802785641948
AGAAAGTGCGCAAT-1,-0.016717581891504647,-0.020828272562366933
AGAAAGTGGGGATG-1,0.028637215491984305,-0.011862013876634716
AGAACAGAAATGCC-1,-0.0011989587505669107,0.014214518749660867
AGAACAGACGACTA-1,-0.01246037211970841,0.007129978823482173
AGAACAGAGACAAA-1,-0.0202430010568132,0.010966529456193107
AGAACGCTTTGCTT-1,-0.032296621659928845,0.004825618531533684
AGAAGATGTGACTG-1,-0.009402184231188895,-0.007298155706796897
AGAATGGAAGAAGT-1,-0.010545958459155836,0.001256052706523945
AGAATTTGTAACCG-1,-0.015949994560956814,-0.011409232760370619
AGAATTTGTAGAGA-1,-0.0444974970930872,0.024410464378520354
AGACACACTGTAGC-1,-0.022470374932203743,0.004918392691712608
AGACACTGTCAAGC-1,0.051821519912869485,-0.0033828408038452593
AGACCTGAAGTAGA-1,0.037563756843979654,-0.006598372183576064
AGACCTGACCAACA-1,-0.008431967322457316,-0.004459179722877208
AGACCTGAGGAAGC-1,-0.009354928314298096,-0.0014182169203305387
AGACGTACAGAGGC-1,-0.010679990752422045,0.0012584884917741764
AGACGTACCCCTAC-1,-0.008958982706463725,-0.011737341347244079
AGACGTACCTCTTA-1,0.025744026951211134,-0.01856040771912376
AGACGTACTCGTGA-1,0.05388489749218027,0.009088563862747704
AGACTGACCATCAG-1,-0.013808889307031561,-0.0018538431249719412
AGACTGACCCTTTA-1,-0.014537982565318849,-0.017304938783899722
AGACTTCTCATGCA-1,-0.009255751783468685,-0.015124427045347217
AGAGATGACAGTCA-1,-0.015520369665967797,-0.0039041262171944204
AGAGATGACTGAAC-1,-0.03184394948247818,0.013698574437478
AGAGATGAGGTTTG-1,0.05490524846450143,0.003944599716000403
AGAGATGATCTCGC-1,-0.006576147043327006,-0.020172559026369916
AGAGATGATTGTGG-1,-0.015128093663909544,0.0017221312681893666
AGAGCGGAGGCAAG-1,0.061975068809650743,0.005064720736989983
AGAGGTCTACAGCT-1,0.008905287818147548,-0.007301947765763125
AGAGTCTGGTCGTA-1,0.028195910816673074,0.015720155690332645
AGAGTGCTCAGCTA-1,-0.016039610178773093,0.009046364312829963
AGAGTGCTCGAATC-1,-0.01690987937213893,-0.010572188082558071
AGAGTGCTGTCATG-1,-0.012076415855845225,-0.019517765626813184
AGAGTGCTGTCCTC-1,-0.01206284720638946,-0.002497477036320746
AGAGTGCTGTGTTG-1,-0.0033009469166913642,0.004241817134119039
AGATATACCCGTAA-1,-0.0015983957475663134,0.022641851701992385
AGATATACGATGAA-1,-0.02278560171926052,0.0004270973499797834
AGATATACTGTTCT-1,-0.016767182890291204,-0.010446150879074308
AGATATTGCCTACC-1,-0.011997622826618943,0.002011074448008446
AGATATTGGCCAAT-1,0.0390461602464275,-0.004898899806877846
AGATCGTGTCTGGA-1,0.04484149668634939,-0.010091705038281634
AGATCGTGTTTGTC-1,-0.004276059445146838,-0.01883792020693082
AGATCTCTATCACG-1,-0.003350846296239312,-0.015676957402935728
AGATTAACGTTCTT-1,0.04913913483270531,0.016109580703911542
AGATTCCTATCGTG-1,-0.026599922446444938,0.017687934108621742
AGATTCCTCACTTT-1,0.03828744199300936,-0.013894061384640985
AGATTCCTGACGAG-1,0.04219157199593741,-0.004663702641010408
AGATTCCTGTTCAG-1,0.0027932749117390108,0.01795927669093889
AGCAAAGATATGCG-1,-0.018494484346547515,0.004936040825520795
AGCACAACAGTCTG-1,-0.023155668210312733,-0.016427202688894235
AGCACTGAGGGAGT-1,-0.022637332070706177,-0.0020531963374848202
AGCACTGATATGCG-1,-0.007716381841666346,0.0030287788009480277
AGCACTGATGCTTT-1,0.018098437739947636,-0.010910522564169634
AGCACTGATTGCGA-1,-0.019204198423840333,-0.00996343311978272
AGCATCGAAGATCC-1,-0.00592630541095138,0.0046276811295584055
AGCATCGAAGGGTG-1,-0.016151330028466446,-0.014026459211413152
AGCATCGAGCTTCC-1,0.035325896100801196,0.004515929755928587
AGCATCGAGTGAGG-1,-0.008806436679309578,-0.01235215729043257
AGCATCGATAACCG-1,0.04394536277327541,-0.0020595487567253933
AGCATGACGATGAA-1,-0.03360349137560749,0.035548721893359746
AGCCAATGGGGAGT-1,0.03060290237612373,0.017843872060192997
AGCCAATGTATCTC-1,-0.01525589269517209,-0.017733700030293023
AGCCACCTGGATCT-1,-0.011992053017799733,0.004568749743004532
AGCCGGTGCCAATG-1,-0.005774506949540216,-0.0196950755744593
AGCCGGTGTGTTTC-1,-0.010869138431630114,-0.013978758155868064
AGCCGTCTCAATCG-1,-0.023749201000105493,-0.0023911055924802464
AGCCGTCTGAGAGC-1,-0.016855520584664285,-0.014614567770641775
AGCCTCACGTTCGA-1,-0.01228541216589963,-0.009234948891535751
AGCCTCACTGTCAG-1,0.05240652302395701,0.003991281255139048
AGCCTCTGCAGTTG-1,-0.017713366332843167,-0.010618254045347976
AGCCTCTGCCAATG-1,-0.0006841828604340489,-0.0002595532965477543
AGCGAACTGGATCT-1,-0.01805969541617557,-0.01353011737383346
AGCGAACTTACTGG-1,-0.010819141272561915,-0.0016735677966242123
AGCGATACGGAGCA-1,-0.021188820854535526,-0.009605269501244386
AGCGATTGAGATCC-1,-0.0057394708903743055,0.028233089701035975
AGCGCCGAATCTCT-1,-0.012585921120482069,-0.02253197437880106
AGCGCCGACAGAGG-1,-0.016263534856747402,0.024885382985387942
AGCGCTCTACCTTT-1,-0.010228034906282518,0.004568392725141413
AGCGGCACCGGGAA-1,-0.02436939651255861,-0.007872024847697721
AGCGGCTGATGTGC-1,-0.007483316575811558,-0.011244540778711783
AGCGGGCTTGCCAA-1,-0.011125007562761993,-0.010981665043627253
AGCGTAACATGCTG-1,-0.004460524723446824,-0.0010225117386365975
AGCGTAACTGAGAA-1,0.0358456173092979,-0.0016209658416686547
AGCTCGCTACTGGT-1,-0.021793082232484513,-0.010536736337730314
AGCTCGCTCTGCTC-1,-0.016953518885659814,-0.013129733753621906
AGCTGAACCATACG-1,0.04344540120605657,0.011169915910606298
AGCTGAACCTCTCG-1,-0.017206786162424142,-0.01131890294064764
AGCTGCCTTGGGAG-1,0.08504707916904586,0.02790240948167564
AGCTGCCTTTCATC-1,0.001203761672502239,-0.011791623442981652
AGCTGCCTTTCTGT-1,-0.007487436188058558,-0.003679864901767433
AGCTGTGATCCAAG-1,-0.00943251226654128,-0.0027337908777075154
AGCTTTACAAGTAG-1,-0.03142973172167411,0.010588368835953255
AGCTTTACACCAAC-1,-0.009569135431716,-0.0012131487758566123
AGCTTTACTCTCAT-1,-0.012817092929096559,-0.02317258008627576
AGGAAATGAGGAGC-1,-0.013054051341958244,0.012261585766678077
AGGAACCTCTTAGG-1,0.041443748988846216,0.009962705042408034
AGGAACCTTGCCTC-1,-0.007486667141963822,0.012780789001354098
AGGAATGATAACGC-1,-0.016462932979973432,0.00808254422097542
AGGAATGATTTGTC-1,-0.016392797971273496,-0.00625536817258467
AGGAGTCTGGTTTG-1,-0.0179921821097322,-0.006320392317981458
AGGAGTCTTGTCAG-1,-0.019593905629452072,-0.0038949408261781965
AGGATAGACATTTC-1,-0.009146470208689424,-0.027784507165949244
AGGATAGAGGATTC-1,-0.024090177824163204,0.025322007821091237
AGGATGCTACTAGC-1,-0.017299507509662183,-0.002634692958013879
AGGATGCTTTAGGC-1,-0.004899149548194193,0.033354191126231794
AGGCAACTGAAGGC-1,-0.021404965047308,-0.0038174677036697563
AGGCAGGAGTACCA-1,-0.01418120855129203,0.009680223077786166
AGGCCTCTAGTCGT-1,-0.023494074363654315,0.0063170051042008395
AGGCCTCTCGGAGA-1,-0.01869706970759945,-0.006526076747030955
AGGCCTCTCGTAAC-1,-0.019223562920533895,-0.01681322721828304
AGGGACGACGTTGA-1,-0.0167350380572819,-0.012529262946484149
AGGGACGAGTCAAC-1,-0.0043508620168222455,0.013609281634714077
AGGGACGAGTTGTG-1,-0.01902853947819678,-0.01961199949083419
AGGGACGATAGAGA-1,-0.014334360221268952,0.0025490206452561115
AGGGACGATGCATG-1,-0.011237829526334241,0.007582533357343562
AGGGAGTGAGCCTA-1,-0.003080979250860625,-0.003865755594076133
AGGGCCACCATACG-1,-0.023586039621761232,0.0029453668998012193
AGGGCGCTAACCAC-1,0.025873021195991983,-0.011563810158719772
AGGGCGCTATGGTC-1,-0.011025232389290006,0.02365688538001493
AGGGTGGACAGTCA-1,-0.011230723319438907,-0.009382911290396919
AGGGTGGACTCAAG-1,0.05021731993472915,-8.438068305127028e-05
AGGGTGGAGTTGCA-1,-0.029706576339226114,0.028534460728718618
AGGGTTTGTTCATC-1,0.03504457104255879,0.0024235667193829684
AGGTCATGAGTGTC-1,-0.002132389849742452,-0.011569818948192891
AGGTCATGCTTATC-1,-0.016580320124726818,0.0070298331123752
AGGTCTGATTCTCA-1,0.04057309311366797,0.005233191533234769
AGGTGGGAAGAATG-1,-0.027167725820610288,0.004496990570830998
AGGTGGGAAGTTCG-1,-0.02609545463632212,-0.0065307021246083915
AGGTGTTGGTTACG-1,-0.015311765849798206,-0.006372317625523729
AGGTTCGAACCTCC-1,0.0605169124960233,-0.00677189026687347
AGGTTCGAACGTAC-1,0.047848778394870534,-0.006996781497469729
AGGTTCGAGGGTGA-1,-0.020090609013676933,-0.019647668772192095
AGTAAGGAGTTTGG-1,-0.015320860625579389,0.012271893884130188
AGTAAGGATTCTTG-1,-0.010533117339941014,-0.018624983792685262
AGTAATACATCACG-1,-0.008126992881112911,0.0034098920318034014
AGTAATACCGAACT-1,-0.008757625677152808,-0.017508116716266744
AGTAATTGTCCCAC-1,-0.012599458122042547,0.002883738578089599
AGTACGTGAGGGTG-1,-0.020424823950421177,-0.006960067091643391
AGTACGTGCTGCAA-1,-0.016181396534257115,-0.0022201543854981176
AGTACGTGCTTGGA-1,-0.012181382959989367,-0.023560173495686416
AGTACTCTACGTGT-1,-0.007757169098208033,-0.01397308444875373
AGTACTCTCAACCA-1,-0.009704487583145318,0.01805585170682655
AGTACTCTCGGTAT-1,-0.00742933365397239,0.009105483302766709
AGTAGGCTTGCCTC-1,0.055290440763785184,0.004054733806086246
AGTATAACTTGTCT-1,0.035839707081594646,0.009530456551375079
AGTATCCTAGAACA-1,-0.02396860672881713,-0.006439461422418943
AGTCACGATGAGCT-1,-0.004039633520493403,0.0005980572737862505
AGTCAGACGAATAG-1,-0.008218732724407676,-0.00967124388197519
AGTCAGACGCTTAG-1,-0.010993665282148828,-0.006792776818802502
AGTCAGACTAGAGA-1,-0.005831395484013686,-0.005542784854705545
AGTCAGACTGCACA-1,-0.01942677844798522,0.0001413390093755046
AGTCCAGATATCTC-1,-0.019922220575355015,-0.012539414981579663
AGTCCAGATTTCAC-1,-0.017377868171463053,0.00529738351025563
AGTCGAACCAACCA-1,-0.020175242459155415,-0.006145277855518555
AGTCGCCTCCGTAA-1,-0.01648003965212348,0.0014778146911397054
AGTCTACTAGGGTG-1,0.043096891120995504,-0.012843246820069145
AGTCTACTTGCATG-1,0.03923972888765195,0.002069540846799515
AGTCTTACACCACA-1,-0.01923770963577646,-0.011137907587608454
AGTCTTACTTCGCC-1,-0.008517356645284534,0.0028708446204450365
AGTCTTACTTCGGA-1,0.03815496668877574,0.027136649920924162
AGTGACTGCAACTG-1,0.046355811612281556,0.005340533086986591
AGTGTTCTAACCTG-1,-0.00806463718424234,-0.016831073414980482
AGTGTTCTATAAGG-1,-0.02837182066928939,0.01761022795517978
AGTGTTCTCACTTT-1,0.0412223934908269,-0.017495022246076186
AGTTAAACCACTTT-1,-0.015199601662779793,-0.0104687367376381
AGTTATGAACAGTC-1,0.04752833603955624,-0.010534952281002652
AGTTATGACTGAGT-1,-0.001542457225799123,0.009117416483717954
AGTTATGAGTTCAG-1,-0.01104346851376867,-0.010650213414061114
AGTTCTACCAGCTA-1,0.0371584019911262,0.007300758712811339
AGTTCTTGAAGCCT-1,-0.01056207955383794,0.013223919657255615
AGTTGTCTACTACG-1,-0.017905942714085573,-0.022589524899242056
AGTTTAGATGGTCA-1,-0.027951103506754654,0.030707527007046445
AGTTTCACGGTCTA-1,0.0017236048603682125,0.014504575120049396
AGTTTGCTACAGTC-1,-0.027416477922412964,-0.00301803281283464
AGTTTGCTACTGGT-1,-0.008094910537277941,0.0013761935248259019
AGTTTGCTCCAAGT-1,-0.011141048523724238,-0.006195750931334381
ATAAACACAGTGCT-1,-0.0022865056860423456,-0.0033234755894917846
ATAAACACCACCAA-1,-0.021935391042493594,0.0023487462473223064
ATAACAACATGCTG-1,0.04052299945910591,0.00495637219201691
ATAACAACGTCTAG-1,-0.011971585918886293,-0.005586717679857697
ATAACAACTTTGTC-1,-0.00992890844556904,-0.002676562735557792
ATAACATGTACTCT-1,-0.007545071353178053,0.0006125162761213988
ATAACCCTGTTGGT-1,-0.022635241120907503,0.004711249279970485
ATAACCCTTGGTAC-1,-0.009687844652714293,-0.009663207302361795
ATAAGTACGAATGA-1,-0.0184625809273737,-0.006195665205441274
ATAAGTTGGTACGT-1,0.04728815305008339,0.019433036234207772
ATAAGTTGTCTAGG-1,-0.010959833753323035,-0.00911605242099827
ATAATCGAGCTGAT-1,-0.011271529588568665,-0.014539420272364562
ATAATCGATGGTTG-1,-0.01873209788430673,-0.013426873690026687
ATAATGACCTACTT-1,-0.02001884898058436,0.007445187695759232
ATAATGACTCGTGA-1,0.038394803082355884,0.00778627142894389
ATACAATGTTAGGC-1,-0.01789652364845003,0.01060556243824982
ATACCACTCGTACA-1,0.030635794668930662,-0.016365869205330223
ATACCACTCTAAGC-1,0.014942797877443905,-0.0006041232616128579
ATACCACTGCCAAT-1,-0.013862855500039083,0.007800804805803831
ATACCGGAATGCTG-1,0.01589238503091104,-0.013618212319336643
ATACCGGACATTTC-1,0.04943658646920661,-0.003908077266133587
ATACCGGACTTCGC-1,-0.012628122068374357,-0.006551949165283802
ATACCGGAGGTGTT-1,0.03574944784515284,-0.003378582199639212
ATACCGGATCTCGC-1,-0.013123833871533368,0.004413216813013718
ATACCTACGCATCA-1,-0.01157397319780671,-0.010782502386231362
ATACCTTGGGGCAA-1,-0.022307631285267155,-0.022033315092522744
ATACGGACAGACTC-1,0.05812292632016003,0.007782668300005215
ATACGGACCTACTT-1,0.05381040343515722,0.00265037703004967
ATACGGACGAGGTG-1,-0.004178328346707658,-0.012152303183513055
ATACGGACTATGCG-1,-0.010359302069259183,-0.021075777968572275
ATACGGACTCTGGA-1,0.04892319507382534,-0.004681264321553653
ATACGTCTTAACGC-1,0.04753214888067386,-0.0005850463588167563
ATACTCTGCTTCGC-1,0.04881103761779354,-0.007561164437925363
ATACTCTGGTATGC-1,-0.004987400287190951,0.025308217167290654
ATAGATACCATGGT-1,-0.01290509314618334,-0.004775359976652341
ATAGATACGACGAG-1,-0.023827256144588204,-0.010878459973439322
ATAGATTGGTGTAC-1,-0.01724340762437641,-0.010767781966444005
ATAGCCGAACGGAG-1,-0.02350626353866742,-0.005406714977456616
ATAGCGTGCAGATC-1,-0.012045308446837166,-0.018530246272195388
ATAGCGTGCCCTTG-1,0.03823330029109132,-0.020101508466838097
ATAGCGTGGTATCG-1,0.04692850132481352,-0.01341211031801224
ATAGCGTGTCTCTA-1,-0.01003825596979813,-0.0070712522665702295
ATAGCTCTCTGATG-1,-0.012013406399811927,-0.011312335777810389
ATAGCTCTGAGGTG-1,-0.026937532771883977,0.008202136182435201
ATAGGAGAAACAGA-1,0.06363135217089874,-0.0028215642111046836
ATAGGCTGTCAGAC-1,-0.019708240692264876,-0.001983591998565604
ATAGTCCTAGTGTC-1,0.04573731674467034,0.003278287399791297
ATAGTCCTTGCATG-1,-0.013026325954557813,-0.00039294321487805695
ATAGTCCTTGTCGA-1,-0.0296797259698043,0.006911507688059013
ATAGTTGACAACTG-1,-0.01909883241905123,-0.011010921225993585
ATAGTTGACCCTCA-1,0.052971450171083276,0.011978621802036009
ATAGTTGAGACGTT-1,-0.0260350107708793,-0.012524837618158279
ATAGTTGATAAGCC-1,-0.022060228816193437,0.0034201182213936653
ATATACGAAGCCAT-1,-0.021342623061621723,-0.00017364196083578028
ATATACGAATTGGC-1,-0.015164920788109455,-0.008119396531306342
ATATAGTGGAATGA-1,0.06819033022237889,-0.0032543797110983408
ATATGCCTAGATCC-1,0.039989701380548144,0.0030145306963695277
ATATGCCTGGACAG-1,-0.02028031372926178,-0.012767114547337505
ATATGCCTTCTCTA-1,-0.005945465333965387,-0.014464135694093466
ATATGCCTTGGTAC-1,-0.01919081933620514,0.0032321816139041608
ATCAAATGAGCCTA-1,0.03724233963818152,-0.0023891229035836927
ATCAAATGGGTAAA-1,0.04778799161718186,0.008966230206980981
ATCAACCTAAACGA-1,-0.010667318051808337,-0.008072476910769668
ATCAACCTGAGGAC-1,-0.012394109558952603,-0.010414526546879313
ATCAACCTTCTCTA-1,-0.0030320681231932878,-0.0005271006248335104
ATCAACCTTTGTCT-1,-0.01609453030893503,-0.020175089669353472
ATCACACTTTGTCT-1,-0.023506380123055653,0.006348527679955104
ATCACGGATTGCTT-1,0.054867080491703704,0.011651407622183568
ATCACGGATTTCGT-1,-0.01214923806563812,-0.014094181199804838
ATCATCTGACACCA-1,0.035026748069210176,0.0252631368666202
ATCATGCTAGAGTA-1,-0.013835902600528735,0.009995065717721623
ATCATGCTGAACCT-1,-0.015425393516473328,-0.0012133098569933826
ATCCAGGACGCTAA-1,0.026289747697554162,0.01486522457764005
ATCCAGGATGGAAA-1,-0.010889164604156953,0.006504471749085312
ATCCATACTCCTTA-1,0.038175205472792025,-0.011312969513269384
ATCCATACTTCATC-1,0.022872861065506914,0.021067224042957557
ATCCCGTGCAGTCA-1,0.0008652733835053782,0.02338208492803456
ATCCCGTGCATGCA-1,-0.020899115768522904,-0.008622153059149373
ATCCCGTGGCTGAT-1,-0.012265216834304836,-0.015196666685019622
ATCCGCACGCATCA-1,-0.007941999688425315,-0.012140225182153928
ATCCTAACGACGGA-1,-0.014783876874700026,-0.016473145953465586
ATCCTAACGCTACA-1,0.0028634538661804834,0.009536063229516688
ATCGACGAAACTGC-1,0.045240544914008377,1.017339201993435e-05
ATCGACGAATGACC-1,-0.02899589991090031,0.009821591495199615
ATCGAGTGGACGTT-1,-0.017168784084980442,0.012663369415198331
ATCGCAGAATCTCT-1,0.01910822354003065,0.014633115354722198
ATCGCAGAGTGTCA-1,-0.010375334154320792,-0.01999101461487922
ATCGCCACTGAGGG-1,-0.013246852585138934,0.018702190726041054
ATCGCCTGGGTCAT-1,-0.00978084259269808,-0.016162607341216585
ATCGCCTGTGGCAT-1,-0.01692357529507332,-0.007189845211349757
ATCGCGCTCAGAGG-1,0.03265517145784788,-0.007165651794603638
ATCGCGCTGGGATG-1,-0.009988706299683545,-0.020926747977264168
ATCGCGCTTTTCGT-1,-0.010481034098836557,-0.010840051700605261
ATCGGAACCAGTCA-1,-0.013667378655266467,0.0035717471698497698
ATCGGTGAGTCAAC-1,-0.020182386159597106,-0.015345169786453079
ATCGGTGATTGCAG-1,-0.01329171127467767,-0.0143900672518041
ATCGTTTGCCTACC-1,0.040753264499093916,-0.008786022169030754
ATCGTTTGGGTACT-1,0.052333114960141744,-0.0035351930679296205
ATCGTTTGTGCCAA-1,0.058115938669875064,0.004888552947453885
ATCTACACCCGCTT-1,0.05896675734171085,-0.0055753827286399394
ATCTACACCGGGAA-1,-0.013576737036880355,-0.005306813729719615
ATCTCAACAGGAGC-1,-0.01384074681491285,-0.013079822265014166
ATCTCAACCTCGAA-1,-0.030685001032193845,-0.01141544805778455
ATCTCAACCTTGTT-1,0.03352737395335549,-0.008906183587958581
ATCTGGGAAACCAC-1,0.038175311231432765,0.009827926095785729
ATCTGGGAAGTGTC-1,0.038139476407464,-0.006763040376009795
ATCTGGGATTCCGC-1,-0.01701394161339771,0.002939061911581626
ATCTGTTGAACGGG-1,-0.002919550408961951,-0.009036363878303953
ATCTGTTGACCTCC-1,-0.009782497908003219,-0.009072467569922185
ATCTGTTGCCTTCG-1,0.040974714581774,-0.004403126379856586
ATCTGTTGGTTGCA-1,-0.009899275318296905,-0.011479140928870216
ATCTTGACACCAAC-1,-0.014134714682262073,-0.0033823402506984075
ATCTTGACCTCCCA-1,0.03143712147105457,0.012073237568758312
ATCTTTCTGCATCA-1,-0.010582645804258113,0.002996137674272245
ATCTTTCTGTTTCT-1,-0.0049234764175476835,-0.0013025023564590507
ATCTTTCTTGTCCC-1,-0.01756383601156353,0.05116322813458144
ATGAAACTCTGTGA-1,-0.012291505481305146,-0.007552166462194009
ATGAAACTGAGGCA-1,-0.029231997980360244,0.003188721923771851
ATGAAGGAACAGCT-1,-0.02133555070475961,0.025700723601890837
ATGAAGGACCTGTC-1,-0.007636829380523694,-0.010251084316595884
ATGAAGGACCTTAT-1,-0.013313435808604331,-0.005122627221208181
ATGAAGGACTAGTG-1,-0.00789578714030768,-0.01261792090076367
ATGAAGGACTTGCC-1,-0.0030590475225565905,0.03328231553162687
ATGACGTGACGACT-1,-0.019957104446401582,-0.012574100999209279
ATGACGTGATCGGT-1,0.043849902588784836,0.007221521892040646
ATGAGAGAAAGTGA-1,-0.005376846640286582,-0.018241040252520532
ATGAGAGAACGCAT-1,-0.018755211765254704,-0.008076358994805938
ATGAGAGAAGTAGA-1,-0.01715779971903403,-0.008131767622430865
ATGAGCACACAGCT-1,-0.014094663994758089,-0.014504043235060377
ATGAGCACATCTTC-1,-0.02292657700806466,-0.0037205568964141984
ATGATAACTTCACT-1,0.0007652046926119906,0.015853652379420175
ATGATATGAAACAG-1,-0.02246220145250691,0.0032487825800915447
ATGATATGACTGGT-1,-0.02910595942548527,-0.0006597456431257035
ATGATATGAGCACT-1,-0.023712449558083912,0.002007351610660354
ATGATATGGTCATG-1,-0.024911939256405672,0.0045355431557382204
ATGATATGGTGCTA-1,-0.012668886323106008,0.027581163413870402
ATGATATGTTGTCT-1,0.024677034335296492,0.0015264066911304369
ATGCACGAATGTCG-1,-0.004835617409119926,-0.012504729165260377
ATGCACGACTGTAG-1,-0.010208749676643432,-0.0039537366498967426
ATGCACGAGAACCT-1,-0.012510749903928288,-0.020140668816149183
ATGCACGAGTTCGA-1,-0.0190281333889904,-0.0024955610039382446
ATGCACGATTGGTG-1,0.0390910106732936,0.01003441217448229
ATGCAGTGTTACCT-1,-0.012241610511408253,-0.00529316979632127
ATGCAGTGTTCTAC-1,-0.013131213982733949,-0.015036281385184818
ATGCCAGAACGACT-1,-0.012371613417623974,-0.0007054151943778003
ATGCCAGACAGTCA-1,0.03965291537140858,0.004926487822645622
ATGCCGCTTGAACC-1,0.03726076961995804,-0.004420034964571316
ATGCGATGCTATGG-1,0.02814772302068009,-0.008500285783515677
ATGCGATGCTGAGT-1,-0.020189003495578745,0.001705276731192802
ATGCGATGGTTACG-1,-0.009193479727407073,-0.01918769420425804
ATGCGCCTTCATTC-1,-0.025081770816165905,-0.010679954024303617
ATGCTTTGCGAATC-1,-0.020754566849936828,0.015845312483673896
ATGCTTTGGGCGAA-1,-0.007345910036304658,0.005970286578258483
ATGCTTTGTAGTCG-1,-0.0051206426522329256,-0.022695490840280445
ATGGACACATCGGT-1,-0.00994687405322045,-0.014121782367265202
ATGGACACGCATCA-1,0.002351858307147814,0.02417201038534117
ATGGGTACAACCTG-1,-0.0020928919433633,-0.0085009669877127
ATGGGTACATCGGT-1,-0.003916013215467636,0.02224497576261993
ATGGGTACTATTCC-1,-0.002319361003390835,7.158728843052742e-05
ATGGGTACTGGGAG-1,-0.01112943665935472,-0.005762704575695572
ATGTAAACACCTCC-1,-0.024009266717021655,0.011456174919087764
ATGTAAACCCGCTT-1,-0.011595890571612862,-0.01249121223340705
ATGTAAACGGGATG-1,0.014168143550082765,0.003201934852559032
ATGTAAACTCTCCG-1,-0.010723565709440386,-0.01907732563350237
ATGTAAACTTCACT-1,0.033056480883479136,-0.007785285452109861
ATGTACCTCAGTCA-1,-0.015307955384347652,-0.018965039087515
ATGTACCTTAGTCG-1,-0.005258319055850957,-0.0023082803129898556
ATGTACCTTTATCC-1,0.04935120561014797,0.0037911879516895307
ATGTACCTTTCACT-1,-0.008353166807763969,0.007592015612293787
ATGTCACTAATGCC-1,0.02905440408259638,0.005636405425210272
ATGTCACTCTGCTC-1,-0.012371491856249951,0.009511381353032974
ATGTCGGAGGTGAG-1,-0.008715995830588734,0.008812799439383743
ATGTTCACAGTCTG-1,0.04819743000666635,0.0037669735524085268
ATGTTCACCGTAGT-1,-0.012194825055385643,0.001498064854790206
ATGTTGCTTTCAGG-1,-0.009346374387222509,-0.0018092774160472693
ATTAACGATGAGAA-1,-0.024013683417688354,0.04828729353198466
ATTAACGATGCAAC-1,-0.011684844214899934,0.009000049109942999
ATTAAGACTGCAGT-1,-0.007428932091983063,-0.0098410571669456
ATTACCTGCCTTAT-1,0.036484606729561886,-0.008525659895747027
ATTACCTGGAGGAC-1,0.05426652404093445,0.008490430774155767
ATTACCTGGGCATT-1,-0.025836993062941283,0.036517696335926365
ATTAGATGTTTCAC-1,-0.02400770750339561,-0.012094871796166837
ATTATGGAATCTCT-1,-0.016174711642570058,0.005146523448747078
ATTCAAGAACGGGA-1,-0.024341717935390982,-0.009942565809026978
ATTCAAGACCTTTA-1,-0.004711289763350883,-0.0062427798193817555
ATTCAGCTCATTGG-1,0.039085913531018396,0.03510825640017081
ATTCCAACCATTGG-1,0.0378234797784661,-0.002099637100413278
ATTCCAACTTAGGC-1,-0.020346371160906835,0.0326430186144536
ATTCGACTCACTAG-1,-0.007668445190176006,0.024753283775340345
ATTCGACTGAATAG-1,0.05348161136831148,-0.00885999943746376
ATTCGACTTTTGTC-1,0.03502880208355341,0.03327027904295265
ATTCGGGAAAGGCG-1,0.014134565277612011,-0.011006350849219408
ATTCGGGATTAGGC-1,-0.013368353149283387,-0.005818633381089738
ATTCTTCTGATACC-1,-0.03127577953991288,0.01465341159681106
ATTGAATGGACGGA-1,-0.013547201374588428,-0.01641135081658454
ATTGATGAAGGTTC-1,-0.018812873915193606,-0.00995702869285768
ATTGATGACTGAGT-1,-0.015590670316143359,-0.0035040348476414705
ATTGATGAGCGAAG-1,-0.021175144595973087,0.024555887422132414
ATTGATGATCTATC-1,-0.016673832773390868,-0.007596882305249986
ATTGCACTGACGGA-1,-0.025438304222875827,-0.0036443245083812243
ATTGCACTGAGAGC-1,0.04072166973839152,0.00457275971956385
ATTGCACTGGAGCA-1,0.04337583640044615,0.011594930289975033
ATTGCACTTAGCCA-1,-0.007376388678372852,-0.02163630140690628
ATTGCACTTGCTTT-1,0.04671590964627949,0.02401090413982935
ATTGCTTGTTACTC-1,-0.01577157784503293,-0.01649613263118939
ATTGGTCTGACTAC-1,-0.0035189242366479925,0.005165093210966974
ATTGGTCTTGTCTT-1,-0.0034521503555123116,-0.017847373839720217
ATTGTAGATTCCCG-1,0.023449689766227865,-0.009383508101634151
ATTGTAGATTGCAG-1,-0.017003606329181496,-0.011079842058643735
ATTGTCTGCGTACA-1,-0.009233379265164328,-0.008014439246179067
ATTTAGGAACCATG-1,0.038916459556390906,0.006056241813100688
ATTTAGGACAGAGG-1,-0.012093845727418055,0.008055605627628836
ATTTCCGAGATGAA-1,-0.01845519605675223,-0.0013753461686583095
ATTTCCGAGTGCTA-1,-0.005488672793595089,0.005957996802030472
ATTTCGTGTATGGC-1,-0.016426013152618924,0.018098771397506798
ATTTCTCTACTTTC-1,0.052354718127781696,0.009707126695672941
ATTTCTCTAGCAAA-1,-0.009375585089913666,0.018352030253829622
ATTTCTCTCACTTT-1,0.04916336786261441,0.0070457405052631195
ATTTCTCTTCCCAC-1,-0.012903957437431068,-0.021932725707055543
ATTTGCACAAGATG-1,0.037970452783049585,-0.012749332062920503
CAAAGCACAGCTCA-1,-0.0141152760543422,-0.00710167590747046
CAAAGCACCGTAAC-1,-0.01447667832860175,-0.005635420281544068
CAAAGCACGGTAAA-1,-0.0029950734260879505,0.030527563207381675
CAAAGCTGAAAGTG-1,-0.01585682439072535,0.024904863698392118
CAAAGCTGTTGCTT-1,0.0476928181788447,-0.006070310173074302
CAAATATGTGACAC-1,-0.01516825695223099,-0.020517854312486962
CAAATTGAGGGCAA-1,-0.013652884733119548,0.0006803801813544258
CAAATTGATGGAGG-1,0.07217642381918322,0.019068080399807664
CAACCAGAAAAGTG-1,-0.02474625406490605,0.0044357096307960225
CAACCAGAAGTGCT-1,-0.013788801392650755,-0.0054771971807383284
CAACCAGAGTTCAG-1,0.03349516694833292,-0.00285083208707885
CAACCAGATAGAAG-1,0.05024134627484779,0.0007075192989674057
CAACCGCTGTTCAG-1,-0.020899035100325283,0.0014413388014923138
CAACCGCTTTGAGC-1,-0.011293635308951309,-0.005279766153180034
CAACGATGCGCAAT-1,0.038879536460616544,0.004453224696822784
CAACGTGACTCCAC-1,0.03189549027821899,-0.008343255907548428
CAACGTGAGCCATA-1,-0.007252642027080661,0.02200093000410601
CAACGTGATCAAGC-1,0.05532631399353151,0.004820450913636887
CAAGAAGACCACAA-1,-0.021203317825662895,0.029830504572905814
CAAGAAGACGTCTC-1,0.026694987061207567,-0.006416286099402219
CAAGAAGATTCTAC-1,-0.020848068027900433,-0.008769198090371657
CAAGACTGACCTGA-1,-0.018004051896074753,-0.009777248007145318
CAAGACTGAGTAGA-1,-0.011607100551613469,-0.01117007543593689
CAAGCTGACCATAG-1,0.034403452183820626,0.01572430711781524
CAAGCTGATCTATC-1,-0.014535796795471612,0.03393775963139065
CAAGGACTGTTCAG-1,-0.020413943828468683,-0.0053532542169788715
CAAGGACTTCTTTG-1,-0.015455434684930911,0.00803003468627539
CAAGGTTGCTCCAC-1,-0.008592386904452892,0.0052316678108321295
CAAGGTTGTCATTC-1,-0.01663696125269278,-0.006790846326541564
CAAGGTTGTCTGGA-1,-0.004227423825971927,0.023176472339922996
CAAGTCGAAACAGA-1,-0.007223387878349811,-0.013475325214214209
CAAGTCGATAGCGT-1,0.04006562066890594,0.0020280691774573374
CAATAAACGCCATA-1,0.08884294944974834,0.009150748955348313
CAATAATGAACTGC-1,0.03928321927991563,-0.014876434395686413
CAATATGACATGGT-1,-0.012698640170469285,-0.0018385459835189152
CAATATGACCTTCG-1,-0.009420718148242333,0.02241322109682062
CAATATGACGTTAG-1,-0.01841485504988524,0.004508170709869915
CAATATGAGGAGCA-1,-0.014439107630693837,-0.011509570715153912
CAATCGGAGAAACA-1,-0.010648467013371351,-0.019724105714747385
CAATCTACTGACTG-1,-0.0027366915489492327,0.028937281078970332
CAATTCACCCAACA-1,-0.03391607144886723,0.03953683913447737
CAATTCACGATAGA-1,-0.007033904391434434,-0.022161447212674195
CAATTCACTTGTGG-1,-0.04507465531406235,0.019760317143446088
CAATTCTGCTTGTT-1,0.03143787321544191,-0.002609634527226859
CAATTCTGGCGTAT-1,0.04315150908248328,0.021648493280219477
CACAACGATACGAC-1,-0.024224997808292546,-0.01304266606540823
CACAATCTTGTTCT-1,-0.005056928055952505,0.0020954198451987992
CACAATCTTTCCAT-1,-0.01556184424880026,-0.00672011617521173
CACACCTGCTTGAG-1,-0.01369853762541514,-0.007500576612820655
CACACCTGTATGGC-1,-0.019095102379676706,-0.006062829550264432
CACAGAACCCTTGC-1,-0.010370219562831531,0.004032901430207609
CACAGAACCTGATG-1,-0.007344910913456168,-0.0034118841207767484
CACAGATGGGATTC-1,-0.014220714099805628,-0.014944784930418977
CACAGATGGTTTCT-1,0.04171936725390918,-0.00039767997738932113
CACAGCCTGATACC-1,-0.006539893624603943,0.0002971775345830827
CACAGCCTTGCCAA-1,0.03682619796651259,0.01660269644804617
CACAGCCTTGTAGC-1,-0.017131561465641636,-0.0013936521865979567
CACAGTGATGAAGA-1,0.04644513366224926,-0.006817293527530673
CACATACTACAGCT-1,-0.013908532201189951,0.0052984895839665955
CACATGGAACACGT-1,-0.016486346013114713,-0.017227204047875175
CACATGGAAGTCGT-1,-0.027055568201421357,-0.0034927016681339214
CACCACTGCCAACA-1,-0.024868301547217305,0.005307971065629462
CACCACTGGCGAAG-1,-0.008976840360550888,-0.00027074985413131497
CACCCATGTTCTGT-1,-0.05240528027086104,0.06071590629798449
CACCGGGAATCGAC-1,-0.0064256837938071465,-0.008885580632057178
CACCGGGACGAGAG-1,-0.007941918570709923,0.008991995615407044
CACCGGGACGTGTA-1,-0.012947219130744442,-0.026461755700642353
CACCGGGACTTCTA-1,0.012004210545308657,0.015975491538055074
CACCGGGACTTGCC-1,-0.009310727183674747,0.006304418065805107
CACCGGGATTCGGA-1,-0.015217884470994408,0.022531975606952463
CACCGTACTAAGGA-1,0.0013350582300560455,-0.012213873902907832
CACCGTACTAGCGT-1,-0.019719768989479237,-0.007831751795528884
CACCTGACACCCAA-1,-0.01997858279742906,0.024852246572222708
CACCTGACCAGAAA-1,-0.01981689886363758,0.009739576662298266
CACCTGACCTCAAG-1,-0.006160378413899513,0.004216339586949567
CACCTGACGAAAGT-1,-0.000889566018865938,-0.015610018910472956
CACCTGACTCGTAG-1,-0.02008191929765341,0.0020587081748054516
CACGAAACTTCCGC-1,-0.013399398997086184,-0.02425334195501576
CACGACCTCGATAC-1,-0.012137846173951115,-0.015565284944617
CACGCTACAGAAGT-1,-0.018540092960139084,0.04572882576676911
CACGCTACTGTTCT-1,-0.010736063971659913,-0.0053129389157493805
CACGCTACTTGACG-1,0.042763735788964904,-0.0046052242110871215
CACGGGACAGAGTA-1,-0.017875811596056074,-0.007846408975763365
CACGGGACATAAGG-1,-0.02238405795004292,-0.0029252764980207528
CACGGGACGTAGGG-1,-0.020569466019690567,0.002758907310263254
CACGGGTGCTTCGC-1,-0.013153496214514972,0.02187860940557242
CACGGGTGGAGGAC-1,-0.022308899879055124,0.0292517559019942
CACGGGTGTGTTTC-1,-0.021422249421406223,-0.004587715064597353
CACTAACTCCTAAG-1,-0.011469683154638696,-0.00034287425500873023
CACTAACTGAAAGT-1,-0.016617097452424363,-0.01470873628657185
CACTAGGATGATGC-1,-0.011135926619079705,-0.009635253948057157
CACTATACCCCGTT-1,-0.010838331351147014,-0.022649497340473407
CACTATACGTTTGG-1,-0.011477973149705927,0.01161466564311298
CACTGAGACAGTCA-1,0.05850754403303682,0.0204523655825185
CACTGCACTTCATC-1,-0.010299513158235213,-0.008404271777821607
CACTGCTGAGACTC-1,0.03983651607875403,0.009883590966823492
CACTGCTGGAAAGT-1,-0.018141241502122697,-0.011073348026219124
CACTTAACCGAATC-1,-0.0072243908663163145,-5.897360121338499e-06
CACTTAACCGTACA-1,-0.003732413165373285,-0.013857610647072546
CACTTTGACTCTAT-1,-0.022252276955252403,0.0364025912462667
CACTTTGAGCTGTA-1,-0.01896515783047949,0.019520057339581506
CAGAAGCTCTCAAG-1,-0.016854309825671803,-0.018582338306042466
CAGACATGAACGGG-1,-0.010463046906491514,-0.01370200526397242
CAGACATGTCGACA-1,-0.019279754441337876,0.002889549003195841
CAGACCCTAAGGTA-1,0.03856497630513787,0.008522116056741759
CAGACCCTAATGCC-1,-0.008591646344417746,-0.0024333700612880586
CAGACCCTAGGAGC-1,-0.015612426633707727,-0.014017133417585793
CAGACTGAGTATGC-1,-0.020615969977334014,-0.011513242356294074
CAGATCGAATGTCG-1,-0.01197552559487464,-0.018668411333558586
CAGATCGACCTGAA-1,-0.011315736800413256,-0.002777193585052589
CAGATCGATATGGC-1,-0.010086400844332048,-0.0013481309611502244
CAGATGACATTCTC-1,-0.007306406245959428,0.02340682151571817
CAGCAATGCCTTCG-1,-0.015152703872661374,-0.002524543663427562
CAGCAATGGAGGGT-1,-0.014842404965466814,0.03301017492519846
CAGCAATGGTGCTA-1,-0.021940968915404886,0.013022375081050433
CAGCAATGTCTACT-1,0.030527149122535603,-0.016202092305970618
CAGCAATGTGACCA-1,-0.014656519048650594,0.001368582630595092
CAGCAATGTGAGGG-1,0.05022099732178863,-0.005315778151815981
CAGCACCTAAGCCT-1,-0.021388039316837883,-0.002205375816644228
CAGCACCTAGGCGA-1,-0.02992471307437577,0.013782483149371777
CAGCACCTGTAGGG-1,0.032573933073686334,-0.0013767662152706925
CAGCATGACAACCA-1,0.041122527225687586,-0.0006216448324363457
CAGCATGAGACGTT-1,-0.009137170811633448,0.000819481466517189
CAGCCTACCCAACA-1,-0.008311539566474648,-0.027007659339647373
CAGCCTTGCTACCC-1,0.04444953788364779,-0.004302826665232354
CAGCCTTGGGGACA-1,-0.01738271824745623,0.008552681574160378
CAGCGGACACCCTC-1,-0.017758096073716537,-0.010300945340806729
CAGCGGACCTTTAC-1,-0.005011932594071036,0.011862223627522768
CAGCGTCTAAAGCA-1,-0.012044748508509472,-0.007991185566648072
CAGCGTCTTATCGG-1,-0.013855948592220464,-0.008324387053235037
CAGCTAGATGTGAC-1,0.05229613804427356,0.006157122443362131
CAGCTCTGAGGCGA-1,-0.013399680325932552,0.003918154338190767
CAGCTCTGCAAGCT-1,-0.01792310790776214,0.02379669122929114
CAGCTCTGTCGTAG-1,0.04297159113054552,-0.0028565014679248686
CAGCTCTGTGTGGT-1,-0.00146841380431929,0.01648622032203222
CAGGAACTAACTGC-1,-0.011305522065871113,0.007632157088035208
CAGGAACTCTCAGA-1,0.04606832841281561,-0.0031103588361424965
CAGGCCGAACACCA-1,-0.019987286780385787,0.0016896653382632376
CAGGCCGAACACGT-1,-0.01668860451142667,-0.009556005554193768
CAGGCCGAACGACT-1,-0.011481463594623278,0.00651059222261882
CAGGCCGAATCTCT-1,0.05059039417995563,0.006936094912778539
CAGGCCGACTAGCA-1,-0.0065161018562812575,-0.01793736438785256
CAGGGCACCATACG-1,-0.010779606503667691,-0.014548336793770074
CAGGGCACCCAACA-1,-0.0204350828575984,-0.0031655225793005733
CAGGGCACTCCCGT-1,-0.0059967757301875105,-0.005548922502440727
CAGGTAACAGACTC-1,0.049418119216955284,-0.0025568901324046264
CAGGTATGAGTCGT-1,-0.008061545830424153,-0.009292176354431546
CAGGTATGTGCTTT-1,-0.001330364167642862,-0.0018825182983495258
CAGGTTGAGGATCT-1,-0.003781385924155223,-0.019993414449748927
CAGTGATGGACGGA-1,-0.01731259416690963,-0.004742348191226322
CAGTGATGGCTAAC-1,-0.012168854517953326,0.03503044745093667
CAGTGATGGGACAG-1,-0.01645014444236977,-0.0082651994539552
CAGTGATGTAAGGA-1,-0.007552936731456027,-0.015509386458261037
CAGTGATGTACGCA-1,-0.033130910769953115,-0.007561708364429242
CAGTGTGAACACGT-1,-0.048500699443125,0.05927310947219073
CAGTGTGATGTCAG-1,-0.03279446958388983,-0.005248945953628224
CAGTTACTAAGGTA-1,-0.007926969745534057,-0.023192890558373747
CAGTTACTGATAGA-1,-0.01506160518108757,-0.00012620165067272777
CAGTTGGAAAGAGT-1,0.03959297828929871,0.003066151529173682
CAGTTGGACATACG-1,-0.021428153603758094,-0.009283060337075754
CAGTTTACACACGT-1,-0.005103795335849037,0.013455291597403829
CAGTTTACCCCAAA-1,-0.03134328122966924,-0.0077193667427716325
CATAAAACGGAGCA-1,0.029295582091348832,-0.004667365890924498
CATAAATGAACTGC-1,-0.026566317839271835,-0.010214541330869902
CATAACCTTCTCCG-1,-0.008033333425838094,-0.00785471767865214
CATACTACCTCGAA-1,-0.01768705639375687,0.002437661639135884
CATACTACCTGAAC-1,-0.027553146291142427,-0.00207905545108243
CATACTACGTACCA-1,0.05272462302534382,-0.0038697223329665895
CATACTTGGGTTAC-1,0.007930997085312641,0.0007107746898471611
CATAGTCTAATCGC-1,-0.011782705111034672,-0.016154862054714246
CATAGTCTCACTTT-1,-0.02333378758981351,0.012052816564344579
CATATAGACTAAGC-1,0.012514177089969969,-0.019440021746992543
CATATAGATCAGGT-1,-0.01319366479016212,-0.005724365385792057
CATCAACTAGAAGT-1,-0.009415639624359314,-0.026781020113098568
CATCAACTCCCTCA-1,-0.01614040471738241,-0.019177495516712415
CATCAGGACTTCCG-1,-0.003955536394554565,0.018756697283393513
CATCAGGATAGCCA-1,-0.009927084949996546,0.037940296717588515
CATCAGGATCCTAT-1,0.06057755831076474,0.01957107675800092
CATCAGGATGCACA-1,0.05211549099688266,0.007312200083356835
CATCAGGATTTCGT-1,0.042318087522065284,-0.005855642291637245
CATCATACCGCATA-1,0.042332300807793384,-0.004512434108804787
CATCATACGGAGCA-1,-0.011809595129747955,0.004417378698523416
CATCATACTCAAGC-1,-0.023244441189634767,0.01466901866014381
CATCGCTGGGATCT-1,-0.008100001934655546,-0.009379809376990799
CATCGCTGTGGCAT-1,-0.01178380834411798,-0.012617803842818371
CATCGGCTATGCTG-1,-0.018183208516260655,-0.016813009339845558
CATCGGCTTTGGCA-1,-0.0135849157329105,-0.01847043218336203
CATCTCCTATGTGC-1,-0.007449174319522894,-0.010656477367141228
CATCTCCTCGAACT-1,0.04641613553527417,0.008158280935093278
CATGAGACACGGGA-1,-0.009566709017497902,-0.00564612670357506
CATGAGACGTTGAC-1,-0.01322794452907787,0.044631478636593794
CATGAGACTCGCCT-1,-0.007598723364846762,-0.00674311842135522
CATGCCACGGGTGA-1,-0.02168978819946708,0.005385832216791696
CATGCCACTGCCAA-1,-0.009610204958950961,-0.006601160273959137
CATGCGCTAGTCAC-1,0.032710610728004734,0.0200521748580598
CATGCGCTCAGATC-1,0.048765512778011694,-0.00140877014418293
CATGCGCTTTGCAG-1,0.04261839118511737,0.017941825762995335
CATGGCCTAGGGTG-1,0.047802326852235316,8.379433257038865e-05
CATGGCCTGTGCAT-1,-0.017959112326324942,-0.008939211877598061
CATGTACTATCGTG-1,-0.012269495377106365,0.015109027876813109
CATGTTACAGTCGT-1,-0.024733677853134756,0.01030421376659154
CATGTTACCTGAGT-1,-0.01835154741812486,-0.010108162732485736
CATGTTTGGGGATG-1,0.04004231219650228,-0.00805781456382912
CATTACACACGGAG-1,-0.009311509638836288,-0.019908795140763904
CATTACACCAACTG-1,0.0025255675028003546,0.028300543791509772
CATTACACGGAGTG-1,-0.020789087253601613,-0.006775394058135046
CATTACACTACTCT-1,-0.02318063832382224,-0.006089055069879718
CATTAGCTCCACAA-1,0.03430526663544585,-0.0013652725332527426
CATTGACTAGCGGA-1,0.03565757013841117,-0.00883734965499423
CATTGGGACTCGAA-1,-0.009005694723272763,-0.0006957627236867433
CATTGTACAGCGTT-1,-0.01808369550514211,-0.00730697643744608
CATTGTACTCGATG-1,-0.00745157088614282,-0.01464492146679629
CATTGTACTTATCC-1,-0.014528032007599678,-0.004218550183418068
CATTGTACTTTGCT-1,0.037648263108523386,0.006156993051371434
CATTGTTGCTAGTG-1,-0.0229842340794021,-0.014490467935835687
CATTTCGACTCTAT-1,0.00042590560063849453,0.006926003206943877
CATTTCGAGATACC-1,-0.007507400121623181,0.030263086724527016
CATTTGACCACACA-1,-0.009497512519610778,0.003101838888163155
CATTTGACCCTGAA-1,-0.010101823877277531,0.0031446000391618274
CATTTGTGACGACT-1,-0.020712120183362073,-0.015155297826646886
CATTTGTGCATTGG-1,-0.017245542162576347,-0.011532738664459793
CATTTGTGCGGAGA-1,-0.024336132512232,-0.012945533758052958
CATTTGTGGGATCT-1,-0.00900901360746275,-0.01643615590224557
CCAAAGTGCTACGA-1,0.03611972054701332,-0.004216143690608777
CCAAAGTGTGAGAA-1,0.05776562168438715,0.015872908539539324
CCAACCTGAAGTAG-1,-0.012749322420856472,0.008202639874720346
CCAACCTGACGTAC-1,0.047057937738101636,-0.011858679573273502
CCAACCTGTTCGCC-1,0.01535918374937938,-0.018325521492867394
CCAAGAACCCAATG-1,-0.014618215648035535,-0.00931940421877538
CCAAGAACGTAGCT-1,-0.017342387513933705,-0.011569766741553134
CCAAGAACGTGTCA-1,-0.018489548278224358,-0.0026986937349498235
CCAAGAACTACTGG-1,-0.00586350564258056,0.013980713685391815
CCAAGAACTCCTAT-1,-0.004666101490810967,-0.024750724579094278
CCAAGATGTCATTC-1,-0.023218061855903725,0.001157554335355619
CCAAGATGTTTCAC-1,-0.017724447016069792,0.016904794737953067
CCAAGTGAGGAACG-1,-0.016593190429104527,-0.020082589891845935
CCAAGTGATCAAGC-1,-0.016373403539000398,-0.003972808565829791
CCAATGGAACAGCT-1,0.044820735760572133,-0.0018616284194537722
CCAATTTGAACGTC-1,0.04211517295561566,-0.00929103968555594
CCACCATGAACGTC-1,-0.02497142730199781,-0.006586825573175002
CCACCATGATCGGT-1,-0.025618229985365098,-0.008715475250567295
CCACCATGGACGAG-1,0.037502109857124946,0.00557707796390455
CCACCATGGGGAGT-1,-0.018044808331703518,-0.0063633898927250975
CCACCATGTCCTGC-1,-0.00381507071845541,0.009185202924555014
CCACTGACCCGCTT-1,0.04872483668957475,-0.01044715340312452
CCACTGTGGGAAGC-1,0.061186187118241,0.003952896256307964
CCACTGTGTGTAGC-1,-0.01592877228223819,-0.010017369839013964
CCACTTCTCGGGAA-1,0.04053722291247531,0.002019440476138598
CCAGAAACCCTGTC-1,-0.005971084196423858,-0.005216785326694279
CCAGAAACGAACTC-1,-0.01765033168261262,0.0031099929464655906
CCAGAAACGGTCTA-1,-0.020411474040666466,-0.012109753980411466
CCAGACCTCTGAGT-1,0.031387654358128333,-0.019325317037728704
CCAGACCTTGTGGT-1,-0.006762102122148419,-0.02401489374548015
CCAGCACTGCGATT-1,0.035233054580661366,0.009911807224950256
CCAGCGGAAAGGCG-1,0.03416128776198577,-0.008557206201655346
CCAGCGGACGACTA-1,0.04288082160501208,-0.0042280741694247425
CCAGCGGATGGGAG-1,-0.01026002105183196,-0.01327625282419764
CCAGCTACACAGTC-1,-0.013445861391258175,-0.002925913330876348
CCAGCTACCAGCTA-1,-0.017637988972099342,0.011218104293395426
CCAGGTCTACACCA-1,-0.005330452490883691,-0.008578409250886928
CCAGGTCTAGCATC-1,0.047599334095688645,-0.001210915104147287
CCAGGTCTATGGTC-1,-0.017337355375510195,-0.010730880854846258
CCAGTCACACTGGT-1,0.034352682368156966,-0.014795979251584155
CCAGTCACACTGTG-1,-0.01209982680909506,-0.010707302823863597
CCAGTCACGTTGTG-1,-0.011109072021474153,-0.006371789157117956
CCAGTCTGCGGAGA-1,0.01125018257927481,-0.012354483889379791
CCAGTGCTAACCAC-1,-0.007930367613016041,-0.006250957704474299
CCAGTGCTCGTAGT-1,-0.014902275530665591,-0.0156311830502377
CCATCCGAAAGCAA-1,-0.01244695539490048,-0.01301270049329666
CCATCCGAACGACT-1,-0.00046649646235784326,0.022041627429574353
CCATCCGAAGGTTC-1,-0.008543613400912496,-0.021617933514851907
CCATCCGATTCGCC-1,0.069146826089651,0.005707765478739385
CCATCGTGAACGGG-1,-0.0036000417091368447,0.003404936285092905
CCATCGTGCTAGAC-1,0.04818324354678091,0.01635629709569172
CCCAACACCTCGCT-1,-0.019956129431852977,-0.009711532504267074
CCCAACACGCATCA-1,-0.015299291466882515,-0.009691776446994817
CCCAACACTTTGTC-1,0.04045713231470399,-0.004777299589210451
CCCAACTGCAATCG-1,0.04868921233765035,-0.004628683069724103
CCCAGACTGCCTTC-1,0.046827679519503146,0.006858161597673884
CCCAGACTGGTTTG-1,-0.012181935078089963,-0.008492806480632326
CCCAGACTTTCGCC-1,0.03427389729727129,0.004827153888725436
CCCAGTTGCAGTTG-1,0.04161414170152686,-0.004810266657440288
CCCAGTTGGGTACT-1,-0.014469064421236758,0.011591282254488789
CCCAGTTGTCTATC-1,-0.004123972023571974,-0.014031219614598371
CCCGATTGTGTTTC-1,-0.020742392342990548,0.00039711933525618526
CCCGGAGAAGGGTG-1,0.05396417851782086,-0.006252075725510009
CCCTACGAATTGGC-1,0.06329738476460492,0.014802687436268579
CCCTAGTGCAAAGA-1,-0.0074104346644720785,0.0011994735086948826
CCCTCAGACACTTT-1,-0.011222236337375964,-0.0041896175611912416
CCCTCAGACGAGAG-1,-0.02168748929466027,-0.0009754449683842831
CCCTCAGAGGTCAT-1,-0.029948962235498647,0.0022158355456288175
CCCTGAACTAAAGG-1,-0.017053611116645242,-0.01331651115701319
CCCTGATGCAACCA-1,-0.01021727968957634,-0.024759898728180258
CCCTGATGCAAGCT-1,-0.008060748830060437,-0.015428200489863436
CCCTTACTAACCAC-1,0.03221228140299584,-0.006894453341009223
CCCTTACTGCAGTT-1,-0.023251537476528982,-1.7996705852845948e-06
CCGAAAACCTTGTT-1,0.04715185795307229,0.0008678621131833772
CCGACACTGGTTTG-1,-0.01734472099040005,-0.0011281139598917928
CCGACTACCCAGTA-1,0.025899902678250673,0.0004278545525161293
CCGACTACCGTGTA-1,-0.02491526679834175,-0.005142589344469442
CCGACTACTGAGGG-1,-0.018647272528638747,0.0049612847330929195
CCGATAGACCTAAG-1,-0.030105636735749713,-0.009939533001411803
CCGATAGAGTTGGT-1,0.03720663095259308,0.004852051453147358
CCGCGAGACACACA-1,0.038386099270447185,-0.008195396636189867
CCGCGAGAGGTTCA-1,-0.011551156180155994,-0.007845309807164112
CCGCTATGGGACGA-1,-0.016080917349752328,0.004625138564182778
CCGCTATGTGCAAC-1,0.03571629424880303,-0.0002753607215964784
CCGCTATGTGCACA-1,0.0419821638532598,-0.011266902799279933
CCGGTACTGTCCTC-1,-0.010678413957692728,-0.013029075955354671
CCGTACACAAGCAA-1,-0.01542463858075072,-0.011467932674768054
CCGTACACAGCGTT-1,-0.007769936125405746,-0.009456222173820947
CCGTACACGTCATG-1,-0.010273757292990973,0.022831809780390608
CCGTACACGTTGGT-1,0.023177359586840692,-0.009007402642827858
CCGTACACTAACGC-1,-0.008033432232748133,-0.003693615995601167
CCTAAACTTTCGTT-1,-0.022432060162699784,0.001655576202543631
CCTAAGGACCCAAA-1,-0.023637418763174458,-0.014862647449268398
CCTAAGGACTAGCA-1,0.044997455398372035,0.0004047690759721107
CCTAAGGAGGGCAA-1,-0.006943580987078795,0.016205460217619018
CCTAAGGATGATGC-1,-0.018709644021535136,-0.006902170359133809
CCTAAGGATGTCAG-1,-0.02211108774533804,-0.0031088581126485766
CCTACCGACTCTTA-1,-0.013609228588544558,-0.016392930539299175
CCTACCGAGGGATG-1,-0.012968549330267472,-0.0168938665372372
CCTAGAGAGGTGAG-1,-0.023791140765066564,0.0006082588855868013
CCTATAACCAAAGA-1,-0.019121281619761777,-0.01650835425996537
CCTATAACGAGACG-1,0.059748023050151214,0.012714503790709625
CCTATAACTCAGAC-1,-0.020560219465809767,-0.01542142000800603
CCTATAACTGCATG-1,0.09168067702285633,0.025699050005126848
CCTCGAACACTTTC-1,0.0036167192452562433,0.020000179436563667
CCTCGAACCCGTAA-1,0.06139939440851344,0.023591889066649406
CCTCGAACGTATCG-1,-0.013537005483554628,-0.0003914626212266556
CCTCGAACTTACTC-1,-0.012835023462594547,-0.021752758154608177
CCTCTACTCTTCGC-1,0.0260574756463609,-0.009764136676165991
CCTCTACTGGCATT-1,-0.025993582930851116,-0.0017271504797867262
CCTGACTGAAGTAG-1,-0.013587476685607155,-0.005785267647120899
CCTGACTGGGGAGT-1,-0.022425663396797458,-0.0069353080204077435
CCTGACTGTGTCTT-1,-0.004623838917085135,-0.012571067082151758
CCTGCAACACGTTG-1,0.02329856991056127,-0.005351297092420353
CCTGGACTCGTGAT-1,-0.006456232642108321,-0.009574101824095228
CCTTAATGCCCAAA-1,-0.0031473443166689687,-0.017942404901207246
CCTTAATGTTCTAC-1,0.0333549179469855,0.004561278708394463
CCTTCACTACGACT-1,-0.01396395242838849,-0.008109132525514809
CCTTCACTCAGTCA-1,-0.000926510934951396,-0.008457520575224527
CCTTCACTGGAGTG-1,0.04207755185141998,-0.010356696667412941
CCTTTAGATTCATC-1,0.035746219360103804,-0.008945869275897082
CGAACATGCCCTAC-1,0.039900523930263145,-0.005440454704555669
CGAACATGTCAGAC-1,-0.015463916650801757,0.010879591727322224
CGAAGACTGGAACG-1,-0.016001104444925484,0.0058405007905521
CGAAGACTGTTACG-1,-0.003093015555662784,0.007125229775045866
CGAAGGGAAACCTG-1,-0.010559656315708578,0.012427754155583875
CGAAGGGATCCGAA-1,-0.01650337607698277,-0.007358194427843166
CGAAGTACCAACTG-1,-0.013178059598201824,-0.020922171900830826
CGAATCGAGGAGCA-1,0.04844403543534881,0.016805357724875663
CGAATCGAGGAGGT-1,-0.017427085474469684,-0.0016805333046499586
CGACAAACCCATAG-1,-0.016966027454039436,-0.014258033748349564
CGACAAACCGACAT-1,-0.013818859569860516,-0.00846989758544992
CGACCACTAAAGTG-1,-0.0032968621675883297,0.030133418281188526
CGACCACTGCCAAT-1,-9.08890996390993e-05,0.028808335837875246
CGACCGGAAGGTCT-1,-0.01691754278626063,-0.01851526356839001
CGACCGGATGGAAA-1,-0.005008940964674927,-0.012639484062670844
CGACCTTGCTAGTG-1,-0.010596086890793582,0.0073241512050296505
CGACCTTGGCAAGG-1,-0.03336323493600796,0.02512528922670521
CGACGTCTATCGTG-1,-0.016890157017126494,-0.002377687548809115
CGACGTCTCGTGTA-1,-0.01219294905263884,-0.012801693187855859
CGACGTCTGAGGCA-1,-0.018793433532686057,-0.006326060694260679
CGACTCACGTCGTA-1,-0.011872729849469861,-0.006379803833815039
CGACTCACGTTGCA-1,-0.02062472086334857,0.0021257013288334646
CGACTCTGTGTGAC-1,-0.010941906844461776,-0.010815446826936305
CGACTGCTTCCTCG-1,0.05000155850061562,0.003174558333738803
CGAGAACTAAGGCG-1,-0.02443350013802387,0.011607312796697068
CGAGAACTACGTTG-1,-0.02072023967945086,-0.0005894699907126877
CGAGAACTTGTTCT-1,0.05822457529253135,-0.0035185769630703264
CGAGATTGGACACT-1,-0.018171455729501077,0.02337082674652521
CGAGATTGGCCATA-1,-0.054267155023835265,0.07709835499028442
CGAGCCGAACACCA-1,-0.010802326450928879,-0.005312165966481497
CGAGCCGACGACAT-1,-0.01676203694004953,0.026437720107104337
CGAGCCGAGGCGAA-1,-0.01346875513743315,-0.018843072530346117
CGAGCGTGCTCCAC-1,-0.009752363878101137,-0.014387243405363513
CGAGCGTGGATACC-1,-0.010061862620725635,-0.01926004362096701
CGAGCGTGTATGCG-1,0.047564299345019934,-0.00028369894363720546
CGAGGAGACCTCCA-1,-0.009198235456615175,-0.0069727654773417205
CGAGGAGATGTCGA-1,-0.02678975988223838,0.01387073633830167
CGAGGCACCTATGG-1,-0.008617237948163589,0.0225224340072622
CGAGGCACTATGCG-1,0.026929257860181726,-0.009659760754655342
CGAGGCACTCTTCA-1,-0.01806181628575709,0.006945799585959717
CGAGGCTGACGCTA-1,-0.028743671858712582,0.051679180298817386
CGAGGCTGGCAGTT-1,0.056255335252092906,0.0029405769046081456
CGAGGGCTACGACT-1,-0.016842726024272264,-0.022482804737917913
CGAGGGCTCGAATC-1,-0.02379382554961396,0.009772613177417221
CGAGTATGTCACCC-1,0.0729795100198974,0.02334741252285113
CGATACGAACAGTC-1,0.038245520519889234,0.00012673562091058618
CGATACGACAGGAG-1,0.014858659767339051,0.0037083840078088147
CGATACGATTCACT-1,-0.011731432528183271,-0.013632828861448636
CGATAGACCCGTAA-1,0.05361782264899684,0.006276349066421995
CGATAGACCGTACA-1,-0.011040802452994672,0.01768457128230929
CGATAGACGTAGGG-1,0.03559930319769626,-0.0019158277262444766
CGATAGACTGTTCT-1,-0.010896198126610825,-0.015221142547015664
CGATCAGAAGAACA-1,-0.016058635334326343,0.008423070340567584
CGATCAGAGAGGGT-1,-0.022668634717101375,0.004226973714184179
CGATCAGAGGTACT-1,-0.016935410859366538,-0.013678480894041702
CGATCAGATGTGAC-1,0.00826978426517303,-0.010300563319999671
CGATCCACCGGGAA-1,-0.009863016680081754,-0.0015748028136554734
CGATCCACTTCCAT-1,-0.004398498091667546,-0.02046163962542235
CGCAAATGCTCGAA-1,-0.045789262723835725,0.037187514878240645
CGCAACCTCCTTGC-1,-0.01289183677366331,-0.0012030264601603493
CGCAACCTGGACGA-1,-0.01302384810493543,-0.009915706164716917
CGCACGGAGGACGA-1,-0.00718997455207648,-0.004360069035541037
CGCACGGATCTTTG-1,-0.025255101366945507,-0.009543848331217351
CGCACTACAGAATG-1,-0.018821941067842334,-0.002213595497348375
CGCACTACAGCCAT-1,-0.012184385794197866,-0.011660921419903856
CGCACTACATTGGC-1,-0.029096312164091493,0.0052188299999477075
CGCACTACTCGCCT-1,-0.008197827045179996,-0.011221198528345497
CGCACTACTCGTGA-1,-0.009393168183495792,0.005095092857026308
CGCACTTGTCACGA-1,0.03659616971181383,-0.0017197776608167473
CGCAGGACAGATCC-1,-0.01196437254305879,0.00785291889322653
CGCAGGACCTACTT-1,-0.02243789792296871,0.008793838428097757
CGCAGGACTTGTCT-1,0.04400861970955634,0.010596852302389215
CGCAGGTGCACTGA-1,-0.02291291939228139,-0.00631069441452505
CGCAGGTGCCATAG-1,0.052103864110864345,0.0059983872470544125
CGCAGGTGGGAACG-1,0.002321221764390013,0.008021923454777728
CGCATAGATCACGA-1,0.03594252487873782,0.008354059584467841
CGCCATACTGCAAC-1,-0.01412621844643924,-0.00839402719410516
CGCCATTGAGAGGC-1,-0.0219276845247911,-0.005343066933119943
CGCCATTGCTATGG-1,-0.020894625903233637,0.009704625264899708
CGCCATTGGAGACG-1,-0.011731172853999189,-0.014692337712886003
CGCCATTGGAGCAG-1,-0.02474698500276139,0.01782252464577884
CGCCATTGTACTGG-1,-0.009621237992927974,-0.007389315640313971
CGCCGAGAGCTTAG-1,-0.003329155508394993,0.011298160977221482
CGCCTAACGAATGA-1,0.024508704414803142,-0.008646820092781787
CGCCTAACTGCTCC-1,-0.015259802435911244,-0.016086928231097766
CGCGAGACACAGCT-1,-0.013716888713546472,0.00575161723323679
CGCGAGACAGGTCT-1,-0.008723787923686877,-0.02243936165767601
CGCGAGACGCTACA-1,-0.016684741728081025,0.004362435172164872
CGCGATCTCAGTCA-1,0.03516678465320126,-0.016068490260015528
CGCGATCTGTTGAC-1,0.03841366773250535,-0.008295072164290958
CGCGATCTTTCTTG-1,-0.015509036584261646,-0.021810892741864603
CGCGGATGGCCAAT-1,-0.006033760086655536,0.003524460373640034
CGCTAAGAATGTCG-1,-0.006101824845894388,-0.007020511544124138
CGCTAAGACAACTG-1,-0.014109747137514995,-0.005377246963685606
CGCTAAGACCCTTG-1,-0.008478292391338623,-0.0052828722823020915
CGCTACTGAACAGA-1,0.03707578329249986,-0.004662558670585701
CGCTACTGAGAACA-1,-0.02062304782330863,-0.002456666493222213
CGCTACTGTGAGCT-1,-0.009055788858631012,-0.009915773488912972
CGCTACTGTTCCCG-1,-0.009214104552362903,0.012196096037589196
CGCTCATGCATTTC-1,0.034062513261427715,-0.009279855998933625
CGGAATTGCACTAG-1,-0.04108564940839832,0.04337193802794974
CGGAATTGGTTTGG-1,-0.016165247119882768,0.006761074533909055
CGGAATTGTGGAGG-1,-0.018912195719427278,0.010263803421738181
CGGACCGATGCGTA-1,-0.008202965716875555,0.023704344021482752
CGGACCGATGGGAG-1,-0.03213904877797094,0.025320555017358852
CGGACTCTAAACAG-1,-0.009005057620832178,-0.01648827046615805
CGGACTCTCCAATG-1,-0.009165552760633525,-0.016994686120124027
CGGACTCTCCTCGT-1,-0.005712041831844948,0.027400136507321746
CGGAGGCTATTCCT-1,0.001137854891719959,-0.01666622618695987
CGGAGGCTTGGATC-1,-0.024891368701808508,-0.011097062407151106
CGGATAACAACGAA-1,0.05464644959509171,-0.008179726192618742
CGGATAACAGCTCA-1,-0.007040193006219095,-0.018095338436979126
CGGATAACTCAGTG-1,0.048573892481652864,0.0046528041280240965
CGGCACGAACTCAG-1,-0.012927550727989203,-0.00016935550420692485
CGGCACGAAGGGTG-1,-0.022658701136280917,-0.005598845282508177
CGGCACGACTACGA-1,0.04000524991865593,0.018063168329900306
CGGCATCTTAGAAG-1,-0.015106322409212992,0.0042222008064945315
CGGCATCTTCGTAG-1,0.05270187952283953,-0.005401568908966653
CGGCCAGAAAGGTA-1,-0.015563322407998455,-0.012157613942228425
CGGCCAGAGAGGCA-1,-0.01083585976236769,0.008911934782763517
CGGCGAACCAGTCA-1,0.040333386319830106,-0.0002703558397352552
CGGCGAACGACAAA-1,-0.006338538306152195,0.028785089317851842
CGGCGAACGGTCTA-1,-0.013119049764215098,-0.003006996030345647
CGGCGAACTACTTC-1,-0.004036624287691533,0.032745108449505025
CGGGACTGCGTGTA-1,-0.021329329414872925,-0.011645500400842662
CGGGACTGGAATAG-1,-0.012362739665001846,0.017019645067019744
CGGGCATGACCCAA-1,-0.02701738539117651,0.05333893051694873
CGGGCATGTCTCTA-1,-0.005063295242092879,-0.003775997786711125
CGGGCATGTTGTGG-1,-0.020999406524904906,-0.0062471953234886045
CGGTAAACTCGCAA-1,-0.011907205632802707,-0.003210929622281209
CGGTCACTGTTTGG-1,-0.006567177133009413,-0.011147164947057007
CGGTCACTTACTTC-1,-0.009713780362700122,-0.003130046678671014
CGTAACGAATCAGC-1,-0.019982713300214543,-0.005694666380500753
CGTAACGATCGCCT-1,-0.011853869365804928,-0.014684181547182724
CGTACCACACACAC-1,-0.010488029633600099,-0.009601156422169983
CGTACCACACGTTG-1,-0.016662582888412627,-0.01718281717190364
CGTACCACCTCATT-1,-0.019062833994400997,-0.00955836514853647
CGTACCACGCTACA-1,-0.014727066523424353,0.01359042467579714
CGTACCACGGAGCA-1,-0.021881754468841535,0.0008015950199086316
CGTACCTGGACGAG-1,-0.010961248393902584,0.062374733138929626
CGTACCTGGCATCA-1,-0.0022916599891304804,0.01587753529349
CGTAGCCTCTCTCG-1,0.03858822812310758,-0.010340413721861598
CGTAGCCTGCGAAG-1,-0.01084915334174617,-0.005783609282849141
CGTAGCCTGTATGC-1,0.04232951163474333,0.003886352321958983
CGTCAAGAAAGGTA-1,0.0628150467166764,0.007641299930082427
CGTCAAGAACGTGT-1,-0.014688043133511106,-0.019193729380325764
CGTCAAGACAGAGG-1,-0.00968665596637901,-0.004694169133916026
CGTCAAGACAGGAG-1,-0.0005670475957155023,0.020273307248579783
CGTCCATGCTCTTA-1,-0.011040891104956905,-0.015997282675982293
CGTCGACTTTCCGC-1,-0.007589293111934167,0.004492856154917886
CGTGATGACGCTAA-1,-0.0003139163221798219,-0.0018762207564243212
CGTGATGAGGTTCA-1,-0.020281265648423436,0.010888718272288947
CGTGCACTTATGGC-1,0.04321235395275,0.00011275145784503653
CGTGTAGAAAAACG-1,-0.010048308898943283,-0.0009924279338447478
CGTGTAGACGATAC-1,-0.015700409750609507,0.0067716458821898105
CGTGTAGAGTTACG-1,0.00040763158142452516,0.016632819377718072
CGTGTAGAGTTCAG-1,0.05355736057504126,0.0020893916434290014
CGTGTAGATTCGGA-1,-0.011638137171565421,0.03377889191820766
CGTTAGGAAACCAC-1,-0.00990650839978438,-0.0002723911090840919
CGTTAGGATCATTC-1,0.04731956231139779,-0.0009214191816515572
CGTTATACCCTGAA-1,-0.010750048389696388,0.015558181776651095
CGTTTAACTGGTCA-1,-0.012862572588950447,-0.010054107713871425
CTAAACCTCTGACA-1,0.004439332326936097,0.021662572189628256
CTAAACCTGTGCAT-1,-0.010333906014071768,-0.0018009158896776008
CTAACACTAACGTC-1,-0.007571930354693595,-0.01928918726287396
CTAACACTAGTGCT-1,0.050353973942509525,0.006951195139420338
CTAACGGAACCGAT-1,-0.00376447215572967,0.026280653308593326
CTAACGGATTTCTG-1,-0.017537729156619736,-0.01609269909357009
CTAACTACGGCAAG-1,-0.020645919239816294,0.020903840601656447
CTAAGGACACCATG-1,-0.013717401102190847,-0.01236962565835403
CTAAGGACCGTTAG-1,-0.01362928267881736,-0.02032792452007563
CTAAGGACGCCATA-1,0.0405606300048709,-0.0038581155802316146
CTAAGGTGCCTAAG-1,-0.009720539791236438,-0.02150890240233245
CTAAGGTGTTGCAG-1,-0.02398392148721833,-0.0033093903319195523
CTAAGGTGTTTCTG-1,-0.029815367740658977,0.007806172863919814
CTAATAGAGCTATG-1,-0.025881378673607115,-0.025592703624084133
CTAATGCTTGTGGT-1,0.04196323802188491,0.0017972128454183112
CTACAACTCCCGTT-1,-0.005045456339578529,0.010808174423552308
CTACCTCTCAACCA-1,-0.015955334704593576,0.0010126181210764335
CTACGCACACCTAG-1,0.04651740345310992,0.006715944725247499
CTACGCACTCTCCG-1,-0.005264987333915418,-0.013220424840137128
CTACGCACTGGTCA-1,-0.007602248347259758,0.024119028578065603
CTACGGCTTTCTTG-1,0.03616633285688331,0.0007475411006129156
CTACTATGAACCAC-1,0.025841793398543835,-0.009890593128296352
CTACTATGATGTGC-1,0.05144234385306287,-0.0029632302038165256
CTACTATGCTAAGC-1,-0.016906511412398652,-0.01639395781498769
CTACTATGTAAAGG-1,-0.019624640669813235,-0.0021752893174789524
CTACTCCTATGTCG-1,0.0005200607112047194,0.02739196782109541
CTACTCCTGCCATA-1,0.05419951172546547,0.012569586112309055
CTAGAGACACTTTC-1,-0.020626846513269344,0.00853191699972359
CTAGAGACAGCATC-1,-0.009101732481118625,0.005203566724658788
CTAGAGACTTTGGG-1,0.04040084277156032,0.0027906361566074605
CTAGATCTCTCTAT-1,-0.015222981214088178,0.002871218079442378
CTAGATCTTCGACA-1,-0.012151877089384831,-0.007461847574973125
CTAGGATGAGCCTA-1,0.00024007665383459983,-0.017882825960563384
CTAGGATGATCGTG-1,-0.02443400674070634,0.018740899457602864
CTAGGCCTCTCAGA-1,-0.01074671700590265,-0.014993397371543387
CTAGGTGATGGTTG-1,0.037322941100861796,0.016918794037813437
CTAGTTACCAGAGG-1,-0.01611010348801845,-0.015128322351217026
CTAGTTACCGCATA-1,-0.0103299204051539,-0.005085805598133463
CTAGTTACGAAACA-1,-0.006764028548658475,0.02445908947641693
CTAGTTTGAGTACC-1,-0.016776165685253436,0.025409353847780508
CTATAAGATCGTTT-1,-0.01556577464151666,-0.02198534975760434
CTATACTGAGGTTC-1,0.03235420645591377,-0.021571108486087148
CTATACTGCCAGTA-1,-0.020933541703808,-0.016749248498700776
CTATACTGCGCTAA-1,0.048060546046763075,-0.003984009644877108
CTATACTGCTACGA-1,0.0004825862854496779,0.012183588228838329
CTATACTGTCTCAT-1,-0.007198777690192313,0.03131298093314366
CTATACTGTTCGTT-1,-0.00645607094775541,-0.028416794562624793
CTATAGCTGTCACA-1,-0.028963763417228058,0.003243917467543298
CTATAGCTTCGCTC-1,0.047987180124267156,0.0030483111881391533
CTATAGCTTGCCTC-1,0.035556168372193483,-0.002444955699456458
CTATCAACGAACTC-1,-0.01319474471237661,-0.01447317598209596
CTATCAACGCAGAG-1,-0.011070891537812155,-0.00935617665484494
CTATCAACTTTGGG-1,-0.015592025780642168,-0.016463493436909137
CTATCCCTCCACCT-1,0.04123175182359304,-0.008368571028462701
CTATGTACGAGAGC-1,-0.013850710479446974,-0.012830260620389364
CTATGTACGCTTAG-1,-0.015208476728857879,-0.01194049456580334
CTATGTACTGTTTC-1,-0.009827719416803736,-0.01702063324858559
CTATGTTGAAAGCA-1,-0.013433915774627034,-0.017836890735526113
CTATGTTGTCCTCG-1,-0.024187043435794895,-0.0028020829874351944
CTATGTTGTCTCGC-1,-0.009770033401904351,-0.0159059875620573
CTATTGACAAACGA-1,0.044586929986227625,0.004898391704618374
CTATTGACACTGGT-1,0.04072738066392504,-0.0039053384689366503
CTATTGACGGTGAG-1,0.04440822024800102,-0.0021434662533016714
CTATTGTGGCAAGG-1,-0.017413862001887017,0.0034746205559485314
CTCAATTGGTTCAG-1,-0.0169928835993579,-0.012112415737381279
CTCAATTGGTTGCA-1,0.038138004299246256,0.0047144296320005726
CTCAGAGATAGAAG-1,-0.01915085045148462,-0.012856666647275
CTCAGCACTCTAGG-1,-0.017769300431795306,0.003550332958300654
CTCAGCACTGAACC-1,0.042485529790959015,-0.0003125636091061779
CTCAGCACTTGCAG-1,-0.020051916623746776,-0.01346115685612531
CTCAGCTGAACCTG-1,0.02620416203297972,0.004254790767582586
CTCAGCTGCAGTTG-1,-0.012875339783843743,-0.007513027551602333
CTCAGCTGTTTCTG-1,-0.013723163552391449,-0.009794889333089116
CTCAGGCTCGTTGA-1,0.04662699687339687,0.005557687042450807
CTCAGGCTGCTAAC-1,-0.017026938613635415,0.023886082879897075
CTCATTGACCTTAT-1,-0.009477428307033117,-0.003387732127416092
CTCATTGATGCTTT-1,0.051780706895726225,0.006886584167942527
CTCATTGATTGCTT-1,-0.01277851378540652,0.054787728914684315
CTCCACGAGAGATA-1,0.018897719368950384,-0.010997574742864568
CTCCATCTCTTAGG-1,-0.016639585206479537,-0.009311104135148237
CTCCATCTGACGAG-1,-0.008252207661375952,-0.015025681494107396
CTCCGAACAAGTGA-1,0.03216868676742746,0.015810972493970298
CTCCTACTGCCTTC-1,0.04827974075927652,0.004556816276400805
CTCGAAGATGTGGT-1,-0.005132501264049266,-0.011610346666865612
CTCGAAGATTAGGC-1,0.040275962352079114,-0.011893150391256088
CTCGACTGCTCTAT-1,-0.0025944441131063242,-0.008173648409859673
CTCGACTGGGTGAG-1,-0.028098419431620666,0.006607092136821226
CTCGACTGGTTGAC-1,-0.0007698146477683049,0.030524006020401548
CTCGAGCTCTGGAT-1,0.0011452983900886154,0.02191483989654692
CTCGCATGACTTTC-1,-0.007957817073957707,0.0068879229236016495
CTCGCATGCTTAGG-1,-0.015838702988757943,0.0014466162436787434
CTCTAAACCTCGAA-1,-0.01876250909257354,-0.008077952866195476
CTCTAAACGGCGAA-1,-0.03612167199781571,0.007159874394380159
CTCTAATGTCCAAG-1,0.03301671197320141,4.492456701821971e-05
CTGAACGACAGTCA-1,-0.008506728326405123,-0.012222166162918144
CTGAACGATGAGGG-1,-0.017132325313456983,0.0292128638462784
CTGAAGACCCAACA-1,-0.0074721246487788676,-0.02028817435662371
CTGAAGACGTGCAT-1,-0.0014117878536820672,-0.004588445265786726
CTGAAGTGAAGCCT-1,0.04431679822054775,0.017344336894026584
CTGAAGTGCAGCTA-1,-0.008412998685593039,-0.015347971001716417
CTGAAGTGGCTATG-1,-0.031970145185915816,0.012825101213259197
CTGAAGTGTCCAGA-1,-0.016842694536658296,-0.014848995434505937
CTGAATCTGAATAG-1,-0.014375699139484659,0.02014151544415554
CTGACAGAATCGTG-1,-0.006344514528866425,0.013229650428500817
CTGACCACAGCAAA-1,-0.017355145956042508,-0.00743132023391593
CTGAGAACCGGGAA-1,-0.013522611086159621,-0.008906974413923978
CTGAGAACGTAAAG-1,-0.007095021974368735,0.032269450888230494
CTGATACTAGTAGA-1,-0.030326688846188717,0.009307046977848125
CTGATTTGGTGTTG-1,0.04006572426688263,-0.013451170531770671
CTGCAGCTAACCGT-1,-0.019285937911006214,-0.016188355619856994
CTGCAGCTGACACT-1,-0.024123012062814,-0.016415896114708797
CTGCAGCTGGATTC-1,0.04807628351510697,0.002227572628346424
CTGCAGCTTGGCAT-1,-0.014755063068789126,0.0033373513936881486
CTGCCAACAGGAGC-1,-0.018726357974874753,-5.607531683699159e-05
CTGCCAACCAGCTA-1,-0.02117399697985693,-0.001286154484947859
CTGCCAACTAACCG-1,0.051028176692271957,0.0005098745970939303
CTGCCAACTGCTCC-1,-0.01371767849352459,0.01156354457161722
CTGCCAACTTGCAG-1,-0.017928920632061512,-0.01688139214488455
CTGCCAACTTGCTT-1,-0.01443619954240451,-0.0011859320997062023
CTGCGACTCCACCT-1,-0.009564373027597342,0.005166724585911607
CTGGAAACAAACGA-1,-0.007300007536177679,0.008097456485707573
CTGGAAACATCGAC-1,-0.019866185631101683,0.008848960793218907
CTGGATGACTGGAT-1,-0.011229215915976518,0.009997400700913707
CTGGATGACTTGTT-1,-0.016551146761225374,0.031257676899681175
CTGGATGATGTGAC-1,-0.0119608271373523,-0.01007923253930492
CTGGCACTCAAGCT-1,0.041691565117889295,-0.008875072609843809
CTGGCACTGGACAG-1,-0.022064092766747475,0.019722261736237888
CTGTAACTAACCAC-1,-0.009787878877376761,0.0013420131052816033
CTGTAACTAGCGTT-1,0.0030621211675874865,0.00034495020218073495
CTGTATACGTAAAG-1,-0.02105087868179283,0.0027445838094544654
CTGTATACGTACGT-1,0.06800768847413216,0.006558657021786448
CTGTATACGTTGGT-1,-0.022065665713173203,0.009165837812242037
CTGTGAGACAACCA-1,0.03125560424811449,0.023407199609285716
CTGTGAGACCTTGC-1,-0.016872043857013467,0.01630575801866235
CTGTGAGACGAACT-1,0.04817251258654799,-0.0038023239722332035
CTGTGAGACTGTAG-1,0.030014518921927108,-0.011331007496871482
CTTAAAGAACCTGA-1,-0.026651880500252984,0.0036973492848662807
CTTAACACCTGTAG-1,-0.007457709772566223,-0.0065921595224982055
CTTAACACGAGCTT-1,-0.007503738161313247,-0.007578805467506909
CTTAACACTATCGG-1,0.005092025429237668,-0.009133343290423016
CTTAAGCTACCTAG-1,-0.023466544760025767,-0.0044364527454638335
CTTAAGCTAGTACC-1,-0.01650484247327878,-0.00015776798417657147
CTTAAGCTCATCAG-1,-0.01696601158315483,-0.005894417820073987
CTTAAGCTCCGCTT-1,-0.009310303024505424,-0.00815867144105011
CTTAAGCTTCCTCG-1,-0.009702727854560469,0.015452327898662705
CTTACAACTAACGC-1,-0.02019972870010336,-0.00808304416648133
CTTACAACTCCCGT-1,0.062284978880323624,-0.005347521256104096
CTTACTGACGTACA-1,-0.02191731236148922,-0.006172341617430808
CTTAGACTAAACGA-1,-0.0018091392692683068,0.002772659632187027
CTTAGGGACTTGCC-1,-0.0006767952255105555,-0.012162397220646118
CTTAGGGAGAATCC-1,-0.024356252176281273,-0.004206269256998272
CTTATCGACTCATT-1,-0.008872777005004374,-0.011102816114473696
CTTCACCTACCTGA-1,0.050939938918286645,0.0058639329377680564
CTTCATGAAGCATC-1,-0.009294666696982055,-0.018882659484943432
CTTCATGAAGTACC-1,-0.02852821605516458,0.012596984244225468
CTTCATGACCGAAT-1,-0.008229963152394791,-0.011005085070150269
CTTGAACTACGCAT-1,-0.017430693126770477,-0.005845697370934925
CTTGATTGAGGTTC-1,-0.013216677803795106,0.02332612877313537
CTTGATTGATCTTC-1,0.04597307585818937,-0.009605547126967717
CTTGATTGCATTCT-1,0.0009671834572411234,-0.0011943566546253424
CTTGATTGTTTCGT-1,-0.01613503584497331,-0.01227880500199038
CTTGTATGACACCA-1,-0.0016176284802824452,-0.005645015172913573
CTTGTATGCGCAAT-1,-0.014681285309377325,-0.003250815376145506
CTTTACGAGCGAAG-1,-0.020134494669927807,-0.0010336324098613198
CTTTAGACCGTGAT-1,-0.030625242801453578,0.0019442542035309138
CTTTAGACGAGACG-1,-0.0163863697858655,-0.029474221047503475
CTTTAGACGATACC-1,-0.02182706796477511,-0.007960734694197537
CTTTAGACGTTGGT-1,-0.005622284901211756,-0.0069095004673068346
CTTTAGACTCATTC-1,-0.020980519631400105,-0.001289759434241197
CTTTAGTGACGGGA-1,-0.00422242683417624,0.022757230867393497
CTTTAGTGGGTGGA-1,-0.018050611963017115,-0.01923440589309658
CTTTCAGAGAAACA-1,-0.0036561784169154773,-0.004850272057377031
CTTTGATGAGCACT-1,-0.013534746737716322,-0.013389427772807348
CTTTGATGTCTAGG-1,-0.009708631820707095,-0.0018281949886709
CTTTGATGTGTCCC-1,-0.017215972777303596,-0.023469570358590097
CTTTGATGTGTGGT-1,-0.02052295338218647,-0.004952639567414075
GAAACAGAACTACG-1,-0.009027459750673445,-0.016766883400756757
GAAACAGAATCACG-1,-0.018911534088110356,0.005444312961084165
GAAACAGACATTCT-1,-0.02433194702104304,-0.001657203258100746
GAAACCTGATCGTG-1,-0.018895192967274706,-0.006799247671955309
GAAACCTGATGCCA-1,-0.007899384167490482,-0.007164620438998586
GAAACCTGCTTATC-1,-0.015896383778603144,-0.018606288338100685
GAAACCTGGACTAC-1,0.04195740798824948,0.011489212820529726
GAAACCTGTGCTAG-1,-0.007657596019243457,0.0012363911189242488
GAAAGATGATTTCC-1,-0.014440387966115197,0.002280427493766375
GAAAGATGCTGATG-1,0.04498976033854746,0.018928468411650374
GAAAGATGCTTCGC-1,0.029556615494591567,-0.020621614264887917
GAAAGATGTAAGGA-1,-0.06317029729841196,0.08226102541191421
GAAAGATGTTTGCT-1,-0.01827316409041842,0.008326495000571695
GAAAGCCTACGTTG-1,-0.020372110937798612,-0.008782098926952819
GAAAGTGAAAGTGA-1,0.014889363083978178,-0.004496947709114213
GAAAGTGACCACAA-1,0.03879218786911492,-0.010506111933324494
GAAAGTGACTCAAG-1,-0.01598140130531284,-0.0018905562132590635
GAAATACTACCAAC-1,0.045247784487786345,-0.00235244609664509
GAAATACTCTTAGG-1,-0.01577067381746113,-0.012797968634949867
GAAATACTTCCTCG-1,-0.0028657447225340325,0.028845379499028448
GAACACACGTGCAT-1,0.03423431251513319,0.000608268732733154
GAACACACTGCCTC-1,-0.017521355608840574,-0.005170400210906551
GAACAGCTAACTGC-1,0.04057306300576449,0.006697236037560887
GAACAGCTCTCAGA-1,0.03650531689229529,0.01519516083522399
GAACCAACCACAAC-1,-0.023785473773467524,0.00034952878226028865
GAACCAACTTCCGC-1,-0.003973360969221691,0.02310924341466897
GAACCTGAACGTGT-1,-0.005047452934697435,-0.008130018460314107
GAACCTGAGAGACG-1,-0.021159676388266994,0.003967111857642059
GAACCTGATGAACC-1,-0.011093467843908703,-0.012295306014102884
GAACGGGATACTTC-1,-0.037284857069594876,0.02824291585591021
GAACGTTGACGGAG-1,0.0009034744999854658,0.0004905634295257234
GAACTGTGACCTGA-1,0.04918113478208437,0.006383109089834969
GAACTGTGCCAGTA-1,0.043154874739886016,0.00455902797518545
GAAGAATGCAATCG-1,-0.02209631918281187,0.0004976343768082238
GAAGCGGACCTATT-1,0.031570379557908375,0.0031196190076196607
GAAGCTACGAATGA-1,0.043140936671244655,0.0005758684793539812
GAAGCTACGGTTTG-1,-0.0015584445739691144,0.02084731806724148
GAAGGGTGAAAGTG-1,-0.015013965492561461,-0.007267692143330936
GAAGGGTGCTTAGG-1,0.03856461569344291,-0.008671940521025599
GAAGGTCTGAAAGT-1,-0.0032023275106453294,0.013659773473558401
GAAGGTCTGTTGCA-1,-0.018819868714345402,-0.013351475594038192
GAAGGTCTTAAAGG-1,0.01695285112818541,-0.010897199355685422
GAAGTAGACTCCCA-1,-0.006503461348099166,0.007652209104032609
GAAGTAGATCCAAG-1,0.03419265532537373,0.014459302196742522
GAAGTCACCCTCGT-1,0.030274327927337842,-0.002996208142275833
GAAGTCACCCTGTC-1,-0.015885306631141034,-0.015687677566794976
GAAGTCTGTCGCAA-1,-0.00936049424361575,-0.004587267840223694
GAAGTCTGTTCTGT-1,-0.019579940238216516,-0.010953485632068447
GAAGTGCTAAACGA-1,-0.0008958588912530221,0.024082795970329838
GAAGTGCTCCGCTT-1,0.05407198914476834,0.0002714236070362379
GAAGTGCTTAACCG-1,-0.004159938597713915,-0.01053510376018638
GAATGCACCCTAAG-1,-0.008950289355431382,-0.01675429347514522
GAATGCACCTTCGC-1,-0.005350890140571898,0.04411305819895489
GAATGCTGCGGTAT-1,-0.027678730673992003,-0.00308734120087085
GAATGGCTAAGATG-1,-0.045040774564204716,0.062170740237581144
GAATTAACGATAAG-1,-0.022472677404993747,0.004012779089948047
GAATTAACGGTCAT-1,-0.03185219951169599,0.03409905370371245
GAATTAACGTCGTA-1,-0.015054004620917643,0.034183426428046414
GAATTAACTGAAGA-1,-0.0128228326742383,0.00046806741120090836
GACAACACAGGCGA-1,-0.033113761138798145,-0.00884824066133962
GACAACACATCGTG-1,-0.021292163733097332,-0.0036501934714718506
GACAACACTCGCCT-1,-0.017973691992229496,-0.007768438081358598
GACAACTGAGGTTC-1,-0.01861306460289341,-0.003822838383032498
GACAGGGAAGAGTA-1,-0.016664195162779585,0.001893305490544248
GACAGGGAATGCCA-1,-0.011615546773101799,-0.007131987613504853
GACAGTACGAGCTT-1,0.03560002055302712,0.015377428379632851
GACAGTACTTCGGA-1,0.03729363316312334,0.006465956159735765
GACAGTTGAGTAGA-1,-0.012696237562928658,0.00011871676476932994
GACATTCTCCACCT-1,0.02946261287096849,0.0005527532983156452
GACCAAACGACTAC-1,0.04433649347512248,0.0016516512218030192
GACCAAACGTATCG-1,0.03438945175025003,0.012800588278808478
GACCATGACTCTCG-1,0.06299323966884934,0.014835213056504645
GACCCTACTAAAGG-1,-0.008172286265461653,-0.006694542489111503
GACCTAGACCTCAC-1,-0.00905046909968163,0.00042521133864273364
GACCTAGACGAGAG-1,-0.01143217803659306,-0.002369918669454942
GACCTCACAAGGTA-1,-0.027171540626650104,0.005202968589375705
GACCTCACGTACGT-1,0.032913857995538434,-0.004701284517288237
GACCTCTGCATCAG-1,-0.018363877512997038,-0.01985418894660746
GACGAACTCCCACT-1,-0.020391916047198328,-0.0046184683305757765
GACGATTGCCAATG-1,-0.006307823152591204,-0.013481879836476413
GACGCCGACCTTCG-1,-0.0020093329466099492,0.003171268854652286
GACGCTCTCTCTCG-1,0.044584918224495826,0.03693365662497338
GACGGCACACGGGA-1,-0.013828656828976278,0.0481662372307735
GACGGCACGAGATA-1,0.033032651692701476,0.006789455983322083
GACGTAACCTATGG-1,-0.011182609161788308,-0.007690626920778965
GACGTAACCTGTGA-1,-0.008359786415205128,-0.0074896726470468295
GACGTAACTATGGC-1,-0.002194367311297775,-0.005229272682803438
GACGTATGTTGACG-1,-0.015305920633205395,-0.006787931526877313
GACGTATGTTTGCT-1,-0.014786235582369002,-0.011310157815409951
GACGTCCTACGGAG-1,-0.01634987910615712,0.0031124576834327972
GACGTCCTCTCAAG-1,0.04039933514824372,-0.004244206050916409
GACGTCCTGATAAG-1,-0.0172768848034088,-0.009329943246622573
GACTACGATGGTCA-1,-0.00843682999955623,-0.018354439403685772
GACTCCTGCTCGCT-1,-0.013605433210517683,-0.01365381647513063
GACTCCTGGGTTAC-1,-0.01805565569667372,-0.011538366660703795
GACTCCTGTTATCC-1,-0.008772003392166314,0.00918817644754397
GACTCCTGTTGGTG-1,0.0355488114882376,-0.015791949797075086
GACTGAACAACCGT-1,-0.03906619356167973,0.0336114771998139
GACTGAACCAATCG-1,0.03360142618607086,-0.016389752479526565
GACTGATGTGATGC-1,-0.010800733011234964,-0.01061660208267508
GACTTTACATGCCA-1,-0.024228456603532223,-0.013794231493672805
GACTTTACGACAGG-1,-0.012026578051911173,-0.013825305769096335
GAGAAATGTTCTCA-1,-0.03163053206825861,-0.001384625138601294
GAGATAGAAAAAGC-1,0.03499692495272025,-0.0071566218744899225
GAGATCACGACAAA-1,0.034015937260681806,0.014083183704768316
GAGATGCTCTGGAT-1,-0.0007502448215202275,0.004149041090905262
GAGATGCTGAATGA-1,0.0012255013421314104,0.004580295456288854
GAGCAGGATTCCCG-1,-0.007499517066020731,0.00674175934717299
GAGCATACTTTGCT-1,0.008057590650211102,-0.0052751347456397955
GAGCGCACGCGTAT-1,0.04218602956289255,0.0033800639056872934
GAGCGCACGGTGAG-1,-0.009610291326030293,-0.007660805304101161
GAGCGCTGAAGATG-1,-0.007770001414227713,0.030636285965683664
GAGCGCTGTCTTAC-1,0.051136298125568774,-0.005959191769204
GAGCGGCTGGGAGT-1,-0.011073854312805862,-0.010031262969554339
GAGGACGACTCAGA-1,-0.018196290145686276,-0.0032074811843110776
GAGGATCTGAAAGT-1,-0.009410474031255157,-0.008120046349881463
GAGGCAGACTTGCC-1,-0.008588871346240291,0.0164332818912176
GAGGGAACACCAGT-1,-0.00824004166035374,0.006766578198644164
GAGGGAACGAGGGT-1,-0.005242346598016215,0.007252347746377738
GAGGGATGGGAAAT-1,-0.014772035550743905,0.009206238742217437
GAGGGCCTTCACCC-1,-0.0028663234766724242,-0.0010560657608785296
GAGGGTGAAGAGTA-1,-0.00890208768184762,-0.011444930461178652
GAGGTACTACGGTT-1,-0.0242980611661946,-0.003035960070393774
GAGGTACTACTCAG-1,0.04854973980907394,-0.004537476592403551
GAGGTACTGACACT-1,-0.008696641066207739,0.008825257330785671
GAGGTACTGGGAGT-1,-0.0059194191257764504,-0.010588585510728114
GAGGTACTTAGCGT-1,0.05282994554602151,-0.005156309342947609
GAGGTGGAGTACGT-1,-0.02446442593079298,-0.0045048756012015445
GAGGTGGATCCTCG-1,0.00019321154222432663,0.030848864922602567
GAGGTTACTCGTTT-1,0.024256681822628787,-0.0006105466304168524
GAGGTTTGTAAGCC-1,0.061244503667166814,0.02117402248652219
GAGTCAACCATTCT-1,-0.021779634986809463,-0.010734013625937431
GAGTCAACGGGAGT-1,-0.0241288164872558,-0.0066031172014422565
GAGTCTGATCGTGA-1,-0.023777736215930125,0.0036818965483889493
GAGTCTGATTTGGG-1,-0.01805059462701179,-0.004647692288412525
GAGTGACTCAGCTA-1,-0.00034887847947798895,0.016838814821767405
GAGTGACTCGGTAT-1,-0.01295881936093787,0.008946987786776557
GAGTGACTCTTGCC-1,-0.011004786674100535,-0.016051119281053752
GAGTGACTGACTAC-1,-0.030888907853718162,0.013348687095186607
GAGTGACTGTCTAG-1,-0.011636217416055767,-0.01517573915924115
GAGTGGGAGTCTTT-1,-0.016335026093868454,-0.008262048507450208
GAGTGGGATGCCCT-1,-0.021671962589494716,-0.022640882720239276
GAGTGGGATGCTGA-1,-0.01346652106171092,-0.015328988726681236
GAGTGTTGCTGTAG-1,-0.010728389694958353,-0.008097525566535552
GAGTGTTGTGGTCA-1,-0.019178188264660178,-0.003996826714414773
GAGTTGTGCATGGT-1,0.05678963084363624,-0.005761923390283255
GAGTTGTGCTGAGT-1,-0.011080305705924352,0.009013178557050404
GAGTTGTGGCGAGA-1,0.03089971063603312,-0.016669387609827897
GAGTTGTGGTAGCT-1,0.027719165874937397,0.019781406541362262
GAGTTGTGTATGCG-1,0.02815293660243016,0.00879966021938932
GATAAGGAGAAACA-1,0.05513618110438498,0.00445467233884546
GATAAGGATTCACT-1,0.03298037535483829,-0.003983976496484489
GATACTCTATCGGT-1,-0.018531930723790193,-0.009365908770578874
GATACTCTTACTTC-1,-0.011785877271008941,-0.017027570150901818
GATACTCTTGACTG-1,0.036197947166509724,-0.010769038013543251
GATAGAGAAGGGTG-1,-0.021700874078910765,0.024735550236893115
GATAGAGACTGTGA-1,-0.015331047289699588,-0.01827593360240624
GATAGAGATCACGA-1,0.023689012968336275,-0.013102551763145976
GATAGCACCCATAG-1,-0.011183724450147165,-0.02767097209303925
GATAGCACGAAGGC-1,0.03491217809531269,-0.005348760572590467
GATAGCACTTGTCT-1,-0.018389109950257807,-0.018397041363980297
GATATAACAAGGTA-1,-0.008706723830527372,-0.011049116640577464
GATATAACACGCAT-1,-0.0367418761182092,0.004348652736188154
GATATATGCTGGAT-1,-0.02002921035902162,-0.011512718601033842
GATATATGTCCGTC-1,-0.01353727556244852,0.01682216245248164
GATATATGTGGAGG-1,0.018225014352823934,-0.013300323757804036
GATATCCTAGAAGT-1,-0.020005205909203818,0.009036649893396883
GATATCCTCCCGTT-1,0.06517537000108503,0.002586306204982033
GATATTGACAGGAG-1,-0.022447807753900883,0.03550696989072697
GATATTGACGAGTT-1,0.0352222438925939,0.011413760524032528
GATATTGAGCCAAT-1,-0.022913581860515276,-0.00564241803312385
GATCCCTGACCTTT-1,-0.00514291393245455,0.025744590948230412
GATCCCTGTGTAGC-1,-0.019847464116431856,0.018472665434028326
GATCCGCTGGTCAT-1,0.039752933819670544,-0.008414988217184935
GATCGAACCGAGAG-1,-0.009686713126616744,-0.004383955386000304
GATCGATGACTAGC-1,-0.017561990182945932,0.016823012912873764
GATCGATGGTAAAG-1,-0.02502449826625135,0.007778053022013119
GATCGATGTAAGGA-1,0.05135912110664101,-0.006477815593288877
GATCGTGACACTAG-1,-0.01540713180006607,-0.010072672712321398
GATCGTGATTCACT-1,-0.004663033607553279,0.0003116808575824989
GATCTACTGGTGAG-1,-0.02991207421846111,0.034288289337158696
GATCTACTTTGCAG-1,-0.00722130637686496,-0.008252579073903022
GATCTTACACCCAA-1,0.047591451820162126,0.008747284523007432
GATCTTACCCTACC-1,-0.0030353572316058827,-0.022586430773768686
GATCTTACGAATAG-1,0.04521985678901458,0.0002641527283287941
GATCTTACGAGATA-1,0.04015671524504165,-0.010985695180474379
GATGCAACTCCAGA-1,-0.008389153738565372,-0.015414632374368287
GATGCCCTACGTAC-1,-0.009629047164386482,-0.01056804312328335
GATGCCCTCTCATT-1,-0.015549100717259384,-0.012711429860896226
GATGCCCTGGCAAG-1,0.03537964842649624,-0.01721008133844186
GATGCCCTTTTGCT-1,-0.013449645345603778,-0.012221636132194121
GATTACCTTGTTCT-1,-0.015935402909417546,-0.00769884536743094
GATTCGGAACGACT-1,-0.020551310703034027,-0.01740225369934892
GATTCGGACAGGAG-1,0.035721960170701554,-0.0019211937057672106
GATTCGGAGAAGGC-1,0.038449089034639033,0.016115136120216682
GATTCTTGATTCGG-1,0.027288189250396076,-0.009446018484696506
GATTCTTGCCGATA-1,-0.014714340263795964,-0.008432018999997702
GATTCTTGCGAGTT-1,-0.018556804417202952,-0.00608377913466977
GATTGGACCCGTTC-1,-0.013853838610126006,-0.008058229198889339
GATTGGACGGTGTT-1,-0.012911526423652606,-0.012194801796831117
GATTGGACTTTCGT-1,-0.01490968529944357,-0.017671555913983936
GATTGGTGTGTCAG-1,-0.01039941225008658,-0.007488069632699217
GATTTAGACACTCC-1,0.04882115710599151,0.007801131957154754
GATTTAGACTAAGC-1,0.0006474623455298562,0.012656775568837215
GATTTAGATTCGTT-1,0.060567231292898774,-0.006902864808602559
GATTTGCTAACGAA-1,-0.015910847293250877,-0.011254202904796949
GATTTGCTAACGGG-1,0.04645200671176623,-0.004134589017123917
GCAACCCTCCTCGT-1,0.06850524567164866,0.005211252103516849
GCAACTGATTGCGA-1,-0.019280482250398124,-0.011176055024109677
GCAAGACTACTGGT-1,-0.0108823141589863,0.008549221863129447
GCAAGACTAGGTCT-1,-0.0019024917323908208,-0.006008215447090637
GCAAGACTCCCTTG-1,-0.015135110859647315,-0.017089359804084086
GCAATCGACTGCAA-1,-0.016242448941267012,-0.0011799834288238782
GCAATCGAGACGTT-1,0.03690200357536112,-0.008922474071130778
GCAATCGATCCTTA-1,0.0507404944042794,-0.0017412703339394855
GCAATTCTCGTGTA-1,-0.014483296496138262,-0.004123326289727408
GCAATTCTTCTCCG-1,-0.013479000664389933,-0.01637064863564468
GCACAAACAATGCC-1,-0.014119489665383442,-0.004205694572682596
GCACAAACGGTACT-1,-0.011529201048304821,-0.006712242193672844
GCACAATGGTGCAT-1,0.01488063723802774,-0.024126186949147508
GCACACCTGTGCTA-1,-0.012809239909932105,0.032894539138894015
GCACCACTCATGAC-1,0.01919246837775686,-0.01797466719474567
GCACCACTGTTTGG-1,0.0645452075315406,0.006418550143865722
GCACCACTTCCTTA-1,0.0030970406207027814,0.017545505987109515
GCACCACTTTCGGA-1,0.05067126122325334,-0.0029278796189960107
GCACCTACGCGATT-1,-0.014952645577348714,-0.009053408594907806
GCACCTTGGCTGTA-1,-0.00529573499704707,-0.013829931151656505
GCACCTTGGGGAGT-1,0.04301991198802699,0.0018392377650652018
GCACGGACCAGCTA-1,-0.014626844012896417,-0.017193279558954278
GCACGGTGACCTCC-1,-0.02033977124544249,-0.002289319423660586
GCACGGTGCTATGG-1,0.03619462513375564,0.0037012664407671935
GCACTAGAACGGGA-1,-0.014479947964090793,-0.005563118726749332
GCACTAGAAGATGA-1,-0.0064998040782879955,-0.014215027355387131
GCACTAGACCTTTA-1,0.03996958849911006,-0.004144737710368349
GCACTAGACGTAAC-1,-0.002611729181496679,-0.011087242687859898
GCACTAGAGTCGTA-1,-0.004027526121965535,0.01172203375130999
GCACTAGATGCAAC-1,-0.011829114940885198,-0.009616991599926305
GCACTGCTGAGGCA-1,-0.01112695358819588,-0.011730471702646517
GCAGATACAGCGTT-1,-0.01622450499931655,0.004431517120807938
GCAGATACGACGGA-1,-0.025702443577978986,0.0010604827148327787
GCAGATACGCAGAG-1,-0.02800333126821716,0.002621655238085656
GCAGCCGACAGTCA-1,-0.02086743133759202,-0.013879778418273234
GCAGCGTGCACTCC-1,-0.026182807681653365,-0.0026046784466775483
GCAGCTCTCAATCG-1,-0.019649667969566912,-0.018887724088825927
GCAGCTCTGTTTCT-1,-0.0029355245868881268,-0.0018156835084918647
GCAGGGCTAAGAAC-1,-0.01884287865278395,-0.014380007322264141
GCAGGGCTAAGGGC-1,-0.006418211201591268,0.0015964139117371967
GCAGGGCTATCGAC-1,-0.0023091215343142187,0.02428913944064116
GCAGGGCTTGGGAG-1,-0.011132680782199495,0.010020209524923981
GCAGTCCTAACTGC-1,-0.013266736842557941,-0.005336125307683776
GCAGTCCTCTCTTA-1,-0.01896914487145668,-0.003941356965062516
GCATCAGATGCGTA-1,-0.010596767728262273,0.009976065723871984
GCATGTGACAAGCT-1,-0.02195531303709231,-0.007628827349819709
GCATTGGAGAAGGC-1,-0.013035152294639092,-0.008393340114200506
GCCAAAACGAGGCA-1,-0.015713189563142323,0.012431572206591492
GCCAAATGATCGAC-1,-0.011014567955134363,-0.007481428759954702
GCCAACCTACGGTT-1,-0.017024185406053775,-0.014266309386656094
GCCAACCTCGCCTT-1,-0.032867948105788386,-0.010088855176684744
GCCACGGAGGCGAA-1,0.05773862760589024,0.0015610836619881436
GCCACGGATACTGG-1,-0.0187765188300156,-0.014353675856059157
GCCACTACCTACTT-1,-0.006601800564713274,-0.010138931178582165
GCCACTACGTCTTT-1,-0.0204863617016505,-0.00665065398993246
GCCCAACTACCGAT-1,-0.011315784789980715,-0.017323122327839023
GCCCAACTATGGTC-1,-0.03272520252655284,0.030820420081904304
GCCCATACAGCGTT-1,0.00496448575931171,-0.020471644956332417
GCCGACGAACTCTT-1,0.046749881873886207,-0.009923237128108197
GCCGAGTGCGTTGA-1,-0.011172019092293914,-0.01872044794009081
GCCGGAACGAACTC-1,-0.010283701709852284,0.0032611125062396717
GCCGGAACGTTCTT-1,-0.003522490641853261,0.02275818738187287
GCCGGAACTGCACA-1,-0.018827839237847057,0.03127068780771846
GCCGGAACTTACTC-1,-0.013789492736413052,-0.009925834026948594
GCCGTACTACCTGA-1,-0.03189289927560034,0.009775480787935484
GCCGTACTGGCAAG-1,0.05288992836056966,0.008083749595835075
GCCTACACAGTTCG-1,0.0014155841453177779,0.018323629621087186
GCCTACACCACTGA-1,0.027411944663513543,-0.004336628685464599
GCCTACACCTTGAG-1,-0.021912137238932237,-0.013676417089407152
GCCTAGCTACGGAG-1,-0.01766595565657401,-0.01761368675625101
GCCTAGCTCTATTC-1,-0.010815651541083243,-0.011093166306491865
GCCTAGCTTCTCAT-1,-0.013166175841343133,-0.011491376737222607
GCCTAGCTTCTCTA-1,0.02322506562434001,0.021343906103120237
GCCTCAACCATGGT-1,-0.019512790248698415,-0.013311089887039825
GCCTCAACTCTTTG-1,0.01102553635665762,-0.00879691728318782
GCCTCATGTCTTAC-1,-0.017836809803289697,-0.006179727913133065
GCCTGACTCTCAAG-1,0.03151230168474626,-0.019025246660962954
GCGAAGGAACTCTT-1,-0.006917080078873712,0.0014785215983677286
GCGAAGGAGAGCTT-1,0.012703616841841472,-0.006319305723621371
GCGAAGGATGCCAA-1,-0.03272592180653709,0.011206546978276059
GCGAGAGAGGGACA-1,-0.0099513169857628,-0.013139121787438254
GCGAGCACTGTCGA-1,-0.0004745523808996413,-0.011548509865510096
GCGAGCACTTGACG-1,-0.014934644909798185,-0.00983206824333743
GCGAGCACTTGCTT-1,0.035825346554917425,-0.004438864687758426
GCGATATGGTACGT-1,-0.009126603321628186,0.0014888356600899922
GCGATATGGTGTTG-1,-0.032630739774705694,0.014995454422734138
GCGCACGAAGTCGT-1,-0.02396165673375832,-0.0037767594723199386
GCGCACGACTTTAC-1,0.03967363527272547,-0.015234947842149975
GCGCATCTAGGTCT-1,-0.017406707390099013,0.001214517127369811
GCGCATCTGGTTAC-1,0.009618263966587909,-0.01883299516439242
GCGCATCTTCGATG-1,-0.020225655951611046,-0.022354338720480968
GCGCATCTTGCTCC-1,-0.007659691223678766,0.01279515442490109
GCGCATCTTTCTAC-1,-0.02754323134262202,-0.001710589126952437
GCGCGAACGTTCTT-1,-0.007755391730328628,-0.010050416198289405
GCGCGATGAACGGG-1,-0.01951242471369961,-0.010051901988719511
GCGCGATGGTGCAT-1,0.006920416897235066,0.008343536629027822
GCGGAGCTCCTGAA-1,-0.013039430886647316,0.006877570915453381
GCGGCAACCCGATA-1,-0.01398374917337819,-0.015466859876712863
GCGGCAACGGAGGT-1,-0.006932376991257875,-0.01928315440266371
GCGGCAACTGTCGA-1,0.04731232596183801,-0.008513583185845115
GCGTAAACACGGTT-1,0.019935351185594252,-0.012455971043395509
GCGTAATGCACCAA-1,0.03391799046294337,0.005806256448234992
GCGTATGAACACCA-1,-0.010842604762375606,-0.02491328061745877
GCGTATGATGAGAA-1,0.047163087246585744,-0.002683367955871002
GCTACAGAAAGGTA-1,-0.01270032919132114,-0.005944807516847646
GCTACAGAATCTTC-1,-0.017908862768588277,-0.008209225651198188
GCTACAGATCTTAC-1,-0.008516411325840141,-0.014664135573216809
GCTACCTGAGAAGT-1,0.03506207128730849,-0.0027722106633691103
GCTACCTGATCACG-1,-0.007150920075203033,-0.012320305128639294
GCTACGCTAGAATG-1,-0.018211348031957248,-0.009995397512720189
GCTACGCTAGCTAC-1,-0.013457340865997397,-0.002109737994109119
GCTACGCTCCCTAC-1,-0.02355868930612943,0.023431720211009626
GCTAGAACAGAGGC-1,-0.024402456537261755,0.017587338575564243
GCTAGAACGGATCT-1,-0.009473730712389977,0.003180439595625773
GCTAGAACTCCCGT-1,-0.02788403976853693,-0.001329373727414005
GCTAGATGAGCTCA-1,0.04084174751110278,-0.00046640250128936623
GCTAGATGGCGATT-1,-0.022259419253102906,0.01900017576246524
GCTATACTAAGGCG-1,-0.0234082919412754,-0.00040084328784687276
GCTATACTAGCGTT-1,-0.026319291752245125,0.04385538057694762
GCTATACTCTCTTA-1,-0.01265524863590783,-0.006984113502579779
GCTATACTGGACGA-1,-0.008953715138097309,-0.006712981591784812
GCTCAAGAACCATG-1,0.03745017558952623,-0.00035435968349360573
GCTCAAGAAGTCAC-1,0.03893765607633219,-0.0047957432363517774
GCTCAGCTGTCTAG-1,-0.02137002036344816,-0.009460779163157705
GCTCCATGAGAAGT-1,-0.008066296392908203,0.029182688183763877
GCTCCATGCCGAAT-1,-0.022359137046133532,-0.0030545495081724977
GCTCGACTCTAGTG-1,0.060846026370552836,-0.0007013215071741824
GCTGATGAGGTATC-1,0.032251282703979506,-0.00755957447732058
GCTTAACTACAGTC-1,0.06147243481202526,0.017146219484551334
GCTTAACTACTGGT-1,-0.008658949974480544,0.015353931993381802
GCTTAACTGCTGAT-1,-0.019104668150103147,-0.019419234409183424
GCTTAACTTAGACC-1,0.045474428075852974,-0.00021660894338124386
GCTTAACTTCAGTG-1,-0.01629674941795491,-0.02233516300666468
GGAACACTCACTTT-1,0.0306092035944681,0.0036458064631937712
GGAACACTTCAGAC-1,0.04560379167843963,0.036912314128938827
GGAACTACTACTTC-1,-0.01138187490555687,0.0017166208620468075
GGAACTTGAAGGTA-1,0.03644440328674591,-0.003678475676980107
GGAACTTGAGAATG-1,-0.02030296857965658,-0.006458308179304361
GGAACTTGCTCCAC-1,0.0462534666514717,-0.011424261936443244
GGAACTTGGGTAGG-1,-0.012350354182188914,-0.02232095995246413
GGAAGGACATCGGT-1,0.033301910240014304,-0.020017974470455772
GGAAGGACCACTAG-1,-0.004677281978284452,0.0016579899328887397
GGAAGGACGAGGGT-1,-0.019358001149211827,0.001710107605705155
GGAAGGACGCGAAG-1,-0.011066868500303282,0.006414106991336316
GGAAGGTGGCGAGA-1,-0.006746389540834636,0.03475497510916775
GGAATCTGAAGGGC-1,-0.023982624025545674,0.030930924431610232
GGAATCTGAGGAGC-1,-0.0015958848423003429,0.004833144831105992
GGAATCTGCTTAGG-1,-0.017386541941469446,-0.024094189381975484
GGAATCTGCTTGTT-1,0.03741677340971465,0.0030998198447368883
GGAATCTGGGAGGT-1,-0.010710062411266416,-0.010210365416014736
GGAATGCTTTCTAC-1,-0.021352386535400603,-0.0006109661844202101
GGACAGGAAAGGGC-1,-0.016547470223794495,-0.00042051419609519074
GGACAGGAGTGCTA-1,-0.007125802365217933,-0.01251020294956133
GGACAGGATCTCGC-1,-0.008873309693964593,0.0020241517191810854
GGACCCGAAGCTAC-1,0.03450862745978105,-0.007031735404940065
GGACCGTGCTTACT-1,0.03948841210573899,-0.010090998930247706
GGACCGTGGGAACG-1,0.020968384817687945,-0.0077371509029218015
GGACCGTGTAACGC-1,-0.011414324018177893,-0.015472584504018247
GGACCTCTGTAAGA-1,0.04390341592211829,0.008310171621174377
GGACCTCTTTTCTG-1,-0.008323116123513701,0.0032124251056496623
GGACGAGAGTGTCA-1,0.04541548211332854,0.01836725549270615
GGACGCTGACGCAT-1,-0.006769441966642309,-0.006014993736606432
GGACGCTGCTAGCA-1,-0.023599369497600855,-0.014799246533127537
GGACGCTGTCCTCG-1,-0.004568604787016001,0.025104631891304463
GGAGAGACGTGAGG-1,-0.005651567352999858,-0.01645923586709117
GGAGCAGATTCAGG-1,-0.014887087624455928,-0.00821404969010881
GGAGCCACCTTCTA-1,0.000403783594304926,-0.008798459931901783
GGAGCGCTACGCAT-1,0.05179102103102297,-0.003225287223953953
GGAGCGCTCCGAAT-1,-0.012831458165677573,-0.015649185583794446
GGAGGATGCCACCT-1,-0.03170172685680653,0.011391919335465087
GGAGGATGGTTGAC-1,0.03696699950485781,0.005473550908645855
GGAGGATGTCAGTG-1,0.048557325879262786,0.018940785416375165
GGAGGCCTCGTTGA-1,-0.00975350243167597,0.03256732137855989
GGAGGCCTTTCTTG-1,-0.01952885393324479,-0.00796424194159136
GGAGGTGATACGCA-1,-0.014628579503287397,-0.017841225055741525
GGAGGTGATCGCTC-1,-0.018428018856791805,0.015551806274445013
GGATACTGCAGCTA-1,-0.01910326696169556,-0.018640348359351137
GGATACTGTCTAGG-1,-0.013712826458845931,-0.012657370081371355
GGATAGCTCGTCTC-1,-0.007452660385649835,-0.007422632986951351
GGATAGCTCTGAAC-1,-0.009165581341499137,-0.005953706177105861
GGATGTACCAAAGA-1,-0.011992170637641093,-0.022208108687163945
GGATGTACGCGAAG-1,-0.02774034262766902,0.0034882882235622997
GGATGTACGTCTTT-1,0.05929504468469653,0.003554265493813682
GGATGTACGTGTCA-1,-0.015234339233793661,0.012925352381434684
GGATTTCTAGGTTC-1,-0.014455426440608845,0.002906842840363133
GGATTTCTTTGTCT-1,0.02900995839226387,-0.00390373201190174
GGCAAGGAAAAAGC-1,0.0027861597794804887,0.024739523566528025
GGCAAGGAAGAAGT-1,-0.019207638701658033,0.00029537401283681163
GGCAAGGACTTGGA-1,0.0377431317161224,-0.007962463661745262
GGCAAGGAGGACTT-1,-0.016383782917502848,-0.01704341238367426
GGCAATACGCTAAC-1,-0.03096420782809706,0.01711572497383526
GGCAATACGGCATT-1,-0.016497328389247393,0.007134588005015567
GGCAATACGTTTCT-1,-0.010009371638842222,-0.00458735642233137
GGCACGTGGCTTAG-1,0.04313139484278425,0.009439519421138317
GGCACGTGTGAGAA-1,0.00840548779322127,-0.015347146147453193
GGCACTCTTTTGTC-1,-0.013154379397180435,0.013482601275782921
GGCATATGCTTATC-1,-0.004063384134986563,0.005366304853945934
GGCATATGGGGAGT-1,0.05108658647909878,0.043178997885416744
GGCATATGTGTGAC-1,0.004667442741067866,-0.008632589142876228
GGCCACGACAGAGG-1,-0.042696686154703956,0.05777782872475091
GGCCAGACTGGTTG-1,-0.010766529760012435,-0.008497320885941868
GGCCCAGAAAGTAG-1,0.03659292952632703,-0.00879320467835092
GGCCGAACAACGAA-1,-0.026139831775005788,0.0012570042517621631
GGCCGAACGCAGAG-1,-0.04336127672215759,0.04360455600910264
GGCCGAACGTAGGG-1,-0.024600160242271425,0.011765261686943623
GGCCGAACTCTAGG-1,-0.011633158984257281,0.03826662428117311
GGCCGATGCAGGAG-1,-0.012139441235401047,-0.013626154271082309
GGCCGATGCCGAAT-1,-0.011535179717784113,-0.004580650529101687
GGCCGATGTACTCT-1,-0.012882456939092072,-0.017877115639877948
GGCGACACTGCCCT-1,-0.005775468587663469,-0.007357682706443595
GGCGACTGCGTAAC-1,-0.011509919954611342,0.0030135463728835302
GGCGCATGCCTAAG-1,0.025443601057569133,0.03183136604627836
GGCGCATGCTCCAC-1,-0.014915775186421225,-0.0024885211909451903
GGCGCATGTGGAAA-1,-0.019569954370621975,-0.0009604446812408463
GGCGGACTAGAGGC-1,-0.01394052025070357,0.01672932568029167
GGCGGACTAGGAGC-1,-0.010319903126524203,0.007512188372383703
GGCGGACTCTGACA-1,-0.028861265905678685,-0.003084139232891466
GGCGGACTCTTGGA-1,-0.014406888841992725,0.027823483203817355
GGCGGACTTACTGG-1,-0.018623925120064753,-0.018622063448039503
GGCGGACTTGAACC-1,-0.009971811199311127,-0.006995197316403621
GGCTAAACACCTGA-1,-0.004089601695700475,0.0006542527757677878
GGCTAAACTCTTAC-1,-0.027645009785452434,0.004734820374041496
GGCTAATGAGCACT-1,-0.01373969131827811,0.024022599321788397
GGCTAATGGTCTAG-1,-0.02632196303401525,-0.0054039983366470385
GGCTCACTACTCAG-1,0.03422772847021253,-0.01455176186219145
GGGAACGAAGCTCA-1,0.032805927248663866,0.01897494476474806
GGGAACGACACAAC-1,-0.007554761797474656,-0.010104425788346787
GGGAACGAGTGTCA-1,0.05207744224405442,0.007909215003625172
GGGAAGTGTTGAGC-1,0.056577473500299305,0.01553218258170419
GGGACCACACGTTG-1,-0.003994260235287261,0.01473475344121656
GGGACCACAGAACA-1,-0.018766133647468392,-0.01109281364305586
GGGACCACGAATAG-1,-0.011126792773878288,-0.01205172368254872
GGGACCACGTCATG-1,-0.02533970796190423,-0.003241671659225006
GGGACCACTCAAGC-1,-0.023192676684894328,0.009453656872536726
GGGACCACTCGTGA-1,-0.029254527581240777,0.01142288814150232
GGGACCACTGCATG-1,-0.031155506926291817,0.00038086002571183393
GGGACCTGACCCTC-1,0.03415296866039987,-0.010197041893385266
GGGACCTGCTTGCC-1,-0.01843326033042363,-0.010797997066235441
GGGACCTGTGGAGG-1,-0.008033012636649128,-0.01185110213762619
GGGATGGACGACAT-1,-0.013600083498790105,-0.014241946978548324
GGGATGGATACTTC-1,-0.0056643343139932585,0.00640197308299093
GGGATGGATGGTTG-1,0.036759198391763906,0.0034160034799011266
GGGATTACGTCTAG-1,-0.022511834670276173,-0.003925144690877744
GGGCAAGATGCATG-1,0.053479399289653895,-0.0015685951536681731
GGGCACACGGTGAG-1,0.016289104680250938,0.003695408092344145
GGGCACACGTTGCA-1,-0.017346537753050128,-0.004879949843504484
GGGCAGCTTGGGAG-1,-0.01444107476357281,0.008044737464101196
GGGCAGCTTTTCTG-1,-0.00998284867071679,-0.02263251516513353
GGGCCAACCTTGGA-1,0.013589906273092107,-0.011846784046961926
GGGCCAACGCGTTA-1,-0.013412211051596883,-0.013064292019810858
GGGCCAACTACGCA-1,0.042481131423982466,0.001970311937398558
GGGCCAACTCCAAG-1,-0.010838269212044196,-0.02191167631478077
GGGCCATGATGGTC-1,-0.008292853837050636,-0.012595261195600272
GGGCCATGTTGACG-1,-0.011720747510867411,0.013902657781348606
GGGTAACTCAGCTA-1,-0.011900836908935501,-0.01351744470475143
GGGTAACTCTAGTG-1,-0.022666726646807422,0.004078740497467875
GGGTAACTCTGGAT-1,-0.011349796764301263,-0.010622006876740437
GGGTTAACGTGCAT-1,0.0002433500707754964,0.02426088538571886
GGTAAAGAGCTAAC-1,-0.010195706210429666,0.025623085940896923
GGTACAACTGCAAC-1,-0.012902709881402685,-0.008749634453557188
GGTACATGAAAGCA-1,-0.005112673968497409,-0.022167041595646857
GGTACATGAGCTCA-1,-0.010582283037501312,0.004518174473568719
GGTACATGCGGTAT-1,-0.01754371240942249,-0.014939125597318456
GGTACATGGTTACG-1,-0.01708018322308048,-0.015201924609623411
GGTACATGTGGGAG-1,-0.0028332302969747668,-0.00685728232384834
GGTACTGAACTCTT-1,0.04046699260286386,-0.0011116299485287428
GGTAGTACACCACA-1,-0.016867150715199782,-0.011738266407399275
GGTAGTACACTAGC-1,0.031508857294127404,-0.006782529195895918
GGTAGTACCCTGTC-1,-0.006387113446743593,-0.0059227108539314476
GGTAGTACGCCATA-1,0.053275355846010924,-0.0003629737553835161
GGTAGTACTGTCTT-1,-0.013164108690748123,0.0003601940217230421
GGTATCGAGACAAA-1,0.022281473215378954,-0.025067669883004188
GGTATCGATGAACC-1,-0.014214868318692599,-0.024616454577050192
GGTCAAACCAAAGA-1,-0.012874176665527249,-0.003742445918005941
GGTCTAGAGAAACA-1,0.042549470909454684,-0.008828153568189027
GGTCTAGATAGCGT-1,0.03546068625439379,-0.0015420987224073614
GGTGATACCGACTA-1,-0.00780037883113922,-0.013364311742169913
GGTGATACGACTAC-1,0.04468466953236984,-0.009469583731385187
GGTGATACTGTTTC-1,-0.019041913801815583,0.001814497366228308
GGTGGAGAAACGGG-1,-0.00515497879510424,-0.0008574730938583673
GGTGGAGAAGTAGA-1,-0.015195304088491322,0.016147109094370313
GGTGGAGACAGATC-1,-0.004018368110025136,0.020163550814087678
GGTGGAGATCGATG-1,-0.014155819476408926,-0.004515073296265922
GGTGGAGATCTCTA-1,0.04394591472129873,-0.0007463140420693043
GGTGGAGATTACTC-1,-0.010181215405399572,0.006070537921886075
GGTTTACTACGCAT-1,-0.011848545888819777,0.009986971246912097
GTAACGTGACCTCC-1,0.04258181626279655,0.0030832192708215057
GTAACGTGATCGGT-1,-0.008443862525788909,-0.01192229027138666
GTAACGTGCAGCTA-1,-0.006767840750445377,-0.021642174686299642
GTAACGTGGTTGAC-1,-0.026238977809619948,0.0002511917870514713
GTAAGCACAACGGG-1,-0.022501185250443295,-0.0002157196876312979
GTAAGCACTCATTC-1,-0.009130435095274433,-0.016771341816147235
GTAAGCTGGTACCA-1,0.03518946069892349,-0.005566850671139016
GTAATAACCTTCTA-1,0.03814453346374673,-0.004592635356588106
GTAATAACGTTGTG-1,-0.028614379770894583,-0.002551176673557309
GTACCCTGACAGTC-1,0.04318631576161108,0.01269181370685122
GTACCCTGGAGCTT-1,-0.015115041471142388,-0.017419636890144034
GTACCCTGTCCTTA-1,-0.031045853966809093,0.04505032814951242
GTACCCTGTGAACC-1,-0.017895041149711337,-0.006465404108929613
GTACGTGAACGTTG-1,-0.018071109700666655,0.012447742447243296
GTACTTTGTCGACA-1,-0.02123507118876138,0.012960660801341187
GTAGACTGAGATGA-1,0.044058611106641804,0.006091364423714404
GTAGACTGTATTCC-1,-0.02119783102889104,-0.012131490193400533
GTAGCAACAGTCGT-1,0.03598973975960394,-0.005686744638014475
GTAGCAACCATTTC-1,-0.017530551146569272,0.03976711924534517
GTAGCAACGGTAGG-1,0.05309078416694393,0.004853034582932634
GTAGCATGCACTCC-1,-0.009834670009843928,-0.02455602436165167
GTAGCATGTAAGCC-1,0.06206926597996834,0.008004681911414872
GTAGCCCTGACGTT-1,-0.01564098565464626,-0.0019367299189276977
GTAGCTGAAGCTAC-1,0.03254416063485252,0.009157869667830327
GTAGCTGAATTCGG-1,-0.01847831571559864,-0.003877107005699267
GTAGGTACACGGGA-1,0.0475398967028087,-0.006232215363281566
GTAGTGACCTCATT-1,-0.028492058293202904,0.0005264522552165061
GTAGTGTGAGCGGA-1,-0.009041602401507167,0.026934893760944607
GTAGTGTGAGGCGA-1,0.052402568173096686,-0.005738784144341425
GTAGTGTGTGGTTG-1,-0.02173657298280766,-0.013846476294551675
GTATCACTGGTAGG-1,0.036894561566983966,-0.0109905679662162
GTATCTACAGAAGT-1,-0.0013427822461212421,0.012547916832250365
GTATCTACGACGAG-1,-0.020340427865076758,0.018697890972919722
GTATCTACGTTACG-1,-0.005666343906201323,-0.007525920209147943
GTATTAGAAACAGA-1,0.00952954508184397,0.013339070852174305
GTATTAGAGGTCTA-1,-0.025131991961448604,0.007774826280508925
GTATTCACACAGCT-1,-0.018868836597960768,0.007294811451114599
GTATTCACGGGTGA-1,-0.023625665404091074,0.04410953889032929
GTCAACGACACTGA-1,-0.016972766459983846,-0.005510169983520073
GTCAACGAGTGTAC-1,0.04998719123635323,0.0014931006174518984
GTCAACGATCAGGT-1,-0.06401824246362416,0.09009405611011859
GTCAATCTACACCA-1,-0.027421049892566777,0.022868894735468853
GTCAATCTGTAGCT-1,-0.005348606962550705,0.005210711241804812
GTCAATCTTGTGGT-1,-0.022834167010320126,-0.018224822021741405
GTCACCTGCCTCCA-1,-0.012701103537159291,-0.018088824042066066
GTCACCTGTCCCGT-1,-0.014848709459192196,-0.014634660043618117
GTCATACTAATCGC-1,-0.012354365534153113,-0.013470220930993312
GTCATACTGCGATT-1,-0.01504978547311732,0.02986582349471998
GTCATACTTCGCCT-1,0.04382507277651522,0.03796595820758149
GTCATACTTTACCT-1,-0.018751430780232326,0.0263454381830562
GTCATACTTTGACG-1,-0.020975227381062885,-0.00491997042993255
GTCCAAGAAAAACG-1,-0.016464447685779548,-0.011305432937435148
GTCCACTGACCTCC-1,-0.028490604535273623,-0.005108335036917718
GTCCACTGGGTACT-1,0.040795697845945084,0.0048920524185958585
GTCCAGCTACGGGA-1,-0.01895705436581035,-0.005813778468396178
GTCCCATGTGGTGT-1,0.028104737000279295,0.00027781738275129905
GTCGAATGAAGGCG-1,0.040309160598706595,0.0072414606520444045
GTCGACCTGAATGA-1,-0.0036148935979679296,0.02141430667749975
GTCGACCTGTTCAG-1,-0.019381610359325886,-0.013528625997721177
GTCGCACTTGAGAA-1,-0.000947654385050279,-0.004981293951920818
GTCTAACTGGTCTA-1,0.0424798523192024,0.00977904474214122
GTCTAGGAGCTTCC-1,0.03604729983541198,-0.005012052942210487
GTGAACACACTCTT-1,-0.03043313866038019,0.008002645707018025
GTGAACACAGATCC-1,-0.01154348543604742,0.013475752899704534
GTGAACACTCAGGT-1,-0.004568196125111189,-0.018652070231065444
GTGACCCTTAAGCC-1,-0.03350951775341743,0.028289676465726284
GTGATGACAAGTGA-1,-0.008247410378404534,-0.014204872665636812
GTGATGACCTGAGT-1,-0.011795512888281144,-0.018199694373971335
GTGATGACGGTTTG-1,-0.018469573640442157,0.00869994575456717
GTGATTCTCATTTC-1,-0.014921944370403787,-0.005775694204123551
GTGATTCTCTCTCG-1,0.027860837094781668,-0.01695138973767378
GTGATTCTGGTTCA-1,-0.011386891198760924,0.026371607051677605
GTGATTCTGTCGAT-1,-0.027340111956261976,0.010075463055914648
GTGATTCTTAGCGT-1,-0.011463101135190217,-0.0061483400308768145
GTGCCACTCAGGAG-1,-0.025540680265635756,-0.0026312777953930427
GTGGATTGCACTAG-1,0.03421233219918807,0.014079735202072875
GTGGATTGCGGAGA-1,-0.012408834259320399,-0.002450346858434224
GTGGATTGTAACGC-1,-0.021198372080481944,-0.01856842448908673
GTGTACGATCAGTG-1,-0.02159502720450628,-0.0019723501672164853
GTGTAGTGGGTACT-1,-0.008817906384762497,-0.006393738462276565
GTGTATCTAGCCTA-1,-0.010722427397101792,0.0008032116996970987
GTGTATCTAGTAGA-1,-0.010458601489788208,0.0014055055840841912
GTGTATCTGTTACG-1,-0.0013260753331392101,-0.00963928151874231
GTGTCAGAAGCGTT-1,-0.0136440487813611,0.008263627731947611
GTGTCAGAATGCTG-1,-0.05224142292807178,0.04430526503836964
GTTAAAACCGAGAG-1,-0.009194748728286118,0.03934730163455543
GTTAAAACTTCGCC-1,-0.013156426289879935,-0.011046137946912466
GTTAAATGCTCGAA-1,-0.019799959536614866,-0.009620782400227689
GTTAAATGTCGACA-1,-0.009583941545866111,-0.012523116454870947
GTTAACCTAGCTAC-1,-0.009925402399356832,-0.015423375917831769
GTTAACCTTGCTTT-1,0.019490922600646592,-0.011125425795375968
GTTAGGTGCACTCC-1,-0.008958691330699396,-0.012722026691133276
GTTAGGTGCCAGTA-1,0.03585133275298102,-0.004991465959246976
GTTAGGTGCCCAAA-1,0.03963000210924103,0.0038999980491616053
GTTAGGTGGAACTC-1,-0.0174612024075558,-0.003986412409048363
GTTAGTCTAAGAAC-1,-0.027829179156965134,0.01974054996969087
GTTATAGAGGACAG-1,-0.013030606344720731,-0.004899474883843645
GTTATGCTTTCATC-1,-0.02629415686328253,-0.004256838377917179
GTTCAACTGGGACA-1,-0.005705989717555173,0.03285738959464804
GTTCAACTTATGCG-1,-0.025937223535902592,0.0026258820533228595
GTTGACGAGCCCTT-1,-0.0029193210412359026,0.01205408955969901
GTTGACGATATCGG-1,0.007540144727191875,0.02920983436447215
GTTGAGTGGTCTTT-1,0.035314108505802994,-0.003711304268381778
GTTGAGTGTGCTTT-1,-0.012483854842358102,-0.022312059587104055
GTTGATCTGGGACA-1,-0.032877765804168194,0.01795750239850897
GTTGATCTTTTCAC-1,-0.00629381087967484,0.0028322970328305275
GTTGGATGTTTACC-1,0.05087340110971221,0.010240211404776373
GTTGTACTATTCCT-1,0.043057180576946893,-0.0043662654252287405
GTTGTACTTTTGGG-1,-0.016440259925435286,-0.013995134510687825
GTTTAAGACCATGA-1,0.029347937769190924,-0.0027918461372610937
GTTTAAGACTGTCC-1,-0.010873271630743576,0.011194928218578027
TAAACAACCAACCA-1,-0.01011046983689768,-0.01651596279013573
TAAACAACGAATCC-1,-0.012077208004413201,-0.014378906284102278
TAAAGACTCAGGAG-1,-0.013279908785891272,-0.007925847778034633
TAAATCGATGAGGG-1,-0.022068620314679602,0.011421063679017737
TAACAATGTGCCCT-1,-0.005100838264645146,-0.005475540379524538
TAACACCTTCGCTC-1,0.03598883459758631,-0.011316330775283536
TAACACCTTCGTAG-1,0.034030097873372335,0.006076082262849527
TAACACCTTGTTTC-1,0.052439619412015484,0.042601022524411544
TAACATGACACTAG-1,-0.010431957737383219,-0.01119126824071862
TAACCGGACTTACT-1,-0.0320787514162907,-0.0031118631836818712
TAACGTCTCAACCA-1,0.043030459397073124,-0.00010152856731346447
TAACGTCTCATTGG-1,-0.015787422229782053,0.0007151802506629428
TAACTAGAATTTCC-1,-0.015306043599038883,0.010758047209660736
TAACTAGACTTAGG-1,-0.011192586160860427,-0.014144802653796978
TAACTAGATCTGGA-1,-0.018467205878761456,-0.014254713369956977
TAACTCACGAGGAC-1,0.03533179588031456,0.01892032641364631
TAACTCACGTACAC-1,-0.0186907579091276,-0.015237759727749182
TAACTCACGTATCG-1,0.0261700833938687,-0.006289312210156592
TAACTCACTCTACT-1,0.0005639224655324265,0.016303239093353412
TAAGAACTGTGTCA-1,0.02984395871755733,-0.005404321507051175
TAAGAGGACTAAGC-1,-0.013531513134349794,0.0024314369749335128
TAAGAGGACTTGTT-1,-0.011672563684806871,0.03795049863460531
TAAGATACCCACAA-1,-0.04249836408265209,0.03431862467994976
TAAGATACGGTTCA-1,0.059400466971455526,-0.00023716333127773298
TAAGATTGCGTAGT-1,-0.023399009022108088,0.0012477340272386448
TAAGATTGTTGCTT-1,-0.009548633643124096,-0.006788223568226112
TAAGCGTGAGGTTC-1,0.03595077055637526,-0.008258409654538869
TAAGCGTGGACAAA-1,0.03481994014103061,-0.0019934008731475814
TAAGCGTGGGAAAT-1,-0.014085516338299263,-0.00469389346802019
TAAGCGTGTGCTCC-1,0.046353794635952635,0.005732361325549957
TAAGGCTGCCATGA-1,-0.012346091528412689,-0.002712413018833791
TAAGGCTGCTGCTC-1,-0.024184646821351286,-0.01383004605434255
TAAGGCTGTCTCGC-1,0.0342823554511448,-0.0027189630581811314
TAAGGGCTGCTGTA-1,-0.002118701458550757,0.01817539003603773
TAAGGGCTTTACTC-1,-0.011963983025726235,-0.004625295546362952
TAAGTAACCGAGAG-1,-0.010126096169077614,-0.006744141573156597
TAAGTAACCTCCAC-1,-0.010939591037917376,-0.012963372126380261
TAAGTAACCTGTAG-1,-0.00752566188926854,-0.014249450807504683
TAAGTAACTTGTCT-1,-0.02291466138759966,0.024613375061156618
TAATGATGAGCGGA-1,-0.01436079597766117,-0.020728577983725738
TAATGCCTCATGAC-1,-0.011443570069416327,-0.021352774330689564
TAATGCCTCGTCTC-1,0.0064779460185720675,0.01666817867621967
TAATGTGAAGATGA-1,-0.023451493306307598,-7.512347948115949e-06
TAATGTGACTGCAA-1,0.038583221377789495,0.002221744281312747
TAATGTGATTACTC-1,-0.015414894085708213,0.003418905138385277
TACAAATGGGTACT-1,-0.006894474791340831,-0.01855367587849275
TACAATGAAAACAG-1,0.058513830041980255,0.0007456046669882801
TACAATGACTTAGG-1,-0.011457975367699866,-0.01238423138078545
TACAATGATGCTAG-1,-0.014343453090670952,0.009127992671403925
TACACACTCACACA-1,-0.011824415600222883,-0.016122216547063625
TACACACTCTTACT-1,-0.0013461190894863383,0.012768935903726051
TACATAGAACGCAT-1,-0.01941791063789856,0.012446043644979459
TACATCACACGGGA-1,-0.02646115137464129,-0.002711235319836658
TACATCACCTGTTT-1,0.03654824892470755,0.010644786697723344
TACATCACGCTAAC-1,-0.007003103942515562,-0.013977249428481527
TACATCACTGAACC-1,0.030573009116581586,0.012870511533466116
TACCATTGAGGTTC-1,-0.020522366172209264,0.01817359617187124
TACCATTGCGGGAA-1,0.049614835183761224,0.0035165594155144794
TACCATTGGGGATG-1,0.03808530595848287,-0.01869113156910559
TACCATTGTGAGGG-1,0.016906607508956603,-0.003900167915995549
TACCGGCTGTTGGT-1,-0.01367053119398956,-0.020050184568677527
TACGAGTGATCTCT-1,-0.010827002844367127,-0.014668476778578854
TACGAGTGATGCTG-1,0.039642776278904876,-0.010957284137272616
TACGAGTGCGGAGA-1,-0.011438771029484741,0.010670304927528577
TACGAGTGGTTGGT-1,-0.011148660538927338,-0.004954153364364948
TACGATCTAGTGTC-1,-0.013073686795676522,2.2394770990250175e-05
TACGATCTCACTGA-1,0.037558038758519,-0.0013630447364076596
TACGATCTTACGAC-1,-0.009513022954940206,0.0035313865612447183
TACGCAGACGTCTC-1,-0.038535715726048705,0.05021269596099621
TACGCAGAGAATCC-1,-0.009624426999215917,-0.004797964803432199
TACGCCACATTCCT-1,-0.010728486714790444,-0.004155485276739616
TACGCCACTCCCAC-1,0.046285885468794946,0.015167601876097184
TACGCCACTCCGAA-1,-0.019193440971423312,0.0016966900012195668
TACGCGCTCTTCTA-1,-0.0006872685749088232,-0.0013123938667249273
TACGGAACGCGTTA-1,-0.008633366382633165,-0.012261150648408888
TACGGCCTGGGACA-1,-0.001264110591712022,0.024056879374982347
TACGGCCTGTCCTC-1,-0.04018207096249958,0.03214520727862741
TACGTACTACGGAG-1,-0.012386602506514802,-0.010755853390992259
TACGTACTCAGTTG-1,-0.010244296045841646,-0.016534743780937777
TACGTACTCCCGTT-1,-0.007004812290126689,-0.016376517052163007
TACGTTACAGAAGT-1,-0.006903018607684306,-0.020741186415546793
TACGTTACCAAGCT-1,0.047835093798448025,0.0012627598126816932
TACTAAGAAAGGTA-1,-0.011992153576768947,-0.0047955240868442165
TACTAAGAATCACG-1,-0.028143248966040136,0.012350228288242747
TACTAAGATGATGC-1,0.0474249688219364,-0.00418277191242334
TACTAAGATTGCGA-1,-0.011339321195194815,-0.0031522588498382937
TACTACACGAGAGC-1,-0.012203527100449394,-0.014540610192287933
TACTACACTTACCT-1,-0.015781624524465746,-0.027181579088937934
TACTACTGAACCTG-1,0.05614508524452687,-0.0009587509565311897
TACTACTGATGTCG-1,-0.0005017750827256279,0.02109343928318862
TACTACTGATTCTC-1,-0.020838661636295917,-0.010753400261156147
TACTACTGTATGGC-1,-0.018543967557789424,-0.016208804574275773
TACTCAACGGTCTA-1,0.036750030122302935,-0.012162097485637747
TACTCAACTGCTAG-1,-0.0058748085283411335,-0.002804513008030063
TACTCCCTCAGTTG-1,-0.023868185028765084,0.004139730073566519
TACTCTGAATCGAC-1,-0.013607688963330783,0.029275660191433857
TACTCTGACGAGTT-1,-0.015767132652862902,0.0018073489451219662
TACTCTGATTGACG-1,-0.014105878903390722,0.00812899620819155
TACTGGGATCGATG-1,-0.019231331800436204,-0.0036727232069865964
TACTGTTGAAAGCA-1,-0.012426189955001752,-0.009088385326381515
TACTGTTGAGGCGA-1,-0.005598678059374942,0.02532384683568873
TACTGTTGCTGAAC-1,-0.0004132556305379495,-0.01686721319224034
TACTTGACTCCTCG-1,-0.01080122248180694,0.01103541241292507
TACTTGACTGGTGT-1,-0.0169570190740627,-0.010599083126102696
TACTTTCTTTTGGG-1,-0.014673442103237535,0.009477470928779043
TAGAAACTAATCGC-1,-0.026918791960704274,0.01288654860400552
TAGAAACTGCTTCC-1,0.028032438606372334,-0.012484112834088068
TAGAAACTGGGATG-1,-0.03430922019661005,0.0689101028370602
TAGAATTGCGACAT-1,-0.01935817114790771,-0.01811089370799806
TAGAATTGTATCGG-1,-0.01660864885900414,-0.01427151372971366
TAGACGTGCTTGAG-1,-0.008412200350793798,-0.012864215229460067
TAGACGTGTCGCTC-1,-0.01993402576261419,-0.014955234331969271
TAGAGCACCTTACT-1,-0.003524000829483131,-0.0121346919115961
TAGATTGACTTGTT-1,-0.009554114298634096,-0.01700187842820983
TAGATTGAGGCATT-1,-0.02171064085673811,0.021695723717042533
TAGCATCTCAGCTA-1,-0.0012702057886231424,0.0380615165527556
TAGCATCTCCCTCA-1,-0.013024409190964533,-0.008594681299606343
TAGCATCTGCTGTA-1,0.04211391893036994,0.013102463602514366
TAGCATCTGGGACA-1,-0.026878923295766088,0.0008943287220769076
TAGCATCTTGTCGA-1,-0.025708187576488465,-0.011590039344813922
TAGCCCACAAAAGC-1,-0.011373335514801013,-0.013895685315873485
TAGCCCACAGCCAT-1,-0.00696229921586438,0.015936973750068244
TAGCCCACAGCTAC-1,0.007211188790789337,0.028028516299964855
TAGCCCACCCACAA-1,-0.020583243304390774,-0.015790924701543106
TAGCCCTGCGGAGA-1,-0.018604228305896708,0.003593431036442241
TAGCCGCTTACGAC-1,-0.013139213377994022,-0.005046749929973236
TAGCCGCTTACTTC-1,-0.01599614187870754,0.01982683755202576
TAGCCGCTTTCCAT-1,0.03253578601564343,-0.004833375029566486
TAGCTACTGAATAG-1,-0.014833248756013634,-0.010690370928469549
TAGCTACTGTAGCT-1,-0.013535971896052386,-0.006149181262463412
TAGCTACTTTTGCT-1,-0.013369449784743349,-0.005803956451728792
TAGGACTGTGCTGA-1,-0.011913320897630888,0.005770801456718433
TAGGAGCTAAGGCG-1,-0.007398135708104506,-0.018908210876955343
TAGGAGCTGAGGGT-1,-0.021115026735333598,0.0065735912524152885
TAGGAGCTTGCATG-1,-0.016835991753149804,-0.0012514817342405967
TAGGCAACCGTCTC-1,-0.010719085245975455,-0.017522200231527812
TAGGCATGCTCTCG-1,0.007144152729088938,-0.0012609316486486702
TAGGCATGGCGAGA-1,-0.010034028209090353,-0.0036757318451041895
TAGGCTGATGCCTC-1,0.043229245246342675,-0.007362811011067354
TAGGGACTGAACTC-1,-0.008256634574765349,0.01932160492982413
TAGGTCGACACTGA-1,-0.018128046067692204,-0.007646500376979725
TAGGTCGAGGATCT-1,-0.01234179510917717,-0.011050961612487614
TAGGTGACACACTG-1,-0.00832330954024544,-0.0017473016818976518
TAGGTGACACGTTG-1,-0.003227036745527094,-0.018810543284155233
TAGGTGTGTTCTGT-1,-0.006216362538108578,0.026404573955791814
TAGGTTCTGAAGGC-1,-0.010830364384154224,-0.004913852697358357
TAGGTTCTTCTTAC-1,0.05789096646018643,0.016643812094204673
TAGGTTCTTGCTGA-1,0.03785528627549081,-0.00710038125352569
TAGTAAACCTCGCT-1,-0.026810640088771643,-0.003625754152278583
TAGTAAACGTCACA-1,-0.015132760098594277,-0.013316140396620895
TAGTAATGAGATCC-1,-0.0170237300817262,-0.0030911943281403103
TAGTACCTAAGAAC-1,0.05382334513910304,-0.005954830891263909
TAGTATGATCTTAC-1,-0.008960871709833406,-0.019761874686297493
TAGTATGATTCTCA-1,-0.011031482448967053,-0.014528967720264118
TAGTCTTGGCTGTA-1,-0.03326560284024903,-0.014888789333331941
TAGTCTTGGGACTT-1,-0.013668735805706551,-0.00024024296547045607
TAGTCTTGTGGAAA-1,-0.005857412381290665,0.0041925320567661566
TAGTGGTGAAGTGA-1,0.003065739432861569,0.023598571572172263
TAGTTAGAACCACA-1,-0.0057694869039885965,0.03172308031123407
TAGTTAGATGAACC-1,-0.019215263846551135,0.010037819465250557
TATAAGACAACAGA-1,-0.032851949984581255,0.024478355736383337
TATAAGACAGCTCA-1,0.02801181203801696,0.021265691799727635
TATAAGTGACACCA-1,0.033326272213044024,0.023178477808453658
TATAAGTGTATCGG-1,0.03702965825251374,0.007497812792853876
TATAAGTGTGGTGT-1,0.04270357639785351,0.011824081324494706
TATACAGAACCCTC-1,-0.012544360122861729,0.0022367284396749886
TATACAGAAGAACA-1,-0.029459726219866828,0.0067340618966983505
TATACAGATCCAGA-1,-0.015103141961540698,0.0004107265252054392
TATACCACCTGATG-1,-0.006262085099212885,-0.013533770546439483
TATACGCTACCAAC-1,-0.00731003100133203,0.0035015360455261622
TATAGATGGACGGA-1,-0.01495575666890769,0.011688952481433309
TATAGATGTTCCGC-1,0.039862613655206824,0.009922229938479918
TATCACTGACTGTG-1,0.04569027973074512,-0.0009592135585130218
TATCCAACCAGCTA-1,0.06409912809167358,-0.0036091224790631175
TATCCAACTCTCTA-1,-0.01029738557182017,-0.007764322217153478
TATCGACTACTAGC-1,-0.013674550227707388,-0.002850792691747906
TATCGACTCGATAC-1,0.04247735582381489,0.013587880888304663
TATCGTACAGATGA-1,-0.020109697420952023,0.023519158925490006
TATCGTACATTCCT-1,0.043384761236464425,-0.002836703702688006
TATCTCGAGAGATA-1,-0.03333045393601722,0.01432492954970497
TATCTGACAGGTTC-1,-0.010190170413512872,0.020079614001979808
TATCTGACTGTTTC-1,-0.02028966908208468,-0.0036276661070534094
TATCTTCTAAACAG-1,-0.019486176277323086,-0.015353321848818897
TATGAATGGAGGAC-1,-0.006964336891927072,0.031744555600975624
TATGAATGTTTGCT-1,0.03404220706863095,0.012607465252378509
TATGCGGATAACCG-1,0.0031245022700884025,0.013236043026855548
TATGGGTGCATCAG-1,0.014784852862599568,0.010681391423727492
TATGGGTGCTAGCA-1,-0.004780209099489625,-0.0018441560012052187
TATGGTCTCTACCC-1,-0.014471880810186712,-0.015043661353384032
TATGTCACGGAACG-1,-0.014417730211747855,-0.021831636634435207
TATGTCACTAACCG-1,0.038606303304589376,-0.002612814491294165
TATGTCACTTCTCA-1,0.007304696411176035,-0.004759062069680132
TATGTGCTCCGATA-1,0.053612166016611076,-0.001600594461337554
TATGTGCTGGATTC-1,-0.02108728860981571,0.0004668292945742428
TATTGCTGAAGAAC-1,0.04801246979708179,0.012666680597111058
TATTGCTGCCGTTC-1,-0.010891860922942878,-0.02306243276267747
TATTGCTGTCTGGA-1,-0.02365754379914842,-0.016561403439767156
TATTGCTGTGCACA-1,-0.022322449680930213,0.011351787593081468
TATTTCCTATTGGC-1,0.040777167446522225,-0.008774343100163014
TATTTCCTGGAGGT-1,0.0035577792922226823,0.011029447485306841
TATTTCCTGGTGTT-1,-0.022284352049437687,-0.007460995685258024
TCAACACTGTTTGG-1,0.005901174641607405,0.012354151439665596
TCAAGGACAGCGTT-1,-0.01628583477370275,-0.0135701009257687
TCAAGGACATTCTC-1,-0.010124964215835548,0.027251794702915617
TCAAGGACGGTGTT-1,0.029443961155473593,-0.01971739929502478
TCAATCACACTCTT-1,-0.010124471745442124,0.009514666446413326
TCAATCACAGTCGT-1,0.03699912661031313,0.01467747580342086
TCACAACTATGTGC-1,-0.01205472782431638,-0.01700198727432372
TCACAACTTTGCTT-1,0.044430600068395686,-0.010506685459702361
TCACATACACTTTC-1,-0.00867447313353794,-0.005902418650449549
TCACATACAGGGTG-1,-0.016193126622025638,-0.013425251397031256
TCACCCGAGACGGA-1,0.04186483534073797,-0.000941653455642742
TCACCGTGCTCGCT-1,0.024061918329845,0.00801053480363138
TCACCTCTACGACT-1,-0.021981043682160407,0.023845199330658543
TCACCTCTTCCAAG-1,0.03705794343465607,0.01302126463173468
TCACGAGAGGAGGT-1,-0.015649521349039425,-0.0075288881442103425
TCACTATGGGGCAA-1,-0.03331564507774584,0.03793984392301784
TCACTATGGTTGTG-1,-0.00913975495563548,-0.029467402771513357
TCAGACGACGCTAA-1,-0.008664755310948697,-0.007039526578854707
TCAGACGACGTTAG-1,-0.0036712449756006148,0.02925341141565818
TCAGAGACTCCAGA-1,-0.031021613193255578,-0.008757915071291443
TCAGCAGACTCCAC-1,-0.014853942776741395,-0.01607637632017176
TCAGCGCTCTAGTG-1,-0.008892221728967722,0.010817912640789247
TCAGCGCTGGATCT-1,-0.007740461918552828,-0.0062793481876435835
TCAGCGCTGGTATC-1,-0.013938271504385428,0.0041713312853529
TCAGGATGAAGTAG-1,-0.023868481364859032,0.0004910921075702533
TCAGGATGCCTTTA-1,0.03895504073881351,0.014673362388187661
TCAGTGGAAGATCC-1,-0.013530947445509516,0.013866926610177768
TCAGTTACCTACGA-1,0.050920253058340414,0.0027891318269230234
TCAGTTACTAGAAG-1,-0.009326527523253279,-0.013802413513551381
TCATCAACCCGATA-1,-0.03634932324664261,0.007990269902186922
TCATCAACTGTTCT-1,0.05179409980136582,-0.0036514574408046336
TCATCATGCAGTTG-1,-0.011132873215731216,-0.007232262301049546
TCATCCCTTACTGG-1,-0.0094740413409386,-0.007371170795122353
TCATTCGATACAGC-1,0.040311042954956355,0.01227777816893753
TCCACGTGGAAACA-1,-0.017050833794291027,-0.012215004648043325
TCCACTCTACACTG-1,-0.017240357074121426,0.01664530076495978
TCCACTCTGAGCTT-1,0.03853499857137743,-0.001717434838753262
TCCACTCTTACTTC-1,-0.005953708318106082,-0.02039735287591824
TCCATAACAAAGTG-1,-0.021124603370898967,-0.0042664184022308685
TCCATAACCGTAGT-1,-0.007854907186280378,0.003241507959648112
TCCATAACGATGAA-1,-0.009649689713958482,-0.006135790799212472
TCCATAACTACGCA-1,-0.01926228731596612,-0.006739392028718578
TCCATCCTCCCTAC-1,-0.0035716790709552255,0.011076610185195703
TCCCACGATCATTC-1,-0.014840481108521084,-0.013939916683078823
TCCCATCTCAAAGA-1,0.05665698531915264,-0.0010479714954823582
TCCCGAACACAGTC-1,0.002413002851315363,0.01771728878671307
TCCCGAACTTCGCC-1,0.05434031753501861,0.012822018630881067
TCCCGATGAGATCC-1,-0.0028491908326236694,-0.009928015651079588
TCCCGATGCCTGAA-1,0.051095295706143184,0.0061132213405484925
TCCCGATGCTGTGA-1,-0.01045300409565689,-0.0007635837525086552
TCCCTACTCAACTG-1,-0.012782337562035822,-0.013569896399435075
TCCGAAGACAATCG-1,0.04683871180549554,0.008343727333454405
TCCGAAGACGTTAG-1,-0.011150619732620479,-0.012098140247028842
TCCGGACTGAGGTG-1,-0.00401634635515594,-0.008616329085475785
TCCGGACTGTACGT-1,-0.01892776516590636,0.00915361608444036
TCCTAAACATCGAC-1,-0.01983185089066476,-0.005202961709441342
TCCTAAACCGAGAG-1,-0.007697255228154631,-0.009141498170493667
TCCTAAACCGCATA-1,-0.0009365735183731981,0.021645761650058916
TCCTAATGGTTTGG-1,-0.0021144202503714654,0.02405252955898498
TCCTACCTGTCGTA-1,-0.009992086582076103,-0.0068754158902118645
TCCTATGAAAAGCA-1,-0.01168072099169051,0.017962324420142055
TCGAATCTCTGGTA-1,-0.02217375449226024,0.021124071047170418
TCGACCTGCCGATA-1,0.040661991874727875,0.01024788811751793
TCGACGCTTCTATC-1,0.04501043069217692,-0.006584269334037236
TCGACGCTTTGACG-1,-0.016499832002439176,0.007424331269059021
TCGAGAACGACAGG-1,-0.015024178202114786,-0.01731877441463621
TCGAGAACGTTAGC-1,0.0016924628510917097,0.006467055091859658
TCGAGCCTATCAGC-1,-0.01372545503995426,-0.011880813759149355
TCGAGCCTGCGAGA-1,-0.01297310530553954,0.002871570894907055
TCGAGCCTTGTGAC-1,-0.01743597718375117,-0.013394951326460479
TCGATACTATTCCT-1,-0.015140073946369053,-0.0014754741475868573
TCGATACTTGCACA-1,-0.013820476138165855,0.0016683557373709454
TCGATTTGATGCCA-1,0.03165698866216981,-0.018419877513032243
TCGATTTGCACTCC-1,-0.013963114341764081,-0.02036670605339773
TCGATTTGCAGCTA-1,-0.007252852010381151,0.032468064118583176
TCGATTTGCCTACC-1,0.044133457427304984,-0.0010996548661118622
TCGATTTGTCGTGA-1,-0.0174224205648489,-0.026881556480007687
TCGCACACCATCAG-1,0.038542101138791904,0.018037215350431325
TCGCAGCTAGATCC-1,-0.013848559229511389,-0.004889307440462735
TCGCCATGAGACTC-1,-0.031366802910742564,0.0022102267993003143
TCGCCATGTGGTCA-1,-0.011785346066353349,-0.0022869524505601357
TCGGACCTAACAGA-1,-0.016217170490151336,-0.008254035678346563
TCGGACCTATAAGG-1,-0.01569941038741755,0.005753254570838485
TCGGACCTGTACAC-1,-0.012936808887428718,-0.013105827524950191
TCGGTAGAGTAGGG-1,-0.015145970933388184,-0.012734883734218777
TCGGTAGATCCCAC-1,-0.012972484051985388,-0.018545084293392786
TCGTAGGATCGACA-1,-0.010485184266959147,-0.00504595416931604
TCGTGAGAACTGTG-1,-0.027701099625924746,0.03859606977266274
TCGTTATGGACAAA-1,-0.01807604645544759,0.006164817739648339
TCTAACACCAGTTG-1,-0.011697633654330526,0.015563937964249777
TCTAACACGAGCAG-1,0.01413135167072676,-0.01591729259442486
TCTAACTGAACCAC-1,-0.0047926507507636724,-0.005890074332113117
TCTAAGCTAATGCC-1,-0.011352667517810451,-0.009375080773923211
TCTAAGCTTAGTCG-1,-0.00559191222672813,0.012259809249312144
TCTAAGCTTCTAGG-1,0.044558784477399,0.005763025889783413
TCTAAGCTTGTTCT-1,0.03623365734035397,-0.01284224919641097
TCTAAGCTTTCGCC-1,-0.009477315405436053,4.4012909050339735e-05
TCTACAACGACTAC-1,0.040165393841187544,0.00237596288540379
TCTAGACTTAGAAG-1,0.04837008847535358,-0.0004193112636129651
TCTAGTTGCACCAA-1,0.05455027317151137,0.001930981547811037
TCTATGTGAAGAGT-1,0.06796766652617844,0.0027843415411626625
TCTATGTGAGTCTG-1,-0.0115244782027066,0.003425551185956761
TCTCAAACCTAAGC-1,-0.012432487567239216,-0.016562138342729092
TCTCTAGAATTTCC-1,-0.006198156763625291,-0.004442111795741736
TCTGATACACGTGT-1,-0.02341233725208278,0.0008770530583599731
TCTGATACTCGCCT-1,-0.02104507681557843,-0.012038811884676395
TCTTACGAACCTGA-1,0.0422206869092796,0.010368152987576868
TCTTCAGAGCTACA-1,0.04258389228894138,-0.0034070354584277577
TCTTGATGCGGAGA-1,-0.014792089448163268,0.0031665694167724405
TGAAATTGGTGAGG-1,0.02599150009248352,-0.010944468785876734
TGAACCGAAAACGA-1,-0.019248994574291158,-0.00800442659941028
TGAACCGACTACTT-1,0.04214762821613975,0.006911190308123705
TGAACCGATTCGGA-1,0.044928175606416945,0.0004374041277453418
TGAAGCACTCACGA-1,-0.006050265244695246,-0.01154442859577842
TGAAGCTGAACGAA-1,-0.019839007840551395,-0.011106346407372895
TGAAGCTGAGACTC-1,-0.02423150673613089,0.020140923046116782
TGAAGCTGCATGGT-1,-0.00837944475206346,-0.013486898102499126
TGAAGCTGCGTAAC-1,-0.019764492096149725,-0.0005225406744945238
TGAATAACCACTTT-1,-0.021576525940569375,-0.008695575869199744
TGAATAACTCCCAC-1,-0.0027769991607483058,0.023723099138169154
TGACACGACCTTAT-1,-0.012104814722163286,-0.017757882763898197
TGACCAGACAACCA-1,-0.017239643802276713,0.006596736414678206
TGACCAGAGGATTC-1,-0.0163806337625084,-0.013428142998957632
TGACCGCTAAAAGC-1,-0.008846511825439714,-0.01048902252205692
TGACCGCTCTGCAA-1,-0.03319984854060973,0.0009291499885030413
TGACGATGCAAAGA-1,0.0390273729295829,-0.01150827149283207
TGACGCCTGTACCA-1,0.004918997302272942,-0.006613103415744004
TGACGCCTTTACTC-1,-0.0023338282797829187,0.01904124992373066
TGACTGGAAGAGAT-1,0.07265747466210642,0.013111523171676433
TGACTGGACCGTAA-1,-0.010825707770871707,-0.0014780136454870959
TGACTGGACGCAAT-1,-0.025899767288780563,-0.0053722183985371935
TGACTGGAGGACAG-1,-0.011241121558503219,-0.011250785163481117
TGACTGGATTCTCA-1,-0.006161052747996467,-0.022229656055462767
TGACTTACACACCA-1,-0.010798140171730052,-0.007170125084854048
TGACTTACAGTCTG-1,0.05119007952811919,-0.009247143426642231
TGACTTTGCGCATA-1,-0.037096212247310245,0.0131106479197403
TGACTTTGTTTGTC-1,-0.010886544668364778,0.001208814389350707
TGAGACACAAGGTA-1,-0.00970201410860706,-0.009017713281564591
TGAGACACTCAAGC-1,-0.017504150064919056,0.006367253126914208
TGAGACACTGTGCA-1,-0.026822469757619292,0.035410605332960664
TGAGCTGAATGCTG-1,0.036316405113773514,0.008566778981679953
TGAGCTGACTGGAT-1,0.047809777978968446,-0.0029506020958416923
TGAGCTGAGCGAGA-1,-0.055245083328273534,0.043047782061752825
TGAGCTGATGCTAG-1,0.054958946757354105,0.009276899561506178
TGAGGACTCTCATT-1,0.038186009695468384,-0.0035041022546422203
TGAGGACTTCATTC-1,-0.012810062409172096,-0.014659998205326749
TGAGGTACGAACCT-1,0.0399378259007067,0.013052971116011704
TGAGTCGAGTTACG-1,-0.005483328705281149,-0.010514071011027679
TGAGTGACTGAGCT-1,-0.019639077481538755,-0.004349788659066983
TGATAAACGAATCC-1,-0.018630913841717705,0.0031737720238612325
TGATAAACTCCGTC-1,-0.004510432710788711,0.015168382613320947
TGATAAACTTTCAC-1,-0.021274030766938474,-0.0043751754551185525
TGATACCTCACTAG-1,0.04432248099748119,-0.013085998878380268
TGATACCTGTTGGT-1,-0.013254332642765817,0.015331725038390719
TGATACCTTATGCG-1,-0.01623756007541063,-0.007320804778580214
TGATACCTTGAAGA-1,-0.01396340545994092,-0.015625712569765065
TGATATGAACCTTT-1,-0.016954424550230423,-0.013630688314513908
TGATCACTAGCATC-1,-0.007847416914460802,0.006318703873497828
TGATCACTCTCGCT-1,-0.023610324316708075,0.010563299932248256
TGATCACTTCTACT-1,-0.02063269943380516,-0.0039044881548314556
TGATCGGACTGACA-1,0.03228035738570542,0.012123243884197808
TGATCGGAGGAGCA-1,-0.008281446625697235,-0.013273586575221707
TGATCGGATATGCG-1,0.05546845553295186,0.01713576591849998
TGATTAGACATTGG-1,-0.010455229649980823,0.0008701105218815652
TGATTAGATGACTG-1,-0.01719075719311369,0.002155249672037311
TGATTAGATGCTAG-1,-0.015764033081332177,-0.011841994764302272
TGATTCACTATGCG-1,-0.03412048134541473,0.007145042918387311
TGATTCACTGTCAG-1,-0.0105858025573927,-0.021210335090666364
TGATTCTGCCGAAT-1,-0.006662869663788755,-0.014163145812605476
TGATTCTGCTCTTA-1,-0.0053411678257387005,-0.006707131035495788
TGCAAGTGAGAACA-1,-0.01290033544333688,0.006531708621144957
TGCAAGTGGGTAGG-1,0.027281515246167676,-0.013592364196408661
TGCAATCTTCAGGT-1,0.014189301920628988,-0.01477160222351333
TGCACAGACGACAT-1,0.003950900099645507,0.017252609160752226
TGCCAAGAGCAGTT-1,0.01555498522658703,0.0010768651013022016
TGCCAAGATCTCTA-1,-0.012162255593217434,-0.02301430349007225
TGCCACTGAACGTC-1,-0.00732734656149182,-0.010518555910368982
TGCCACTGCGATAC-1,-0.00021324141977025965,0.018766695967631808
TGCCAGCTTGGCAT-1,-0.014513491531033818,-0.010010836591246231
TGCCCAACAGCAAA-1,-0.011284188578598198,-0.01608376182594284
TGCCCAACCGCATA-1,0.028500320116059994,0.010637878341726949
TGCCGACTCTCCCA-1,-0.005098781672533029,-0.014112667377282161
TGCGAAACAGTCAC-1,-0.005696896080936497,-0.015252783983081615
TGCGAAACGTTGCA-1,-0.007063368265818534,-0.013253270162772139
TGCGATGAACGGTT-1,-0.01486976137822128,-0.004932224255965519
TGCGATGACCTCGT-1,-0.01987737360202162,-0.0008192654511618809
TGCGATGACTAGTG-1,-0.011472829973678222,-0.016327364629076184
TGCGATGACTGCTC-1,-0.004585668999750582,-0.01200250946968932
TGCGATGACTTGCC-1,-0.011219233599126154,-0.010149760777120535
TGCGATGAGTGCTA-1,0.05197162384402339,0.01472281368765685
TGCGCACTCTTGAG-1,0.047939849281960975,0.005285510932558135
TGCGTAGAATAAGG-1,0.05006130561399183,-0.007545421053660507
TGCGTAGACGGGAA-1,-0.012822826245814233,-0.013724557718246813
TGCGTAGATGGTCA-1,0.035301267867546275,0.004333850021635095
TGCTAGGAAACCGT-1,-0.019642275464036223,0.014637691259042317
TGCTAGGATAGTCG-1,-0.01285540505752783,-0.023825325126109548
TGCTATACGGTTCA-1,0.016586453697591562,-0.012969523902368073
TGCTATACTGCTGA-1,-0.010136236714782455,-0.002489758740309202
TGCTGAGAGAGCAG-1,0.00179536788198658,0.018519546202112176
TGCTGAGATTATCC-1,-0.011942860038914847,-0.014501033773195187
TGGAAAGACTCTCG-1,-0.01742102418432642,0.012471679154459365
TGGAAAGAGCGATT-1,-0.012617793169441765,0.0106555387368789
TGGAAAGAGGTCAT-1,0.028628258349785378,0.02756848920806925
TGGAAAGATATGGC-1,-0.03004427359040356,-0.0011928407610501748
TGGAACACAAACAG-1,-0.005096591604531384,0.02219265480722526
TGGAACACGCTAAC-1,-0.015964844344285505,0.007550400079267553
TGGAAGCTCAGATC-1,-0.021557821717759832,0.0027854758347465557
TGGACCCTACACTG-1,0.0696459470845357,0.012825422586665747
TGGACCCTCATGGT-1,-0.007710260142509983,0.006850127114099092
TGGACCCTGGTACT-1,0.035144082523041006,0.004838397198097508
TGGACTGAGTATGC-1,0.000277725418216454,-0.003606123139056066
TGGAGACTATCAGC-1,0.031095053491803006,-0.011061387275481858
TGGAGACTGAAACA-1,-0.06490732476852615,0.0736731995808175
TGGAGACTTCAAGC-1,-0.02137305142239986,-0.008931209273979822
TGGAGACTTGACCA-1,-0.013209475607920792,0.009125504435669916
TGGAGGGACGGAGA-1,0.06648089633675461,0.014286140593860425
TGGAGGGAGCTATG-1,-0.017842947600939397,-0.0002903786554599797
TGGATCGATAAAGG-1,-0.018089397597727094,-0.012436920772877984
TGGATGTGACCTAG-1,-0.02074710001627134,-0.014462133489635532
TGGATGTGATGTCG-1,-0.00973127961992458,-0.003421783519526111
TGGATGTGTGAAGA-1,-0.007015529449338229,-0.017474887746929426
TGGATTCTCATACG-1,-0.007239308551752442,-0.0058358990231559636
TGGCAATGCTTGTT-1,-0.006843819651981914,-0.012950140919675597
TGGCAATGGAGGGT-1,-0.016477929898332976,-0.006520084483177544
TGGCACCTTCACGA-1,-0.01502021196230565,-0.0027489124373742875
TGGCACCTTCAGTG-1,0.04361518984961928,-0.0017049747337973546
TGGGTATGAAGAGT-1,-0.010359106352224898,-0.010735527426152275
TGGGTATGCACAAC-1,-0.007208950853408169,-0.004104286416268422
TGGGTATGGTACGT-1,-0.017662393026327782,-0.009836257701886696
TGGGTATGTTTGGG-1,0.051177969424162376,0.0019572168915534616
TGGTAGACATGCCA-1,-0.012060728300290216,-0.026188010442110596
TGGTAGACCCTCAC-1,0.006798273108915107,0.01934015997155881
TGGTAGACCTGATG-1,-0.002980766284910917,0.0081678738269002
TGGTAGTGCACTGA-1,0.04716461068558556,-0.0014488641186921366
TGGTATCTAAACAG-1,-0.028297950159334336,-0.001183214243341434
TGGTATCTCTTCCG-1,-0.012147082029721867,-0.02394282171484176
TGGTCAGACCCAAA-1,-6.234804159785043e-05,-0.027816639156304685
TGGTCAGACCGTTC-1,-0.02347467478123535,0.06185859735902092
TGGTTACTGACGTT-1,0.0323112059919532,-0.007909979272446854
TGGTTACTGTTCTT-1,-0.01266074657118834,-0.011475141330982656
TGTAACCTAGAGGC-1,-0.016396322789864515,0.0056292262620866295
TGTAACCTTGCCTC-1,0.031908311799143954,0.003278991357309328
TGTAATGACACAAC-1,-0.0035766320411322883,0.032151216327380654
TGTAATGAGGTAAA-1,-0.026659737275239893,0.04408002434622595
TGTACTTGCTCTAT-1,0.02443734276267419,0.01582785404745072
TGTAGGTGCGAGAG-1,-0.006366425920548653,-0.0030889988800091154
TGTAGGTGCTATGG-1,-0.013739197498286556,-0.022990308000849013
TGTAGGTGCTCTAT-1,0.016528117438456166,-0.010070912822891416
TGTAGGTGTGCTGA-1,-0.015162291185317655,-0.014392490674122222
TGTAGTCTTCCAGA-1,-0.010810584101220079,-0.0347003822964531
TGTAGTCTTGCACA-1,0.0003645300409965864,0.004786776132530887
TGTATCTGTTAGGC-1,-0.01084280818590828,-0.002764247679050616
TGTATGCTCATGGT-1,-0.0020605144209534555,-0.02236735035487671
TGTATGCTGTAGGG-1,-0.023955512798358104,0.021781960740029825
TGTATGCTTTCATC-1,-0.019380239467416013,-0.0012540721555954022
TGTCAGGAATACCG-1,-0.019079805630456356,-0.0026123551438219338
TGTCAGGAGATGAA-1,0.02816364715352793,0.016459361182353197
TGTCTAACCCCTTG-1,-0.027505253874987767,-0.006091103560224675
TGTGACGATTCTCA-1,-0.009531800506883566,0.01198591345187603
TGTGAGACTGTCAG-1,0.04696792028776098,0.0020183789472098647
TGTGAGACTTGAGC-1,-0.0157300906973953,-0.008444517214825562
TGTGAGTGACCACA-1,-0.02223616789586654,0.003229483367391185
TGTGAGTGAGTGCT-1,0.03734222939645076,0.0015202968358548905
TGTGAGTGGAGATA-1,-0.01145362463031659,0.009335270474927555
TGTGATCTCTCTAT-1,-0.014042679305542791,-0.016428044596498603
TGTGATCTGACACT-1,-0.014206519583256038,0.011455091295305496
TGTGGATGGCCAAT-1,-0.015578815907477245,-0.011936340576487132
TGTTAAGACAAAGA-1,0.044776457036399445,-0.0014477346848675294
TGTTAAGATAAGGA-1,0.03891310689528878,0.0072178739592532164
TGTTAAGATTGGCA-1,0.057430158606227896,0.0089929043096698
TGTTACACCGCATA-1,0.029906551452367855,-0.0022892801217780185
TGTTACACGACTAC-1,0.05387943066639517,0.010078044536907553
TGTTACTGGCTACA-1,-0.005872199661339814,0.012050838957535264
TGTTACTGTAGTCG-1,-0.0037568862230007057,0.010552098934921334
TTAACCACCGTAAC-1,-0.011527056791327355,-0.0018598645201248348
TTAACCACTAAGGA-1,-0.03025531490651646,0.027686488410326664
TTAACCACTCAGAC-1,-0.010953782790964466,0.001368167480884629
TTACACACGTGTTG-1,-0.01105117348801499,-0.02585072858151352
TTACACACTCCTAT-1,-0.01580992360320167,-0.016237070084480415
TTACCATGAATCGC-1,0.03723121548645173,0.019035194195195827
TTACCATGGTTGAC-1,-0.013517775974184743,-0.019875865457553488
TTACCATGTGTCTT-1,-0.009444317051958005,0.015354963473551777
TTACCATGTTGTGG-1,-0.01741677086252576,-0.0013208395108335689
TTACGACTGAGAGC-1,-0.0031704359156052297,-0.010299115091405305
TTACGACTTGACAC-1,0.042520449599621674,-0.014349602546757675
TTACGTACGTTCAG-1,0.04724136766771021,0.04636544298794069
TTACTCGAACGTTG-1,0.010674723474736875,-0.014922862357095596
TTACTCGAAGAATG-1,0.03617142535689633,-0.012164321894254761
TTACTCGACGCAAT-1,0.012711807738119054,-0.009156044192183067
TTACTCGAGGGTGA-1,-0.014655169613872289,-0.002278664814256408
TTACTCGATCTACT-1,-0.004261626959697666,0.02705076818194966
TTAGAATGTGGTGT-1,-0.014891135169440347,-0.004004049521916185
TTAGAATGTGTAGC-1,-0.030927064133079347,0.08891416552594716
TTAGACCTCCTACC-1,-0.03471501638288167,0.014255507012984916
TTAGACCTCCTTTA-1,0.04783249368736127,-0.005866382427112893
TTAGCTACAACCGT-1,-0.015737946814359766,-0.01519265623986451
TTAGCTACTGTCCC-1,0.032171194631184605,-0.003371964779635975
TTAGCTACTTTCGT-1,-0.014713967016648514,-0.0065197602941530755
TTAGGGACGCGAAG-1,-0.014576267242991412,0.007263832967620282
TTAGGGTGCTGGAT-1,-0.010472196318729431,-0.022167046233060157
TTAGGGTGTCCTGC-1,0.03858681189587243,0.0009693714418560874
TTAGGTCTACTTTC-1,0.04546411323428769,-0.00682203768188753
TTAGTCACCAGTTG-1,-0.0038648368818384876,-0.0034541743753641833
TTAGTCTGAAAGCA-1,-0.008658357897176304,-0.003657739772993545
TTAGTCTGCCAACA-1,0.001405514930546704,0.029877964388973895
TTAGTCTGTGCACA-1,-0.010870121605656993,-0.0020957665630043673
TTATCCGACTAGTG-1,-0.013124505262982044,-0.010338904325113352
TTATCCGAGAAAGT-1,0.05158903611746818,0.0022155014874241817
TTATGAGAGATAAG-1,-0.019009340548179,-0.010279835116857108
TTATGCACGTCACA-1,-0.010848318977287566,-0.01614631384183038
TTATGGCTTATGGC-1,0.014134625554531474,-0.010896652163663444
TTATTCCTATGCTG-1,0.040675126107577855,0.0015932463309595883
TTATTCCTGGACAG-1,-0.01429563888920012,-0.0256258245889889
TTATTCCTGGTACT-1,-0.013885044372233746,-0.015446239263789404
TTATTCCTTCGTGA-1,-0.014407712757391732,-0.0031414751249698235
TTCAAAGATAAAGG-1,-0.02001743775611427,0.00733002401175697
TTCAACACAACAGA-1,-0.024219527893056595,-0.0002088633336644356
TTCAACACCCCAAA-1,0.039409420138998515,0.002081108395394546
TTCAACACGGACGA-1,0.046579799060562296,0.01255984449450483
TTCAAGCTAAGAAC-1,0.036733924196314834,0.0007879226541946081
TTCAAGCTAGATGA-1,-0.017420350856305906,0.004738309101406766
TTCAAGCTGTTGAC-1,-0.01226023468167094,-0.006074378299933198
TTCAAGCTTCCAAG-1,-0.027711625470425837,0.04927654455003351
TTCAAGCTTGATGC-1,-0.016832748222014273,-0.01061800326384012
TTCAAGCTTTCGCC-1,-0.019672994851882866,-0.010361172145201667
TTCACAACCCGTTC-1,0.04141156146899412,-0.006019031548079172
TTCACAACGTCTGA-1,0.022586533939711443,0.01835337316061236
TTCAGACTACCCAA-1,-0.06647870116538687,0.08437211984889609
TTCAGACTCTCGAA-1,-0.01633638524966562,-0.012767039507606255
TTCAGTACCGACTA-1,-0.009437205107411157,-0.008254306388209363
TTCAGTACTCAAGC-1,-0.012780233508643712,-0.021328320324100484
TTCAGTACTCCTAT-1,0.05983153928331518,-0.002444179436214991
TTCAGTTGCCAAGT-1,-0.008296818938256314,-0.01148698168914413
TTCAGTTGTCCTTA-1,0.009339343007434728,-0.020429521909200804
TTCAGTTGTCTAGG-1,-0.020753929542807848,0.013207131040111893
TTCAGTTGTCTCGC-1,-0.019604961070665224,-0.013221810387103721
TTCATCGAGGTGGA-1,0.03608295798485212,-0.01918673287013585
TTCATGTGTGGTGT-1,-0.011727792450238628,-0.024698322956613127
TTCATTCTATGTCG-1,0.07913134627018197,0.009187522821744558
TTCATTCTTCTCTA-1,-0.028836819219820762,-0.0076916955128543876
TTCCAAACCTATGG-1,0.045252655260664916,0.009562765292385672
TTCCAAACCTCCCA-1,-0.009542561742573796,-0.017477334805846262
TTCCAAACTCCCAC-1,-0.00023423056307559503,0.01874112963767279
TTCCAAACTTGACG-1,-0.017935365547253643,0.029214065907749782
TTCCATGACGAGAG-1,0.03226883145056467,-0.0074244940000545
TTCCATGACTGTCC-1,-0.027141504887311988,-0.002002226323076852
TTCCCACTTGAGGG-1,-0.012165185713554735,0.040322600042093995
TTCCCACTTGTCTT-1,0.043192654237273476,-0.007144478598853731
TTCCTAGAAAGTGA-1,-0.020019661054603555,-0.009325433746790507
TTCCTAGACTAGTG-1,0.036243250504828475,0.012419201617245777
TTCGAGGACTCTAT-1,-0.012422053944106257,-0.00484431277798494
TTCGAGGAGGGCAA-1,-0.011525288322448087,0.019340342967901474
TTCGAGGATAGAAG-1,0.0212365094798092,0.012262464437699235
TTCGATTGAGCATC-1,-0.015414608650327125,-0.009293597458264018
TTCGGAGAATGCCA-1,0.049885537365435675,0.012773691005880678
TTCGGAGATGTGCA-1,-0.015667361027782784,-0.009551132266527651
TTCGTATGAAAAGC-1,-0.01823008681390505,0.02659736674624162
TTCGTATGGATAGA-1,-0.01111683561900225,0.01049084222081394
TTCGTATGGTCTGA-1,-0.021802212326074457,0.008573644474619077
TTCGTATGTCCTTA-1,0.04311034309139661,-0.00019204193693010772
TTCTACGAACGTAC-1,-0.01888049489454634,-0.007042180210176921
TTCTACGAGTTGGT-1,-0.007924133517168468,-0.006999535717693095
TTCTAGTGACACGT-1,-0.01297665216637154,-0.003075825382960528
TTCTAGTGCATGAC-1,0.04093695180343147,-0.001097329907549435
TTCTAGTGGAGAGC-1,-0.010139532308981996,0.02137585191470249
TTCTAGTGGTCACA-1,0.03948339979293477,-0.004633195355815509
TTCTCAGAAGAGAT-1,-0.01169213145244474,-0.0025840641506608094
TTCTCAGAAGCATC-1,-0.010687452231772004,-0.013346742893537695
TTCTCAGATGGAGG-1,-0.007950128427055489,0.00310769207792967
TTCTGATGGAGACG-1,0.0026398917701584354,0.022578119258342275
TTCTTACTCTGGAT-1,0.03277346854593276,0.009895060776119166
TTGAACCTCCTTGC-1,-0.010123378494915646,-0.019479568587698497
TTGAATGAACTACG-1,0.04649370864395583,0.008010952189524358
TTGAATGACTTACT-1,-0.023128957014807956,-0.012964724760924948
TTGAATGATCTCAT-1,-0.013842868836942253,-0.019925444259063577
TTGACACTCTGTAG-1,-0.015841435082621817,-0.01579741907351489
TTGACACTGATAAG-1,-0.008335266510980734,-0.00516237424363186
TTGAGGACAGAACA-1,0.03354606796538586,-0.010604304532277214
TTGAGGACTACGCA-1,0.013622567683535067,-0.014227628453723627
TTGAGGTGGACGGA-1,-0.03250248911031205,0.011553706901025328
TTGCATTGAGCTAC-1,-0.02183921528853869,0.010328837944746275
TTGCATTGCTAAGC-1,0.04437038755039131,0.004826486140918483
TTGCATTGTGACTG-1,-0.014986827062454931,-0.013766806972596898
TTGCTAACACCAAC-1,-0.014082127629753648,0.010438509791078614
TTGCTAACACGCTA-1,0.06154582050514283,-0.0019269439680067463
TTGCTAACCACTCC-1,-0.018822504262005258,-0.01414962239047787
TTGCTATGGTACGT-1,0.036798548981930496,3.59451204034085e-05
TTGCTATGGTAGGG-1,0.035832441754747646,0.02578795271860747
TTGGAGACCAATCG-1,-0.011703993035589354,1.4555831212127203e-05
TTGGAGACGCTATG-1,0.04833862491129909,-0.011694587286875864
TTGGAGACTATGGC-1,-0.012391829821865513,-0.006072599658681576
TTGGGAACTGAACC-1,-0.016840996505411984,-0.010914035276343324
TTGGTACTACTGGT-1,0.04432490491543036,-0.0004014605290759985
TTGGTACTCTTAGG-1,-0.01545080342130804,-0.026087615660805967
TTGGTACTGAATCC-1,-0.01207221008132153,-0.009470051629543471
TTGGTACTGGATTC-1,-0.014298910999486419,-0.01286257486816466
TTGTACACGTTGTG-1,-0.018713686195400068,-0.00033457688704460406
TTGTACACTTGCAG-1,-0.008515845415608021,-0.005985168610067282
TTGTAGCTAGCTCA-1,-0.007793714931029934,0.002528942264900311
TTGTAGCTCTCTTA-1,-0.010197735512867838,-0.011723186797390539
TTGTCATGGACGGA-1,-0.0034113637703973437,0.024979517211604955
TTTAGAGATCCTCG-1,-0.009378796061216919,-0.02087447806636122
TTTAGCTGATACCG-1,-0.010129311237570278,-0.021684212947973215
TTTAGCTGGATACC-1,0.04712543844617778,-0.010271213064596295
TTTAGCTGTACTCT-1,0.010668201585292643,-0.021402430737933686
TTTAGGCTCCTTTA-1,0.04198137924720444,-0.008833244755049579
TTTATCCTGTTGTG-1,0.048231077806279915,-0.005527848437306467
TTTCACGAGGTTCA-1,-0.026907941317210537,-0.005903020944105875
TTTCAGTGGAAGGC-1,-0.015493804601742187,-0.009445272467328406
TTTCAGTGTCACGA-1,-0.009016398223905531,-0.009064293859597328
TTTCAGTGTCTATC-1,0.08002011869535704,0.013218587711152047
TTTCAGTGTGCAGT-1,-0.008208965257025962,-0.009678744544785026
TTTCCAGAGGTGAG-1,-0.0015337022253623968,-0.0004931132951546905
TTTCGAACACCTGA-1,0.0008500596701025084,-0.004498762690795825
TTTCGAACTCTCAT-1,0.03282819282112305,-0.012311913926783578
TTTCTACTGAGGCA-1,-0.007321777121579592,-0.009169784506718837
TTTCTACTTCCTCG-1,-0.0002591687714028762,-0.013785068160592912
TTTGCATGAGAGGC-1,-0.034530990584854676,0.049270284314660864
TTTGCATGCCTCAC-1,-0.012501584605638116,-0.009879588666088075
