sample_id,component_1,component_2
AAACATACAACCAC-1,9.297992706298828,4.362889766693115
AAACATTGAGCTAC-1,9.949118614196777,11.127191543579102
AAACATTGATCAGC-1,11.843923568725586,3.9765381813049316
AAACCGTGCTTCCG-1,-2.1312918663024902,2.942328691482544
AAACCGTGTATGCG-1,11.656901359558105,1.1606230735778809
AAACGCACTGGTAC-1,12.984541893005371,4.590137958526611
AAACGCTGACCAGT-1,11.080405235290527,6.184327125549316
AAACGCTGGTTCTT-1,9.47294807434082,4.711625099182129
AAACGCTGTAGCCA-1,10.91994857788086,11.023138046264648
AAACGCTGTTTCTG-1,-1.9776463508605957,2.6001434326171875
AAACTTGAAAAACG-1,9.370002746582031,11.207868576049805
AAACTTGATCCAGA-1,10.53016185760498,5.629543781280518
AAAGAGACGAGATA-1,10.253750801086426,4.4866437911987305
AAAGAGACGCGAGA-1,-1.6049822568893433,5.147996425628662
AAAGAGACGGACTT-1,13.600202560424805,4.549173355102539
AAAGAGACGGCATT-1,12.325299263000488,6.129661560058594
AAAGATCTGGGCAA-1,-2.2943434715270996,4.539836406707764
AAAGCAGAAGCCAT-1,10.118124961853027,3.060950517654419
AAAGCAGATATCGG-1,-1.6493985652923584,4.619368553161621
AAAGCCTGTATGCG-1,9.297120094299316,4.446767330169678
AAAGGCCTGTCTAG-1,9.96109676361084,10.310741424560547
AAAGTTTGATCACG-1,10.13368034362793,11.843939781188965
AAAGTTTGGGGTGA-1,10.076025009155273,11.04743766784668
AAAGTTTGTAGAGA-1,11.232149124145508,6.62660551071167
AAAGTTTGTAGCGT-1,-3.5078318119049072,5.834989547729492
AAATCAACAATGCC-1,9.571885108947754,11.362550735473633
AAATCAACACCAGT-1,10.48625373840332,6.2134270668029785
AAATCAACCAGGAG-1,10.683807373046875,6.4778056144714355
AAATCAACCCTATT-1,-1.43929123878479,4.368084907531738
AAATCAACGGAAGC-1,12.845040321350098,5.337249755859375
AAATCAACTCGCAA-1,10.88176441192627,3.909050464630127
AAATCATGACCACA-1,-1.3245155811309814,3.1406631469726562
AAATCCCTCCACAA-1,10.76021671295166,7.645313262939453
AAATCCCTGCTATG-1,9.523938179016113,11.32574462890625
AAATGTTGAACGAA-1,-1.9175896644592285,4.965860843658447
AAATGTTGCCACAA-1,11.324647903442383,3.0420634746551514
AAATGTTGTGGCAT-1,-1.9566121101379395,4.542292594909668
AAATTCGAAGGTTC-1,12.160345077514648,6.164169788360596
AAATTCGAATCACG-1,-3.2962827682495117,4.84443473815918
AAATTCGAGCTGAT-1,-2.098393678665161,3.0689871311187744
AAATTCGAGGAGTG-1,12.172046661376953,5.674828052520752
AAATTCGATTCTCA-1,11.005799293518066,3.3338282108306885
AAATTGACACGACT-1,11.20535945892334,4.529041767120361
AAATTGACTCGCTC-1,10.020750999450684,3.55383563041687
AACAAACTCATTTC-1,9.40815544128418,6.993897438049316
AACAAACTTTCGTT-1,11.875962257385254,5.884446144104004
AACAATACGACGAG-1,11.563526153564453,4.927731037139893
AACACGTGCAGAGG-1,9.484956741333008,3.181495189666748
AACACGTGGAAAGT-1,12.825902938842773,5.488859176635742
AACACGTGGAACCT-1,-2.573103189468384,5.477052211761475
AACACGTGGCTACA-1,9.6627836227417,6.374234676361084
AACACGTGTACGAC-1,-1.4319133758544922,2.767111301422119
AACAGCACAAGAGT-1,-2.973311424255371,3.359210968017578
AACATTGATGGGAG-1,-1.7940326929092407,3.3379194736480713
AACCAGTGATACCG-1,-1.6522833108901978,2.790151834487915
AACCCAGATCGCTC-1,9.654850959777832,5.282712459564209
AACCGATGCTCCCA-1,11.555630683898926,5.100049018859863
AACCGATGGTCATG-1,9.500347137451172,11.540133476257324
AACCGATGTTCTAC-1,-2.480402946472168,5.757734775543213
AACCGCCTAGCGTT-1,8.909790992736816,4.186243534088135
AACCGCCTCTACGA-1,-1.5066651105880737,4.897047519683838
AACCTACTGTGAGG-1,-2.607402801513672,4.41733980178833
AACCTACTGTGTTG-1,10.599008560180664,6.117300987243652
AACCTTACGAGACG-1,12.34350872039795,5.9505767822265625
AACCTTACGCGAGA-1,11.68581771850586,0.7786188721656799
AACCTTACTAACGC-1,-2.6107888221740723,2.9448816776275635
AACCTTTGGACGGA-1,12.378021240234375,5.364771842956543
AACCTTTGTACGCA-1,-1.706728219985962,3.240753173828125
AACGCAACAAGTAG-1,9.559361457824707,4.1250081062316895
AACGCATGACCCAA-1,8.310335159301758,5.484509468078613
AACGCATGCCTTCG-1,9.903937339782715,6.558989524841309
AACGCATGTACTTC-1,8.879144668579102,4.334197998046875
AACGCCCTCGGGAA-1,10.670937538146973,4.193281173706055
AACGCCCTCGTACA-1,12.174821853637695,1.3039791584014893
AACGCCCTGCTTAG-1,12.21097469329834,6.646636962890625
AACGCCCTGGCATT-1,11.665576934814453,3.0315468311309814
AACGTCGAGTATCG-1,11.562588691711426,1.1976720094680786
AACGTGTGAAAGCA-1,10.632650375366211,6.187845706939697
AACGTGTGGCGGAA-1,10.777219772338867,10.556504249572754
AACGTGTGTCCAAG-1,9.163135528564453,4.616260528564453
AACGTGTGTGCTTT-1,9.438112258911133,3.286970853805542
AACTACCTTAGAGA-1,11.046239852905273,5.713047504425049
AACTCACTCAAGCT-1,-1.807681918144226,5.103803634643555
AACTCACTTGGAGG-1,-2.0300776958465576,5.260104656219482
AACTCGGAAAGTGA-1,11.087550163269043,3.7114217281341553
AACTCGGAAGGTCT-1,-1.7803890705108643,4.48805046081543
AACTCTTGCAGGAG-1,9.3864164352417,5.086565017700195
AACTGTCTCCCTTG-1,-1.9655836820602417,6.062246322631836
AACTTGCTACGCTA-1,10.051319122314453,10.434556007385254
AACTTGCTGGGACA-1,12.196953773498535,5.131721496582031
AAGAACGAGTGTTG-1,10.321691513061523,4.412056922912598
AAGAAGACGTAGGG-1,10.945619583129883,11.118758201599121
AAGACAGAAGTCTG-1,10.978568077087402,10.931859970092773
AAGACAGAGGATCT-1,9.830728530883789,6.325960636138916
AAGACAGATTACCT-1,-2.421271562576294,5.795960903167725
AAGAGATGGGTAGG-1,10.873022079467773,10.934003829956055
AAGATGGAAAACAG-1,10.542502403259277,11.207633972167969
AAGATGGAGAACTC-1,-2.4757866859436035,4.447490692138672
AAGATGGAGATAAG-1,-1.7335203886032104,4.979305744171143
AAGATTACAACCTG-1,12.327133178710938,6.027466773986816
AAGATTACAGATCC-1,-1.648320198059082,5.025318622589111
AAGATTACCCGTTC-1,-1.986520767211914,4.477765083312988
AAGATTACCGCCTT-1,-0.9955704212188721,6.176459312438965
AAGATTACCTCAAG-1,11.844904899597168,0.8936858177185059
AAGATTACTCCTCG-1,-2.3158841133117676,4.890556812286377
AAGCAAGAGCGAGA-1,11.173717498779297,4.351649284362793
AAGCAAGAGCTTAG-1,13.096673011779785,4.065581321716309
AAGCAAGAGGTGTT-1,11.292913436889648,0.8693609237670898
AAGCACTGAGCAAA-1,9.252120018005371,11.325191497802734
AAGCACTGCATACG-1,11.0303955078125,5.215467929840088
AAGCACTGGTTCTT-1,9.300422668457031,11.285608291625977
AAGCCAACGTGTTG-1,9.639155387878418,6.0710344314575195
AAGCCATGAACTGC-1,-0.43729373812675476,6.483663082122803
AAGCCATGACACGT-1,-2.2707788944244385,4.997165679931641
AAGCCATGCGTGAT-1,10.542301177978516,4.703519344329834
AAGCCATGTCTCGC-1,10.16944408416748,4.4058051109313965
AAGCCTGACATGCA-1,13.104703903198242,4.16786527633667
AAGCCTGACCGAAT-1,-2.765470504760742,3.4734597206115723
AAGCGACTCCTCAC-1,-2.3798322677612305,3.7502100467681885
AAGCGACTGTGTCA-1,11.816177368164062,6.42238712310791
AAGCGACTTACAGC-1,10.672752380371094,11.35575008392334
AAGCGACTTTGACG-1,-2.1146063804626465,2.8161497116088867
AAGCGTACGTCTTT-1,11.879667282104492,6.156726360321045
AAGGCTTGCGAACT-1,11.700398445129395,3.033679485321045
AAGGTCACGGTTAC-1,-2.930893659591675,3.3321285247802734
AAGGTCACTGTTTC-1,10.018319129943848,11.615653038024902
AAGGTCACTTCCCG-1,9.697725296020508,7.4244771003723145
AAGGTCTGACAGTC-1,9.66262149810791,5.413504123687744
AAGGTCTGCAGATC-1,11.20902156829834,6.6879754066467285
AAGGTCTGGTATGC-1,-2.846503496170044,4.1615753173828125
AAGTAACTCTGAAC-1,-3.313124656677246,4.656693935394287
AAGTAACTGAGATA-1,10.806029319763184,7.75885534286499
AAGTAGGATACAGC-1,11.816834449768066,0.9279758930206299
AAGTATACCGAACT-1,9.48213005065918,6.030287742614746
AAGTCCGACTTGTT-1,12.615174293518066,4.664926528930664
AAGTCCGATAGAAG-1,9.49693489074707,5.504415035247803
AAGTCTCTAGTCGT-1,11.610634803771973,6.156681060791016
AAGTCTCTCGGAGA-1,11.384528160095215,2.745870351791382
AAGTGGCTTGGAGG-1,9.97658634185791,11.762670516967773
AAGTTCCTCATTCT-1,-2.1013596057891846,2.854367256164551
AAGTTCCTTCTTAC-1,10.766608238220215,5.9086408615112305
AATAAGCTCGAATC-1,9.096808433532715,5.804532051086426
AATAAGCTCGTTGA-1,12.320656776428223,5.818941116333008
AATACCCTGGACGA-1,10.299233436584473,11.297690391540527
AATACCCTGGCATT-1,10.760675430297852,7.5368428230285645
AATACTGAAAGGGC-1,12.14261531829834,2.617990493774414
AATACTGAATTGGC-1,11.917902946472168,1.7682271003723145
AATAGGGAACCCTC-1,9.57333755493164,11.137972831726074
AATAGGGAGAATGA-1,10.711194038391113,2.971769094467163
AATCAAACTATCGG-1,10.4491548538208,4.0353498458862305
AATCCGGAATGCTG-1,9.946727752685547,10.442508697509766
AATCCTACCGGTAT-1,10.046510696411133,5.838108539581299
AATCCTTGACGGGA-1,-1.4876768589019775,4.8120574951171875
AATCCTTGGTGAGG-1,12.289435386657715,1.4084398746490479
AATCGGTGGAACTC-1,10.563584327697754,1.939797043800354
AATCGGTGTGCTTT-1,11.764636993408203,5.607030391693115
AATCTAGAAAAGTG-1,9.191221237182617,5.076622486114502
AATCTAGAATCGGT-1,10.489300727844238,6.71259069442749
AATCTCACAGCCTA-1,-1.7327462434768677,5.749225616455078
AATCTCACTCTAGG-1,8.322953224182129,5.706505298614502
AATCTCTGAACAGA-1,10.706808090209961,6.268031120300293
AATCTCTGCTTTAC-1,12.266297340393066,1.8378807306289673
AATGATACACCAAC-1,11.719910621643066,2.1255643367767334
AATGATACGGTCAT-1,-2.1055498123168945,6.033463478088379
AATGCGTGACACCA-1,9.382975578308105,11.467238426208496
AATGCGTGGACGGA-1,-0.8166609406471252,6.329864501953125
AATGCGTGGCTATG-1,10.373577117919922,11.487442970275879
AATGGAGAATCGTG-1,-2.6102705001831055,5.704034805297852
AATGGAGATCCTTA-1,10.454100608825684,3.099475860595703
AATGGCTGACACCA-1,9.83840560913086,11.562664985656738
AATGGCTGCGTGAT-1,10.900598526000977,3.9996142387390137
AATGGCTGTAAAGG-1,10.175682067871094,3.2199530601501465
AATGGCTGTACTCT-1,12.614812850952148,3.802060842514038
AATGGCTGTGAAGA-1,10.883578300476074,5.5414934158325195
AATGTAACGGTGGA-1,10.273571968078613,6.445393085479736
AATGTAACGTTTGG-1,12.036755561828613,3.944593906402588
AATGTCCTCTTCTA-1,8.883264541625977,6.122801303863525
AATGTTGACAGTCA-1,8.551815032958984,5.225668430328369
AATGTTGAGTTGAC-1,-3.3423619270324707,5.852805137634277
AATGTTGATCTACT-1,10.104174613952637,3.2908194065093994
AATTACGAATTCCT-1,-0.6840334534645081,6.33297061920166
AATTACGACTTCTA-1,9.169513702392578,6.133525848388672
AATTACGAGTAGCT-1,9.958731651306152,2.990064859390259
AATTACGAGTGAGG-1,8.42966079711914,5.770023345947266
AATTACGATTGGCA-1,10.1072416305542,11.762608528137207
AATTCCTGCTCAGA-1,10.803254127502441,11.312978744506836
AATTGATGTCGCAA-1,-1.4881597757339478,2.8972465991973877
AATTGTGACTTGGA-1,9.859416007995605,11.399214744567871
ACAAAGGAGGGTGA-1,12.463301658630371,6.169095516204834
ACAAATTGATTCTC-1,-1.6198261976242065,3.3072195053100586
ACAAATTGCTCAGA-1,-2.9602880477905273,4.836639404296875
ACAAATTGTTGCGA-1,11.469619750976562,0.768235981464386
ACAACCGAGGGATG-1,10.575420379638672,1.6576061248779297
ACAACCGAGTTACG-1,9.090170860290527,5.3103156089782715
ACAAGAGAAGTCGT-1,-2.183722972869873,5.454498767852783
ACAAGAGACTTATC-1,13.863069534301758,4.514198303222656
ACAAGAGAGTTGAC-1,10.159314155578613,11.74215030670166
ACAATCCTAACCGT-1,9.220985412597656,5.020486831665039
ACAATCCTTAGCGT-1,10.187054634094238,11.810161590576172
ACAATTGACTGACA-1,12.888570785522461,4.684797763824463
ACAATTGATGACTG-1,12.255260467529297,1.3550972938537598
ACACAGACACCTGA-1,-3.293823480606079,4.764371395111084
ACACAGACCATACG-1,10.870586395263672,2.5446414947509766
ACACCAGAGGGCAA-1,12.891727447509766,4.594470977783203
ACACCCTGGTGTTG-1,12.280138969421387,1.2228646278381348
ACACGAACAGTTCG-1,10.157587051391602,3.8770079612731934
ACACGATGACGCAT-1,11.723257064819336,2.8718252182006836
ACACGATGATGTGC-1,-1.8780704736709595,4.786442756652832
ACACGATGTCGTAG-1,10.889714241027832,4.068853855133057
ACACGATGTGGTCA-1,9.485803604125977,3.855059862136841
ACAGACACGGCATT-1,11.79200553894043,3.6085586547851562
ACAGACACGTTGTG-1,11.935734748840332,4.061992645263672
ACAGCAACACCTAG-1,-1.9638768434524536,2.8506968021392822
ACAGCAACCTCAAG-1,-1.8095393180847168,2.599964141845703
ACAGGTACCCCACT-1,10.293339729309082,6.642942905426025
ACAGGTACGCTGTA-1,10.440448760986328,4.082493782043457
ACAGGTACTGGTGT-1,11.565702438354492,0.9906836152076721
ACAGTCGACCCAAA-1,10.283248901367188,4.203315734863281
ACAGTCGACCGATA-1,11.094197273254395,2.5951685905456543
ACAGTGACTCACCC-1,8.65558910369873,5.345873832702637
ACAGTGACTCTATC-1,10.087202072143555,3.128432512283325
ACAGTGTGGTCACA-1,9.976258277893066,5.917018413543701
ACAGTGTGTTGCGA-1,-2.6436872482299805,6.166184902191162
ACATCACTCTACTT-1,-2.4300103187561035,5.708192348480225
ACATGGTGAAGCCT-1,10.923422813415527,5.634976387023926
ACATGGTGCAACCA-1,9.709891319274902,7.630093574523926
ACATGGTGCGAGTT-1,11.34113883972168,5.823463439941406
ACATGGTGCGTTGA-1,11.535118103027344,4.064569473266602
ACATTCTGGCATAC-1,9.268536567687988,5.735093593597412
ACATTCTGGGAACG-1,-1.7069138288497925,6.291269302368164
ACCAACGACATGCA-1,10.985469818115234,6.597686767578125
ACCACAGAAAGTAG-1,10.983798027038574,6.575653553009033
ACCACAGAGTTGGT-1,10.568604469299316,6.199868202209473
ACCACCTGTGTGCA-1,9.470529556274414,5.91010856628418
ACCACGCTACAGCT-1,11.858994483947754,5.983013153076172
ACCACGCTACCCAA-1,11.421137809753418,3.309849739074707
ACCACGCTGCGAGA-1,10.929251670837402,4.270391941070557
ACCACGCTGCTGTA-1,11.127032279968262,4.474678993225098
ACCAGCCTGACAGG-1,9.217708587646484,4.130804061889648
ACCAGTGAACGGTT-1,10.057852745056152,11.330770492553711
ACCAGTGAATACCG-1,-2.3332433700561523,3.1798696517944336
ACCAGTGAGGGATG-1,10.695867538452148,6.214876174926758
ACCAGTGATGACTG-1,-3.1466643810272217,4.815817832946777
ACCATTACCTTCTA-1,8.94558334350586,6.049424648284912
ACCATTACGAGATA-1,10.735939025878906,2.623966693878174
ACCATTTGTCATTC-1,9.060627937316895,4.921069145202637
ACCCAAGAACTGTG-1,11.698567390441895,2.773282289505005
ACCCAAGAATTCCT-1,-2.2182321548461914,2.993645429611206
ACCCAAGAGGACAG-1,9.862457275390625,5.335677623748779
ACCCAAGATTCACT-1,10.147547721862793,11.705428123474121
ACCCACTGCGCCTT-1,-2.267509937286377,4.2149858474731445
ACCCACTGGACAGG-1,12.599087715148926,5.626427173614502
ACCCACTGGTTCAG-1,10.208742141723633,0.17465312778949738
ACCCACTGTCGTAG-1,-2.019773244857788,5.958147048950195
ACCCAGCTCAGAAA-1,9.407626152038574,5.757699966430664
ACCCAGCTGTTAGC-1,-1.8648638725280762,6.292970180511475
ACCCAGCTTGCTTT-1,9.178696632385254,6.185248851776123
ACCCGTTGATGACC-1,9.783010482788086,11.670368194580078
ACCCGTTGCTGCAA-1,10.50329875946045,5.582019329071045
ACCCGTTGCTTCTA-1,9.454493522644043,10.811065673828125
ACCCTCGACCTATT-1,10.501439094543457,3.51720929145813
ACCCTCGACGGTAT-1,9.50108528137207,11.268508911132812
ACCCTCGATAAGGA-1,-1.6746562719345093,4.747799873352051
ACCCTCGATCAAGC-1,-1.9593425989151,2.6352789402008057
ACCGTGCTACCAGT-1,11.497995376586914,2.3785619735717773
ACCGTGCTGGAACG-1,10.804712295532227,11.264261245727539
ACCTATTGCTGAGT-1,11.13671875,10.514618873596191
ACCTATTGTGCCCT-1,-1.9546525478363037,3.3149492740631104
ACCTCCGAGTCCTC-1,8.3272705078125,5.669734477996826
ACCTCCGATATGCG-1,8.88154411315918,4.349155426025391
ACCTCCGATGCTGA-1,12.246908187866211,6.05996036529541
ACCTCGTGAACCAC-1,12.697032928466797,4.618703365325928
ACCTGAGATATCGG-1,-1.153366208076477,4.968949794769287
ACCTGGCTAAGTAG-1,12.180891990661621,1.3731451034545898
ACCTGGCTGTCTTT-1,-1.4335107803344727,3.3875808715820312
ACCTTTGACTCCCA-1,-1.9651867151260376,5.67860746383667
ACCTTTGAGGAACG-1,-1.587306022644043,5.523085117340088
ACCTTTGAGGAAGC-1,-2.0851669311523438,3.8056461811065674
ACGAACACCTTGTT-1,11.25819206237793,1.5110653638839722
ACGAACTGGCTATG-1,-1.253902792930603,3.034362316131592
ACGAAGCTCTCCAC-1,9.901567459106445,6.108164310455322
ACGAAGCTCTGAGT-1,9.79400634765625,10.673816680908203
ACGACCCTATCTCT-1,-1.4934178590774536,4.648674011230469
ACGACCCTGATGAA-1,9.555736541748047,5.973480701446533
ACGACCCTTGACAC-1,9.719642639160156,11.069745063781738
ACGACCCTTGACCA-1,10.051375389099121,6.807830333709717
ACGAGGGACAGGAG-1,-0.41725578904151917,6.492815017700195
ACGAGGGACGAACT-1,11.202507972717285,6.26405668258667
ACGAGGGATGTAGC-1,9.405056953430176,4.4310302734375
ACGAGTACCCTAAG-1,10.255942344665527,11.608695983886719
ACGAGTACGAATCC-1,9.46269702911377,6.506925582885742
ACGATCGAGGACTT-1,10.348477363586426,1.9819928407669067
ACGATCGAGTCACA-1,-2.9704713821411133,6.24093770980835
ACGATGACAATGCC-1,10.824509620666504,2.5521535873413086
ACGATGACTGGTCA-1,8.596159934997559,4.737381458282471
ACGATTCTACGGGA-1,11.538037300109863,2.3361241817474365
ACGCAATGGTTCAG-1,12.202138900756836,1.7680000066757202
ACGCACCTGTTAGC-1,9.740911483764648,11.778238296508789
ACGCCACTGAACTC-1,-1.924634337425232,3.9701130390167236
ACGCCGGAAACCAC-1,-2.1478612422943115,5.953069686889648
ACGCCGGAAAGCCT-1,10.840957641601562,6.9911699295043945
ACGCCGGAAATGCC-1,10.739251136779785,4.12270450592041
ACGCCTTGCTCCCA-1,-1.5688525438308716,2.623730182647705
ACGCGGTGGCGAGA-1,10.023487091064453,5.70740270614624
ACGCGGTGTGTGGT-1,10.238205909729004,10.740386962890625
ACGCGGTGTTTGCT-1,11.215538024902344,2.7833175659179688
ACGCTCACAGTACC-1,10.108065605163574,6.530612468719482
ACGCTCACCCTTGC-1,8.993473052978516,5.609641075134277
ACGCTGCTGTTCTT-1,11.43077278137207,0.7528740763664246
ACGGAACTCAGATC-1,12.190595626831055,1.4847440719604492
ACGGAACTGTCGTA-1,-3.0445234775543213,3.288444757461548
ACGGAGGACTCTTA-1,-2.71626615524292,4.559783458709717
ACGGATTGGGAGGT-1,10.156571388244629,11.84472370147705
ACGGATTGGTTAGC-1,8.973930358886719,6.406955242156982
ACGGCTCTGAGCAG-1,9.38101863861084,3.5232272148132324
ACGGCTCTTGCACA-1,9.939834594726562,3.6076817512512207
ACGGTAACCGCTAA-1,11.240127563476562,2.906484603881836
ACGGTAACCTTCGC-1,11.830157279968262,3.1955273151397705
ACGGTAACGGTGGA-1,13.733124732971191,4.525880813598633
ACGGTAACTCGCAA-1,11.400609970092773,5.025712966918945
ACGGTATGAGTCGT-1,-2.734631061553955,4.748507499694824
ACGGTATGGGTATC-1,10.190195083618164,11.57064437866211
ACGGTATGGTTGTG-1,9.493457794189453,11.517593383789062
ACGGTCCTAACGGG-1,10.866931915283203,3.586167573928833
ACGGTCCTCGGGAA-1,9.186180114746094,4.709850788116455
ACGTAGACAACCAC-1,8.966564178466797,3.9903981685638428
ACGTAGACTACAGC-1,10.2715482711792,11.530945777893066
ACGTCAGAAACGAA-1,11.006248474121094,4.22696590423584
ACGTCAGAGAGCTT-1,-1.9612011909484863,4.071558952331543
ACGTCAGAGGGATG-1,10.2365140914917,4.242290496826172
ACGTCCTGATAAGG-1,-1.9145270586013794,6.210819244384766
ACGTCCTGTGAACC-1,-2.008831024169922,4.715339660644531
ACGTCGCTCCTGAA-1,11.409186363220215,0.7995529174804688
ACGTCGCTCTATTC-1,-0.7487891316413879,6.335687637329102
ACGTCGCTTCTCAT-1,9.692549705505371,11.48140811920166
ACGTGATGCCATGA-1,-0.8476157784461975,6.1951823234558105
ACGTGATGGGTCTA-1,10.796049118041992,7.074475288391113
ACGTGATGTAACCG-1,-1.8434796333312988,2.8748481273651123
ACGTGATGTGACAC-1,11.615213394165039,1.3843724727630615
ACGTGCCTCCGTAA-1,10.485862731933594,3.781700372695923
ACGTGCCTTCTATC-1,11.127945899963379,2.760906219482422
ACGTTACTTTCCAT-1,8.516011238098145,4.625702381134033
ACGTTGGAAAAGCA-1,11.58005428314209,6.295320510864258
ACGTTGGAAACCTG-1,10.804283142089844,2.9788520336151123
ACGTTGGACCGTAA-1,-2.51802659034729,3.869300127029419
ACGTTGGAGCCAAT-1,12.145787239074707,1.7340940237045288
ACGTTGGATATGGC-1,10.523221015930176,10.78531551361084
ACGTTGGATCAGGT-1,-1.6377975940704346,4.821904182434082
ACGTTTACATCAGC-1,10.845422744750977,6.45502233505249
ACTAAAACCCACAA-1,11.256620407104492,3.1089181900024414
ACTAAAACTCGACA-1,-3.2939674854278564,5.997662544250488
ACTACGGAATTTCC-1,11.2247896194458,4.728353023529053
ACTACGGACCTATT-1,9.570551872253418,5.523394584655762
ACTACGGATCGCTC-1,10.64330005645752,4.683149814605713
ACTACTACTAAGGA-1,9.172572135925293,6.6183953285217285
ACTAGGTGGAACCT-1,10.749638557434082,3.908461570739746
ACTAGGTGGAACTC-1,9.09835147857666,6.1328911781311035
ACTATCACCTTGGA-1,11.14113998413086,3.1793410778045654
ACTATCACTGCCAA-1,10.601099014282227,6.017123699188232
ACTCAGGACTGAAC-1,10.230388641357422,5.822928428649902
ACTCAGGATCTATC-1,10.141229629516602,11.384533882141113
ACTCAGGATTCGTT-1,-3.068699598312378,5.759799003601074
ACTCCTCTCAACTG-1,8.83958911895752,4.02701997756958
ACTCGCACGAAAGT-1,-1.9592469930648804,5.708346366882324
ACTCGCACTACGAC-1,-2.2395665645599365,4.361118793487549
ACTCTCCTGACACT-1,10.774176597595215,7.619482517242432
ACTCTCCTGCATAC-1,8.586259841918945,6.823624134063721
ACTCTCCTGTTTGG-1,9.754459381103516,5.218438148498535
ACTGAGACAACCAC-1,10.685855865478516,3.92600417137146
ACTGAGACCCATAG-1,-2.8278684616088867,3.3758738040924072
ACTGAGACGTTGGT-1,9.00714111328125,6.525740146636963
ACTGCCACACACGT-1,12.033945083618164,3.2071967124938965
ACTGCCACTCCGTC-1,11.923547744750977,1.4192637205123901
ACTGGCCTTCAGTG-1,11.532499313354492,1.2672338485717773
ACTGTGGACGTGTA-1,9.966347694396973,10.274659156799316
ACTGTGGATCTAGG-1,9.742812156677246,11.196533203125
ACTGTTACCCACAA-1,-2.5345566272735596,4.879782199859619
ACTGTTACTGCAGT-1,12.640515327453613,5.799248218536377
ACTTAAGAACCACA-1,11.888794898986816,6.364561080932617
ACTTAAGACCACAA-1,10.494680404663086,5.370927810668945
ACTTAAGATTACTC-1,-0.7710363268852234,6.334048748016357
ACTTAGCTGCGTAT-1,-1.3635971546173096,2.7006890773773193
ACTTAGCTGGGAGT-1,9.380051612854004,3.7946929931640625
ACTTCAACAAGCAA-1,8.710393905639648,2.6182456016540527
ACTTCAACGTAGGG-1,11.940471649169922,1.1467784643173218
ACTTCCCTTTCCGC-1,10.143705368041992,6.288094520568848
ACTTCTGACATGCA-1,10.334772109985352,9.866816520690918
ACTTGACTCCACAA-1,10.507843971252441,11.365057945251465
ACTTGGGAGAAAGT-1,-1.8300139904022217,5.560774326324463
ACTTGGGAGGTTTG-1,10.689899444580078,3.382398843765259
ACTTGGGATGTGAC-1,-1.9594693183898926,3.237679958343506
ACTTGGGATTGACG-1,-1.9638745784759521,5.531784534454346
ACTTGTACCCGAAT-1,10.341561317443848,4.535678863525391
ACTTGTACCTGTCC-1,10.267765998840332,6.104329586029053
ACTTTGTGCGATAC-1,13.095169067382812,5.008841037750244
ACTTTGTGGAAAGT-1,10.04046630859375,5.891280651092529
ACTTTGTGGATAGA-1,-1.8123308420181274,5.930558681488037
AGAAACGAAAGTAG-1,9.772242546081543,11.618590354919434
AGAAAGTGCGCAAT-1,8.907217979431152,6.442039489746094
AGAAAGTGGGGATG-1,-1.8672796487808228,5.793599605560303
AGAACAGAAATGCC-1,11.422178268432617,1.0524787902832031
AGAACAGACGACTA-1,10.962291717529297,10.691825866699219
AGAACAGAGACAAA-1,11.387786865234375,3.84197735786438
AGAACGCTTTGCTT-1,12.383383750915527,5.973668098449707
AGAAGATGTGACTG-1,9.797175407409668,7.487049579620361
AGAATGGAAGAAGT-1,10.691764831542969,3.8166167736053467
AGAATTTGTAACCG-1,9.03649616241455,5.309872150421143
AGAATTTGTAGAGA-1,13.328039169311523,4.841670036315918
AGACACACTGTAGC-1,11.876562118530273,5.602295398712158
AGACACTGTCAAGC-1,-3.5086770057678223,5.800489902496338
AGACCTGAAGTAGA-1,-2.6211752891540527,5.960350036621094
AGACCTGACCAACA-1,9.508163452148438,4.647845268249512
AGACCTGAGGAAGC-1,9.086286544799805,3.9902563095092773
AGACGTACAGAGGC-1,10.087692260742188,4.1149163246154785
AGACGTACCCCTAC-1,9.710953712463379,11.503615379333496
AGACGTACCTCTTA-1,-1.7005053758621216,6.162660598754883
AGACGTACTCGTGA-1,-2.479750871658325,3.1405229568481445
AGACTGACCATCAG-1,10.41318416595459,3.8748512268066406
AGACTGACCCTTTA-1,8.816834449768066,6.481198310852051
AGACTTCTCATGCA-1,9.789558410644531,11.074065208435059
AGAGATGACAGTCA-1,10.697273254394531,10.780917167663574
AGAGATGACTGAAC-1,12.760541915893555,5.481194972991943
AGAGATGAGGTTTG-1,-2.993018865585327,4.951113700866699
AGAGATGATCTCGC-1,9.629048347473145,11.733539581298828
AGAGATGATTGTGG-1,10.246644020080566,4.8544511795043945
AGAGCGGAGGCAAG-1,-2.5563478469848633,4.32155179977417
AGAGGTCTACAGCT-1,8.74523639678955,2.571460485458374
AGAGTCTGGTCGTA-1,-1.274377703666687,2.643544912338257
AGAGTGCTCAGCTA-1,10.779634475708008,3.7238738536834717
AGAGTGCTCGAATC-1,10.503883361816406,6.070034503936768
AGAGTGCTGTCATG-1,8.726731300354004,5.829922199249268
AGAGTGCTGTCCTC-1,9.256603240966797,4.280473232269287
AGAGTGCTGTGTTG-1,10.576932907104492,11.186969757080078
AGATATACCCGTAA-1,11.571743965148926,1.199530005455017
AGATATACGATGAA-1,10.898866653442383,5.471619129180908
AGATATACTGTTCT-1,9.965051651000977,10.885099411010742
AGATATTGCCTACC-1,10.446857452392578,2.966348648071289
AGATATTGGCCAAT-1,-1.9129400253295898,5.731688976287842
AGATCGTGTCTGGA-1,-2.1697726249694824,3.8914053440093994
AGATCGTGTTTGTC-1,9.9763765335083,11.60143756866455
AGATCTCTATCACG-1,9.906272888183594,10.851255416870117
AGATTAACGTTCTT-1,-2.237818956375122,3.0786263942718506
AGATTCCTATCGTG-1,12.773970603942871,4.9339599609375
AGATTCCTCACTTT-1,-2.190997362136841,5.806858062744141
AGATTCCTGACGAG-1,-2.1639859676361084,5.458601951599121
AGATTCCTGTTCAG-1,11.647006034851074,0.8763339519500732
AGCAAAGATATGCG-1,11.426553726196289,5.455002784729004
AGCACAACAGTCTG-1,9.971023559570312,5.856723308563232
AGCACTGAGGGAGT-1,11.494510650634766,5.766166687011719
AGCACTGATATGCG-1,10.11725902557373,4.572503089904785
AGCACTGATGCTTT-1,-0.4464839994907379,6.475557327270508
AGCACTGATTGCGA-1,10.647383689880371,7.53891658782959
AGCATCGAAGATCC-1,9.81736946105957,3.2577600479125977
AGCATCGAAGGGTG-1,9.720194816589355,11.232626914978027
AGCATCGAGCTTCC-1,-2.7384426593780518,6.192746162414551
AGCATCGAGTGAGG-1,9.730942726135254,7.4446210861206055
AGCATCGATAACCG-1,-2.5952577590942383,5.566639423370361
AGCATGACGATGAA-1,13.169171333312988,4.534061908721924
AGCCAATGGGGAGT-1,-1.3077805042266846,2.7731070518493652
AGCCAATGTATCTC-1,9.048272132873535,5.945683479309082
AGCCACCTGGATCT-1,10.592477798461914,2.9747650623321533
AGCCGGTGCCAATG-1,8.39111328125,5.3689351081848145
AGCCGGTGTGTTTC-1,8.834968566894531,5.760715007781982
AGCCGTCTCAATCG-1,11.245731353759766,6.012478828430176
AGCCGTCTGAGAGC-1,9.707931518554688,6.510623931884766
AGCCTCACGTTCGA-1,10.398507118225098,6.032549858093262
AGCCTCACTGTCAG-1,-2.3536794185638428,3.5884952545166016
AGCCTCTGCAGTTG-1,10.433834075927734,10.826201438903809
AGCCTCTGCCAATG-1,10.760014533996582,1.4708257913589478
AGCGAACTGGATCT-1,10.9316987991333,6.23839807510376
AGCGAACTTACTGG-1,9.82364559173584,4.376401901245117
AGCGATACGGAGCA-1,10.508781433105469,6.191242694854736
AGCGATTGAGATCC-1,12.011390686035156,1.1537004709243774
AGCGCCGAATCTCT-1,8.997614860534668,6.209560394287109
AGCGCCGACAGAGG-1,12.19823169708252,3.7753963470458984
AGCGCTCTACCTTT-1,10.450109481811523,4.910314083099365
AGCGGCACCGGGAA-1,11.30284309387207,6.553646087646484
AGCGGCTGATGTGC-1,9.239628791809082,4.09865665435791
AGCGGGCTTGCCAA-1,8.895608901977539,4.943353652954102
AGCGTAACATGCTG-1,9.372217178344727,3.855801582336426
AGCGTAACTGAGAA-1,-1.5731583833694458,5.3308634757995605
AGCTCGCTACTGGT-1,10.373674392700195,5.882931232452393
AGCTCGCTCTGCTC-1,9.444679260253906,6.697692394256592
AGCTGAACCATACG-1,-2.109058141708374,2.9906928539276123
AGCTGAACCTCTCG-1,9.807332992553711,6.7611541748046875
AGCTGCCTTGGGAG-1,-2.7617106437683105,2.921361207962036
AGCTGCCTTTCATC-1,8.849142074584961,2.986900568008423
AGCTGCCTTTCTGT-1,9.42164421081543,4.1077351570129395
AGCTGTGATCCAAG-1,9.666540145874023,4.217955112457275
AGCTTTACAAGTAG-1,12.702201843261719,5.523802280426025
AGCTTTACACCAAC-1,9.736467361450195,3.3889267444610596
AGCTTTACTCTCAT-1,9.441849708557129,11.215422630310059
AGGAAATGAGGAGC-1,10.513480186462402,3.5710132122039795
AGGAACCTCTTAGG-1,-1.9795244932174683,2.823988914489746
AGGAACCTTGCCTC-1,10.658742904663086,3.209892511367798
AGGAATGATAACGC-1,11.133334159851074,3.8467965126037598
AGGAATGATTTGTC-1,11.172411918640137,5.663825511932373
AGGAGTCTGGTTTG-1,11.170526504516602,6.191393852233887
AGGAGTCTTGTCAG-1,11.42043399810791,6.021186351776123
AGGATAGACATTTC-1,8.402899742126465,6.2168450355529785
AGGATAGAGGATTC-1,12.080904006958008,2.8693161010742188
AGGATGCTACTAGC-1,10.817673683166504,11.170650482177734
AGGATGCTTTAGGC-1,12.049283981323242,1.3938384056091309
AGGCAACTGAAGGC-1,11.02132797241211,5.929019927978516
AGGCAGGAGTACCA-1,10.916153907775879,2.5864319801330566
AGGCCTCTAGTCGT-1,12.142435073852539,5.432886600494385
AGGCCTCTCGGAGA-1,10.408891677856445,5.544676303863525
AGGCCTCTCGTAAC-1,9.71798324584961,6.5563483238220215
AGGGACGACGTTGA-1,11.095268249511719,6.802302360534668
AGGGACGAGTCAAC-1,11.845174789428711,0.9537603259086609
AGGGACGAGTTGTG-1,9.24138355255127,6.803780555725098
AGGGACGATAGAGA-1,10.937867164611816,3.828538417816162
AGGGACGATGCATG-1,10.844731330871582,2.719733715057373
AGGGAGTGAGCCTA-1,9.888727188110352,4.4967732429504395
AGGGCCACCATACG-1,11.977060317993164,5.404919624328613
AGGGCGCTAACCAC-1,-1.9372299909591675,5.758706092834473
AGGGCGCTATGGTC-1,11.8622407913208,3.194638252258301
AGGGTGGACAGTCA-1,10.230992317199707,11.107096672058105
AGGGTGGACTCAAG-1,-2.4677722454071045,3.2595036029815674
AGGGTGGAGTTGCA-1,12.969488143920898,4.51504373550415
AGGGTTTGTTCATC-1,-2.002997636795044,4.207152366638184
AGGTCATGAGTGTC-1,10.09854793548584,11.47662353515625
AGGTCATGCTTATC-1,11.037884712219238,3.6586925983428955
AGGTCTGATTCTCA-1,-1.919920802116394,3.493783950805664
AGGTGGGAAGAATG-1,11.971960067749023,5.612820625305176
AGGTGGGAAGTTCG-1,11.563031196594238,6.697647571563721
AGGTGTTGGTTACG-1,10.398417472839355,10.08743953704834
AGGTTCGAACCTCC-1,-3.3071439266204834,4.4055256843566895
AGGTTCGAACGTAC-1,-2.500058174133301,4.168172359466553
AGGTTCGAGGGTGA-1,10.059698104858398,6.499950885772705
AGTAAGGAGTTTGG-1,10.449422836303711,3.3386619091033936
AGTAAGGATTCTTG-1,8.735893249511719,6.247852325439453
AGTAATACATCACG-1,10.463936805725098,1.8215248584747314
AGTAATACCGAACT-1,10.117195129394531,11.63432502746582
AGTAATTGTCCCAC-1,9.680011749267578,4.292435169219971
AGTACGTGAGGGTG-1,10.304825782775879,5.535926818847656
AGTACGTGCTGCAA-1,10.855547904968262,5.1338324546813965
AGTACGTGCTTGGA-1,8.673300743103027,6.314805507659912
AGTACTCTACGTGT-1,10.2987642288208,11.68423843383789
AGTACTCTCAACCA-1,11.143380165100098,2.133096694946289
AGTACTCTCGGTAT-1,9.97620677947998,3.176007032394409
AGTAGGCTTGCCTC-1,-2.8519976139068604,3.482764720916748
AGTATAACTTGTCT-1,-1.3326390981674194,3.116325616836548
AGTATCCTAGAACA-1,11.945479393005371,6.256113052368164
AGTCACGATGAGCT-1,10.460907936096191,1.767247200012207
AGTCAGACGAATAG-1,8.673691749572754,4.918187618255615
AGTCAGACGCTTAG-1,9.425459861755371,5.917240619659424
AGTCAGACTAGAGA-1,9.940299034118652,3.9432129859924316
AGTCAGACTGCACA-1,11.451126098632812,5.562126636505127
AGTCCAGATATCTC-1,9.932466506958008,6.047688007354736
AGTCCAGATTTCAC-1,10.8245849609375,3.7327351570129395
AGTCGAACCAACCA-1,10.805968284606934,5.58511209487915
AGTCGCCTCCGTAA-1,10.28970718383789,4.1973185539245605
AGTCTACTAGGGTG-1,-2.3630661964416504,4.229598522186279
AGTCTACTTGCATG-1,-1.6025798320770264,3.656790018081665
AGTCTTACACCACA-1,9.590173721313477,4.133246898651123
AGTCTTACTTCGCC-1,10.105506896972656,3.1989309787750244
AGTCTTACTTCGGA-1,10.099897384643555,-0.016807708889245987
AGTGACTGCAACTG-1,-2.203815460205078,2.9847607612609863
AGTGTTCTAACCTG-1,8.39559555053711,5.635689735412598
AGTGTTCTATAAGG-1,12.822949409484863,5.115703582763672
AGTGTTCTCACTTT-1,-2.929722547531128,5.9139909744262695
AGTTAAACCACTTT-1,9.129690170288086,5.851985931396484
AGTTATGAACAGTC-1,-3.1159827709198,6.111877918243408
AGTTATGACTGAGT-1,9.98061752319336,2.7901089191436768
AGTTATGAGTTCAG-1,9.200024604797363,5.422849178314209
AGTTCTACCAGCTA-1,-2.5085761547088623,5.600924491882324
AGTTCTTGAAGCCT-1,11.01585578918457,2.9667234420776367
AGTTGTCTACTACG-1,9.062504768371582,6.709580421447754
AGTTTAGATGGTCA-1,13.024038314819336,4.4366135597229
AGTTTCACGGTCTA-1,11.095693588256836,1.779002070426941
AGTTTGCTACAGTC-1,12.188801765441895,6.146583557128906
AGTTTGCTACTGGT-1,10.338969230651855,1.8858709335327148
AGTTTGCTCCAAGT-1,10.77128791809082,6.785804748535156
ATAAACACAGTGCT-1,10.317449569702148,11.496368408203125
ATAAACACCACCAA-1,10.802803039550781,7.470559597015381
ATAACAACATGCTG-1,-2.537937879562378,5.431884288787842
ATAACAACGTCTAG-1,8.976080894470215,4.673982620239258
ATAACAACTTTGTC-1,10.97909164428711,5.842321872711182
ATAACATGTACTCT-1,9.397506713867188,3.9251036643981934
ATAACCCTGTTGGT-1,11.739261627197266,5.265997886657715
ATAACCCTTGGTAC-1,8.935606002807617,4.461606025695801
ATAAGTACGAATGA-1,10.699546813964844,10.679438591003418
ATAAGTTGGTACGT-1,-2.1185576915740967,2.811464548110962
ATAAGTTGTCTAGG-1,9.423718452453613,5.188354015350342
ATAATCGAGCTGAT-1,10.055545806884766,11.202759742736816
ATAATCGATGGTTG-1,9.76887321472168,6.697025299072266
ATAATGACCTACTT-1,11.551806449890137,4.815610408782959
ATAATGACTCGTGA-1,-1.8332264423370361,3.9686412811279297
ATACAATGTTAGGC-1,11.04410171508789,3.382474899291992
ATACCACTCGTACA-1,-2.197422981262207,5.9613471031188965
ATACCACTCTAAGC-1,-0.42810454964637756,6.487509250640869
ATACCACTGCCAAT-1,10.401885032653809,2.092691659927368
ATACCGGAATGCTG-1,-0.5514114499092102,6.409730911254883
ATACCGGACATTTC-1,-2.3007757663726807,4.444068431854248
ATACCGGACTTCGC-1,9.251136779785156,4.387956142425537
ATACCGGAGGTGTT-1,-2.474869728088379,5.69667387008667
ATACCGGATCTCGC-1,10.80500316619873,2.6235969066619873
ATACCTACGCATCA-1,9.739372253417969,7.342043876647949
ATACCTTGGGGCAA-1,10.277045249938965,6.95192813873291
ATACGGACAGACTC-1,-3.0224361419677734,4.446372032165527
ATACGGACCTACTT-1,-3.0382535457611084,5.01639461517334
ATACGGACGAGGTG-1,10.220478057861328,11.541285514831543
ATACGGACTATGCG-1,10.1419095993042,11.64307689666748
ATACGGACTCTGGA-1,-3.305257558822632,5.321357727050781
ATACGTCTTAACGC-1,-3.2605113983154297,4.978886127471924
ATACTCTGCTTCGC-1,-2.2182016372680664,3.8386263847351074
ATACTCTGGTATGC-1,11.964203834533691,1.1293565034866333
ATAGATACCATGGT-1,9.519620895385742,4.695690631866455
ATAGATACGACGAG-1,11.267990112304688,6.317643165588379
ATAGATTGGTGTAC-1,9.959735870361328,10.99443531036377
ATAGCCGAACGGAG-1,11.50830078125,6.301546573638916
ATAGCGTGCAGATC-1,8.96387004852295,5.809053897857666
ATAGCGTGCCCTTG-1,-2.442666530609131,6.2431182861328125
ATAGCGTGGTATCG-1,-3.1637892723083496,4.7665324211120605
ATAGCGTGTCTCTA-1,8.83071517944336,5.082202911376953
ATAGCTCTCTGATG-1,8.932660102844238,5.4342193603515625
ATAGCTCTGAGGTG-1,12.524266242980957,5.460701942443848
ATAGGAGAAACAGA-1,-2.895909070968628,3.5147275924682617
ATAGGCTGTCAGAC-1,11.399320602416992,5.8585710525512695
ATAGTCCTAGTGTC-1,-2.6663894653320312,4.852895259857178
ATAGTCCTTGCATG-1,9.948887825012207,4.969234943389893
ATAGTCCTTGTCGA-1,12.446005821228027,5.741531848907471
ATAGTTGACAACTG-1,10.211055755615234,5.57742166519165
ATAGTTGACCCTCA-1,-2.3788084983825684,3.0873982906341553
ATAGTTGAGACGTT-1,11.197694778442383,6.7242021560668945
ATAGTTGATAAGCC-1,11.57988166809082,5.566275596618652
ATATACGAAGCCAT-1,11.101532936096191,5.361663341522217
ATATACGAATTGGC-1,9.36540412902832,5.554813861846924
ATATAGTGGAATGA-1,-3.4239659309387207,4.501912593841553
ATATGCCTAGATCC-1,-2.261774778366089,4.562160491943359
ATATGCCTGGACAG-1,10.032126426696777,6.426208019256592
ATATGCCTTCTCTA-1,8.730077743530273,4.359229564666748
ATATGCCTTGGTAC-1,11.553462982177734,5.151261806488037
ATCAAATGAGCCTA-1,-1.9939287900924683,4.588165760040283
ATCAAATGGGTAAA-1,-2.185789108276367,2.681311845779419
ATCAACCTAAACGA-1,9.30517578125,5.199838161468506
ATCAACCTGAGGAC-1,9.588349342346191,4.7612128257751465
ATCAACCTTCTCTA-1,9.714273452758789,3.2808027267456055
ATCAACCTTTGTCT-1,9.230866432189941,6.2410993576049805
ATCACACTTTGTCT-1,11.89266586303711,6.740477561950684
ATCACGGATTGCTT-1,-3.0510926246643066,4.3969221115112305
ATCACGGATTTCGT-1,9.719452857971191,11.48465633392334
ATCATCTGACACCA-1,10.090912818908691,-0.03258824348449707
ATCATGCTAGAGTA-1,11.027002334594727,3.2094969749450684
ATCATGCTGAACCT-1,10.238097190856934,10.544116020202637
ATCCAGGACGCTAA-1,-1.4656697511672974,2.5994818210601807
ATCCAGGATGGAAA-1,9.898357391357422,4.325567722320557
ATCCATACTCCTTA-1,-1.751874566078186,4.692733287811279
ATCCATACTTCATC-1,-1.2641468048095703,2.6199028491973877
ATCCCGTGCAGTCA-1,11.842426300048828,1.0111972093582153
ATCCCGTGCATGCA-1,10.604399681091309,10.820605278015137
ATCCCGTGGCTGAT-1,9.910280227661133,11.334010124206543
ATCCGCACGCATCA-1,9.84241771697998,10.976996421813965
ATCCTAACGACGGA-1,9.974658012390137,11.515488624572754
ATCCTAACGCTACA-1,9.939166069030762,2.730404853820801
ATCGACGAAACTGC-1,-2.110438585281372,4.941222667694092
ATCGACGAATGACC-1,12.665054321289062,5.270572185516357
ATCGAGTGGACGTT-1,11.427473068237305,3.1646430492401123
ATCGCAGAATCTCT-1,-1.2496325969696045,2.5769996643066406
ATCGCAGAGTGTCA-1,9.51517105102539,10.967399597167969
ATCGCCACTGAGGG-1,11.354933738708496,3.006617784500122
ATCGCCTGGGTCAT-1,9.033026695251465,5.763747215270996
ATCGCCTGTGGCAT-1,10.443562507629395,10.78879165649414
ATCGCGCTCAGAGG-1,-2.3644485473632812,5.8463029861450195
ATCGCGCTGGGATG-1,8.648191452026367,5.953421592712402
ATCGCGCTTTTCGT-1,10.225767135620117,11.797611236572266
ATCGGAACCAGTCA-1,11.412126541137695,5.009584426879883
ATCGGTGAGTCAAC-1,10.343765258789062,6.659754753112793
ATCGGTGATTGCAG-1,9.50940990447998,6.2245941162109375
ATCGTTTGCCTACC-1,-2.079758644104004,5.114674091339111
ATCGTTTGGGTACT-1,-3.3194141387939453,5.158029079437256
ATCGTTTGTGCCAA-1,-2.8494293689727783,3.3784306049346924
ATCTACACCCGCTT-1,-2.8662750720977783,4.8086137771606445
ATCTACACCGGGAA-1,9.462675094604492,5.338497161865234
ATCTCAACAGGAGC-1,10.113805770874023,11.344523429870605
ATCTCAACCTCGAA-1,10.772069931030273,6.48663330078125
ATCTCAACCTTGTT-1,-3.2251133918762207,5.765661716461182
ATCTGGGAAACCAC-1,-2.1343979835510254,5.403435707092285
ATCTGGGAAGTGTC-1,-1.562469482421875,5.270747661590576
ATCTGGGATTCCGC-1,10.254302978515625,4.039842128753662
ATCTGTTGAACGGG-1,9.024718284606934,3.6913444995880127
ATCTGTTGACCTCC-1,9.375730514526367,5.004491806030273
ATCTGTTGCCTTCG-1,-2.0019047260284424,3.8209071159362793
ATCTGTTGGTTGCA-1,8.901309967041016,4.880229949951172
ATCTTGACACCAAC-1,9.648576736450195,5.029536247253418
ATCTTGACCTCCCA-1,-1.6889317035675049,3.7203471660614014
ATCTTTCTGCATCA-1,9.601775169372559,4.11441707611084
ATCTTTCTGTTTCT-1,9.046177864074707,3.8827059268951416
ATCTTTCTTGTCCC-1,12.368551254272461,1.7492188215255737
ATGAAACTCTGTGA-1,9.36341381072998,5.642176151275635
ATGAAACTGAGGCA-1,12.361237525939941,5.794124126434326
ATGAAGGAACAGCT-1,11.958610534667969,3.106252670288086
ATGAAGGACCTGTC-1,9.93477725982666,11.331474304199219
ATGAAGGACCTTAT-1,10.790116310119629,11.264276504516602
ATGAAGGACTAGTG-1,9.83105754852295,11.044631958007812
ATGAAGGACTTGCC-1,11.941179275512695,1.2516844272613525
ATGACGTGACGACT-1,10.375160217285156,10.050158500671387
ATGACGTGATCGGT-1,-1.6589510440826416,3.5831995010375977
ATGAGAGAAAGTGA-1,8.422810554504395,5.738420009613037
ATGAGAGAACGCAT-1,9.756904602050781,5.9219889640808105
ATGAGAGAAGTAGA-1,10.470962524414062,11.134869575500488
ATGAGCACACAGCT-1,9.449498176574707,6.524267673492432
ATGAGCACATCTTC-1,11.215927124023438,6.0056891441345215
ATGATAACTTCACT-1,11.737564086914062,0.8627325892448425
ATGATATGAAACAG-1,11.484400749206543,5.737911701202393
ATGATATGACTGGT-1,11.836492538452148,6.2718610763549805
ATGATATGAGCACT-1,11.991477012634277,5.749445915222168
ATGATATGGTCATG-1,12.246460914611816,5.640190124511719
ATGATATGGTGCTA-1,12.211756706237793,1.6389957666397095
ATGATATGTTGTCT-1,-1.5282682180404663,4.860557556152344
ATGCACGAATGTCG-1,10.160896301269531,11.757579803466797
ATGCACGACTGTAG-1,9.8733491897583,5.728626251220703
ATGCACGAGAACCT-1,9.4614896774292,11.130825996398926
ATGCACGAGTTCGA-1,10.952535629272461,5.635685443878174
ATGCACGATTGGTG-1,-1.8881101608276367,3.4210619926452637
ATGCAGTGTTACCT-1,10.828072547912598,11.199568748474121
ATGCAGTGTTCTAC-1,8.839505195617676,5.701707363128662
ATGCCAGAACGACT-1,10.702838897705078,4.963201522827148
ATGCCAGACAGTCA-1,-1.9581029415130615,5.6284637451171875
ATGCCGCTTGAACC-1,-1.8073614835739136,4.692277908325195
ATGCGATGCTATGG-1,-1.4608501195907593,5.572324275970459
ATGCGATGCTGAGT-1,11.427282333374023,5.216048240661621
ATGCGATGGTTACG-1,9.5200834274292,11.129374504089355
ATGCGCCTTCATTC-1,11.23068618774414,6.473771095275879
ATGCTTTGCGAATC-1,12.033037185668945,5.171294689178467
ATGCTTTGGGCGAA-1,9.98876667022705,3.314066171646118
ATGCTTTGTAGTCG-1,9.8305025100708,11.62366771697998
ATGGACACATCGGT-1,8.65395450592041,5.356845855712891
ATGGACACGCATCA-1,11.600798606872559,0.7688168883323669
ATGGGTACAACCTG-1,10.371508598327637,11.262982368469238
ATGGGTACATCGGT-1,11.70716381072998,1.2808136940002441
ATGGGTACTATTCC-1,9.12714958190918,3.5696537494659424
ATGGGTACTGGGAG-1,9.448874473571777,5.613254547119141
ATGTAAACACCTCC-1,12.445022583007812,5.286096096038818
ATGTAAACCCGCTT-1,9.132357597351074,5.715234756469727
ATGTAAACGGGATG-1,-0.9566320776939392,6.000821113586426
ATGTAAACTCTCCG-1,8.470340728759766,6.202162265777588
ATGTAAACTTCACT-1,-1.6312940120697021,5.738247394561768
ATGTACCTCAGTCA-1,8.883951187133789,6.14653205871582
ATGTACCTTAGTCG-1,8.959864616394043,3.903125047683716
ATGTACCTTTATCC-1,-3.253303289413452,5.171318531036377
ATGTACCTTTCACT-1,10.878219604492188,3.13344407081604
ATGTCACTAATGCC-1,-2.75138258934021,6.151572227478027
ATGTCACTCTGCTC-1,10.85407829284668,3.9960548877716064
ATGTCGGAGGTGAG-1,10.77784538269043,3.5887060165405273
ATGTTCACAGTCTG-1,-2.4346816539764404,4.930314064025879
ATGTTCACCGTAGT-1,9.970098495483398,4.827469348907471
ATGTTGCTTTCAGG-1,8.958198547363281,4.318739414215088
ATTAACGATGAGAA-1,12.390335083007812,1.695882797241211
ATTAACGATGCAAC-1,10.780678749084473,2.7890524864196777
ATTAAGACTGCAGT-1,8.589689254760742,4.7619099617004395
ATTACCTGCCTTAT-1,-2.5058796405792236,6.009883880615234
ATTACCTGGAGGAC-1,-2.471132278442383,3.1280932426452637
ATTACCTGGGCATT-1,13.157562255859375,4.319921016693115
ATTAGATGTTTCAC-1,10.92372989654541,6.553474426269531
ATTATGGAATCTCT-1,11.189366340637207,4.6245808601379395
ATTCAAGAACGGGA-1,11.409198760986328,6.673264503479004
ATTCAAGACCTTTA-1,8.966438293457031,4.23507833480835
ATTCAGCTCATTGG-1,10.056023597717285,-0.07956031709909439
ATTCCAACCATTGG-1,-2.418407917022705,5.748698711395264
ATTCCAACTTAGGC-1,12.306157112121582,1.775346040725708
ATTCGACTCACTAG-1,11.179798126220703,1.9894320964813232
ATTCGACTGAATAG-1,-3.2225723266601562,5.358203411102295
ATTCGACTTTTGTC-1,-1.4981776475906372,2.674928665161133
ATTCGGGAAAGGCG-1,-1.6449764966964722,6.261721611022949
ATTCGGGATTAGGC-1,8.999687194824219,4.795462608337402
ATTCTTCTGATACC-1,12.727563858032227,5.176385402679443
ATTGAATGGACGGA-1,8.859118461608887,6.154482841491699
ATTGATGAAGGTTC-1,10.706327438354492,6.471507549285889
ATTGATGACTGAGT-1,9.575233459472656,4.178116798400879
ATTGATGAGCGAAG-1,11.920357704162598,2.9348576068878174
ATTGATGATCTATC-1,9.274538040161133,4.4452643394470215
ATTGCACTGACGGA-1,12.055814743041992,6.170294284820557
ATTGCACTGAGAGC-1,-1.832465410232544,3.4659132957458496
ATTGCACTGGAGCA-1,-2.520883321762085,4.802732467651367
ATTGCACTTAGCCA-1,8.427576065063477,5.899417400360107
ATTGCACTTGCTTT-1,-2.07875919342041,2.921771764755249
ATTGCTTGTTACTC-1,9.899264335632324,11.002999305725098
ATTGGTCTGACTAC-1,10.724512100219727,11.236414909362793
ATTGGTCTTGTCTT-1,9.997748374938965,11.552242279052734
ATTGTAGATTCCCG-1,-0.5821014642715454,6.372457504272461
ATTGTAGATTGCAG-1,9.776087760925293,6.214223861694336
ATTGTCTGCGTACA-1,9.373905181884766,4.676570892333984
ATTTAGGAACCATG-1,-1.4469540119171143,3.185457706451416
ATTTAGGACAGAGG-1,10.820984840393066,3.5929150581359863
ATTTCCGAGATGAA-1,11.406133651733398,6.093870639801025
ATTTCCGAGTGCTA-1,9.68288803100586,3.734191417694092
ATTTCGTGTATGGC-1,11.853861808776855,1.4986648559570312
ATTTCTCTACTTTC-1,-2.432631254196167,2.9633567333221436
ATTTCTCTAGCAAA-1,10.93609619140625,2.8924553394317627
ATTTCTCTCACTTT-1,-2.195958375930786,2.7014665603637695
ATTTCTCTTCCCAC-1,8.69801139831543,6.057494640350342
ATTTGCACAAGATG-1,-2.64208722114563,5.506072521209717
CAAAGCACAGCTCA-1,9.49682331085205,5.15613317489624
CAAAGCACCGTAAC-1,10.439579963684082,11.15506649017334
CAAAGCACGGTAAA-1,11.446782112121582,1.2402511835098267
CAAAGCTGAAAGTG-1,11.538174629211426,2.3505566120147705
CAAAGCTGTTGCTT-1,-2.5345535278320312,3.914717674255371
CAAATATGTGACAC-1,9.52231216430664,6.309610843658447
CAAATTGAGGGCAA-1,9.663247108459473,5.083385467529297
CAAATTGATGGAGG-1,-2.770904064178467,3.080092430114746
CAACCAGAAAAGTG-1,12.25460433959961,5.686472415924072
CAACCAGAAGTGCT-1,9.778308868408203,5.612840175628662
CAACCAGAGTTCAG-1,-1.591253638267517,5.4423322677612305
CAACCAGATAGAAG-1,-2.4472014904022217,3.160566806793213
CAACCGCTGTTCAG-1,11.587552070617676,5.600973606109619
CAACCGCTTTGAGC-1,9.089561462402344,4.6263508796691895
CAACGATGCGCAAT-1,-1.6156764030456543,3.1420669555664062
CAACGTGACTCCAC-1,-1.5273549556732178,4.727779388427734
CAACGTGAGCCATA-1,11.621787071228027,1.3819591999053955
CAACGTGATCAAGC-1,-2.8041231632232666,3.58109712600708
CAAGAAGACCACAA-1,12.478262901306152,3.706247568130493
CAAGAAGACGTCTC-1,-1.4006565809249878,5.644604682922363
CAAGAAGATTCTAC-1,11.215557098388672,6.441507816314697
CAAGACTGACCTGA-1,10.58549976348877,10.677802085876465
CAAGACTGAGTAGA-1,10.305106163024902,11.05375862121582
CAAGCTGACCATAG-1,-1.533402442932129,3.1843996047973633
CAAGCTGATCTATC-1,12.054805755615234,1.8455495834350586
CAAGGACTGTTCAG-1,10.92773151397705,6.243412017822266
CAAGGACTTCTTTG-1,10.760973930358887,3.940624952316284
CAAGGTTGCTCCAC-1,10.279848098754883,3.8030593395233154
CAAGGTTGTCATTC-1,10.543745040893555,10.840448379516602
CAAGGTTGTCTGGA-1,12.07534122467041,1.0570913553237915
CAAGTCGAAACAGA-1,9.945019721984863,11.343992233276367
CAAGTCGATAGCGT-1,-2.1346309185028076,4.652297019958496
CAATAAACGCCATA-1,-3.107971429824829,3.3100638389587402
CAATAATGAACTGC-1,-2.8041911125183105,5.977685928344727
CAATATGACATGGT-1,9.94679069519043,4.776869297027588
CAATATGACCTTCG-1,11.677728652954102,2.0326015949249268
CAATATGACGTTAG-1,11.774028778076172,5.404793739318848
CAATATGAGGAGCA-1,9.399235725402832,5.8433661460876465
CAATCGGAGAAACA-1,9.704991340637207,7.464090347290039
CAATCTACTGACTG-1,12.059922218322754,0.9198783040046692
CAATTCACCCAACA-1,13.186087608337402,4.288761615753174
CAATTCACGATAGA-1,8.300108909606934,5.704726219177246
CAATTCACTTGTGG-1,13.16777229309082,5.019503116607666
CAATTCTGCTTGTT-1,-1.6804412603378296,4.67239236831665
CAATTCTGGCGTAT-1,-1.6666572093963623,2.943812608718872
CACAACGATACGAC-1,10.416210174560547,6.328946590423584
CACAATCTTGTTCT-1,9.403984069824219,3.3456833362579346
CACAATCTTTCCAT-1,9.925626754760742,5.702895164489746
CACACCTGCTTGAG-1,10.52939224243164,7.513588905334473
CACACCTGTATGGC-1,11.554970741271973,6.158472537994385
CACAGAACCCTTGC-1,10.684393882751465,4.033322334289551
CACAGAACCTGATG-1,9.595165252685547,4.024542808532715
CACAGATGGGATTC-1,9.336343765258789,6.218931198120117
CACAGATGGTTTCT-1,-2.3255138397216797,5.592904567718506
CACAGCCTGATACC-1,9.706328392028809,3.348853826522827
CACAGCCTTGCCAA-1,-1.5231404304504395,3.093187093734741
CACAGCCTTGTAGC-1,11.043944358825684,5.672764301300049
CACAGTGATGAAGA-1,-2.2975661754608154,5.140646934509277
CACATACTACAGCT-1,10.790603637695312,3.571950912475586
CACATGGAACACGT-1,9.229339599609375,6.3563055992126465
CACATGGAAGTCGT-1,11.980916023254395,6.2286152839660645
CACCACTGCCAACA-1,12.070147514343262,5.569728851318359
CACCACTGGCGAAG-1,10.29753303527832,1.9682902097702026
CACCCATGTTCTGT-1,13.784486770629883,4.492624759674072
CACCGGGAATCGAC-1,8.595742225646973,4.608057498931885
CACCGGGACGAGAG-1,10.738472938537598,3.138639450073242
CACCGGGACGTGTA-1,8.754956245422363,6.541478157043457
CACCGGGACTTCTA-1,11.095352172851562,1.2240560054779053
CACCGGGACTTGCC-1,10.378209114074707,3.9842569828033447
CACCGGGATTCGGA-1,11.681587219238281,2.9540324211120605
CACCGTACTAAGGA-1,10.488492012023926,11.62784481048584
CACCGTACTAGCGT-1,10.765226364135742,6.2321696281433105
CACCTGACACCCAA-1,11.990384101867676,2.858473777770996
CACCTGACCAGAAA-1,10.527490615844727,4.607662677764893
CACCTGACCTCAAG-1,10.503670692443848,2.847134590148926
CACCTGACGAAAGT-1,9.888850212097168,5.827761173248291
CACCTGACTCGTAG-1,11.699094772338867,5.383755683898926
CACGAAACTTCCGC-1,9.394002914428711,11.393054008483887
CACGACCTCGATAC-1,9.647489547729492,11.459272384643555
CACGCTACAGAAGT-1,13.042333602905273,4.286093711853027
CACGCTACTGTTCT-1,10.750819206237793,11.34018325805664
CACGCTACTTGACG-1,-2.493396520614624,4.7361040115356445
CACGGGACAGAGTA-1,10.791707992553711,6.120430946350098
CACGGGACATAAGG-1,10.233196258544922,4.666418552398682
CACGGGACGTAGGG-1,11.732443809509277,5.5004682540893555
CACGGGTGCTTCGC-1,11.576754570007324,2.528473377227783
CACGGGTGGAGGAC-1,12.387272834777832,2.2541840076446533
CACGGGTGTGTTTC-1,10.789840698242188,5.878942012786865
CACTAACTCCTAAG-1,10.310990333557129,10.978588104248047
CACTAACTGAAAGT-1,9.97435474395752,6.419622898101807
CACTAGGATGATGC-1,10.3759126663208,11.514411926269531
CACTATACCCCGTT-1,9.309248924255371,10.939592361450195
CACTATACGTTTGG-1,10.87208366394043,2.9887797832489014
CACTGAGACAGTCA-1,-2.968357563018799,4.463655948638916
CACTGCACTTCATC-1,8.649249076843262,4.723071098327637
CACTGCTGAGACTC-1,-1.724233627319336,2.734039068222046
CACTGCTGGAAAGT-1,9.844600677490234,6.329888343811035
CACTTAACCGAATC-1,10.114691734313965,4.019187927246094
CACTTAACCGTACA-1,9.995767593383789,11.231913566589355
CACTTTGACTCTAT-1,11.905397415161133,2.363391876220703
CACTTTGAGCTGTA-1,11.849034309387207,2.9344747066497803
CAGAAGCTCTCAAG-1,9.347994804382324,6.489871978759766
CAGACATGAACGGG-1,8.747715950012207,5.4755144119262695
CAGACATGTCGACA-1,10.119766235351562,7.404113292694092
CAGACCCTAAGGTA-1,-1.5649913549423218,2.9201865196228027
CAGACCCTAATGCC-1,10.002154350280762,4.781498432159424
CAGACCCTAGGAGC-1,9.660798072814941,6.54273796081543
CAGACTGAGTATGC-1,10.191704750061035,6.173429012298584
CAGATCGAATGTCG-1,10.091103553771973,11.670799255371094
CAGATCGACCTGAA-1,9.611084938049316,4.376157760620117
CAGATCGATATGGC-1,9.402515411376953,4.112773895263672
CAGATGACATTCTC-1,11.901281356811523,1.231336236000061
CAGCAATGCCTTCG-1,10.15665340423584,4.952469348907471
CAGCAATGGAGGGT-1,12.32186508178711,1.5612579584121704
CAGCAATGGTGCTA-1,12.30710220336914,5.175743103027344
CAGCAATGTCTACT-1,-2.0539655685424805,6.143771171569824
CAGCAATGTGACCA-1,10.938629150390625,5.401670932769775
CAGCAATGTGAGGG-1,-2.5122716426849365,3.825934886932373
CAGCACCTAAGCCT-1,10.502049446105957,6.104246139526367
CAGCACCTAGGCGA-1,12.729620933532715,5.393704891204834
CAGCACCTGTAGGG-1,-2.0085155963897705,5.8420305252075195
CAGCATGACAACCA-1,-2.470973253250122,5.285536289215088
CAGCATGAGACGTT-1,9.649589538574219,3.6204936504364014
CAGCCTACCCAACA-1,8.579277992248535,6.358470439910889
CAGCCTTGCTACCC-1,-3.4554402828216553,5.835284233093262
CAGCCTTGGGGACA-1,10.580501556396484,3.180190324783325
CAGCGGACACCCTC-1,10.587360382080078,7.425425052642822
CAGCGGACCTTTAC-1,11.733633041381836,1.1363517045974731
CAGCGTCTAAAGCA-1,9.809935569763184,3.5274295806884766
CAGCGTCTTATCGG-1,10.513459205627441,5.509768486022949
CAGCTAGATGTGAC-1,-2.516232967376709,3.052722930908203
CAGCTCTGAGGCGA-1,10.685990333557129,3.710932731628418
CAGCTCTGCAAGCT-1,11.680084228515625,3.0262253284454346
CAGCTCTGTCGTAG-1,-2.493427276611328,4.966375827789307
CAGCTCTGTGTGGT-1,11.97773551940918,0.9613015055656433
CAGGAACTAACTGC-1,10.759979248046875,3.743732452392578
CAGGAACTCTCAGA-1,-2.8459627628326416,4.839378356933594
CAGGCCGAACACCA-1,10.316987037658691,5.195670127868652
CAGGCCGAACACGT-1,9.994165420532227,5.976831912994385
CAGGCCGAACGACT-1,10.6504487991333,3.6036858558654785
CAGGCCGAATCTCT-1,-2.8381690979003906,3.4034838676452637
CAGGCCGACTAGCA-1,9.840127944946289,11.640545845031738
CAGGGCACCATACG-1,10.05244255065918,11.684300422668457
CAGGGCACCCAACA-1,11.097285270690918,6.10094690322876
CAGGGCACTCCCGT-1,9.066816329956055,4.331081867218018
CAGGTAACAGACTC-1,-2.688441038131714,3.620867967605591
CAGGTATGAGTCGT-1,8.942907333374023,4.4366455078125
CAGGTATGTGCTTT-1,9.139688491821289,3.1796422004699707
CAGGTTGAGGATCT-1,9.510080337524414,11.14416790008545
CAGTGATGGACGGA-1,10.652299880981445,10.756155967712402
CAGTGATGGCTAAC-1,11.922224044799805,1.9190548658370972
CAGTGATGGGACAG-1,10.723544120788574,5.558407306671143
CAGTGATGTAAGGA-1,10.407174110412598,11.50253677368164
CAGTGATGTACGCA-1,12.437744140625,6.1219401359558105
CAGTGTGAACACGT-1,13.766409873962402,4.470174312591553
CAGTGTGATGTCAG-1,12.183392524719238,6.234064102172852
CAGTTACTAAGGTA-1,9.62113094329834,11.33060359954834
CAGTTACTGATAGA-1,10.60319709777832,2.703861713409424
CAGTTGGAAAGAGT-1,-1.9377151727676392,4.068133354187012
CAGTTGGACATACG-1,10.86731243133545,6.340604305267334
CAGTTTACACACGT-1,10.412062644958496,2.8251779079437256
CAGTTTACCCCAAA-1,12.156548500061035,6.132335186004639
CATAAAACGGAGCA-1,-2.496086835861206,5.840882301330566
CATAAATGAACTGC-1,11.815828323364258,6.3506646156311035
CATAACCTTCTCCG-1,8.814472198486328,4.487851142883301
CATACTACCTCGAA-1,11.423334121704102,4.965336322784424
CATACTACCTGAAC-1,12.13049030303955,6.2641754150390625
CATACTACGTACCA-1,-2.629286766052246,3.3445475101470947
CATACTTGGGTTAC-1,9.392252922058105,3.4433536529541016
CATAGTCTAATCGC-1,9.093331336975098,6.193582057952881
CATAGTCTCACTTT-1,11.697781562805176,4.114952087402344
CATATAGACTAAGC-1,-0.871960461139679,6.343605995178223
CATATAGATCAGGT-1,10.359142303466797,11.128888130187988
CATCAACTAGAAGT-1,8.455780982971191,6.246212005615234
CATCAACTCCCTCA-1,9.39493465423584,6.3568878173828125
CATCAGGACTTCCG-1,11.805318832397461,0.9967154264450073
CATCAGGATAGCCA-1,12.288110733032227,1.5206260681152344
CATCAGGATCCTAT-1,-2.78668475151062,3.230225086212158
CATCAGGATGCACA-1,-2.305651903152466,3.2071151733398438
CATCAGGATTTCGT-1,-3.1054415702819824,5.735377788543701
CATCATACCGCATA-1,-1.8269914388656616,4.642701148986816
CATCATACGGAGCA-1,10.222464561462402,10.506692886352539
CATCATACTCAAGC-1,12.490663528442383,5.3356451988220215
CATCGCTGGGATCT-1,8.92863941192627,4.166877746582031
CATCGCTGTGGCAT-1,10.127564430236816,11.247391700744629
CATCGGCTATGCTG-1,10.642318725585938,6.513066291809082
CATCGGCTTTGGCA-1,8.735628128051758,6.285618305206299
CATCTCCTATGTGC-1,10.41151237487793,11.61009693145752
CATCTCCTCGAACT-1,-2.055328369140625,2.7769882678985596
CATGAGACACGGGA-1,10.284460067749023,11.559006690979004
CATGAGACGTTGAC-1,12.281530380249023,1.678023338317871
CATGAGACTCGCCT-1,9.314724922180176,3.991405487060547
CATGCCACGGGTGA-1,11.799175262451172,5.487718105316162
CATGCCACTGCCAA-1,9.033770561218262,4.3048272132873535
CATGCGCTAGTCAC-1,-1.4366815090179443,2.9793434143066406
CATGCGCTCAGATC-1,-2.983870029449463,4.569925308227539
CATGCGCTTTGCAG-1,-1.6519774198532104,2.7196264266967773
CATGGCCTAGGGTG-1,-2.551072120666504,4.401365280151367
CATGGCCTGTGCAT-1,10.18387508392334,6.004363536834717
CATGTACTATCGTG-1,11.443191528320312,3.119966983795166
CATGTTACAGTCGT-1,11.770085334777832,3.849724292755127
CATGTTACCTGAGT-1,9.982162475585938,6.232903957366943
CATGTTTGGGGATG-1,-2.8040363788604736,4.746144771575928
CATTACACACGGAG-1,9.923233032226562,11.717973709106445
CATTACACCAACTG-1,11.503256797790527,0.8151258230209351
CATTACACGGAGTG-1,10.919239044189453,6.880601406097412
CATTACACTACTCT-1,11.211993217468262,5.944969654083252
CATTAGCTCCACAA-1,-1.8663463592529297,5.40120267868042
CATTGACTAGCGGA-1,-2.893681049346924,5.706681728363037
CATTGGGACTCGAA-1,10.331355094909668,4.406312942504883
CATTGTACAGCGTT-1,10.660928726196289,6.106932163238525
CATTGTACTCGATG-1,9.943056106567383,11.142974853515625
CATTGTACTTATCC-1,9.905245780944824,5.623721599578857
CATTGTACTTTGCT-1,-1.7262805700302124,2.820763349533081
CATTGTTGCTAGTG-1,10.049519538879395,6.922196388244629
CATTTCGACTCTAT-1,9.774358749389648,3.0680952072143555
CATTTCGAGATACC-1,12.21037483215332,1.3136026859283447
CATTTGACCACACA-1,10.56338882446289,3.394482135772705
CATTTGACCCTGAA-1,10.143296241760254,3.8226497173309326
CATTTGTGACGACT-1,9.984976768493652,10.927220344543457
CATTTGTGCATTGG-1,10.37960147857666,7.069101810455322
CATTTGTGCGGAGA-1,10.476959228515625,6.613053798675537
CATTTGTGGGATCT-1,9.905086517333984,11.422924041748047
CCAAAGTGCTACGA-1,-2.418994188308716,5.671469211578369
CCAAAGTGTGAGAA-1,-2.8854024410247803,3.317164421081543
CCAACCTGAAGTAG-1,10.83260440826416,3.2961552143096924
CCAACCTGACGTAC-1,-3.203016757965088,4.824945449829102
CCAACCTGTTCGCC-1,-1.719495177268982,6.234260559082031
CCAAGAACCCAATG-1,9.51486587524414,5.663044452667236
CCAAGAACGTAGCT-1,10.102751731872559,6.300581932067871
CCAAGAACGTGTCA-1,9.275520324707031,4.520106315612793
CCAAGAACTACTGG-1,10.996223449707031,1.935911774635315
CCAAGAACTCCTAT-1,9.395071029663086,11.026840209960938
CCAAGATGTCATTC-1,11.94238567352295,5.908008575439453
CCAAGATGTTTCAC-1,10.923624038696289,4.340499401092529
CCAAGTGAGGAACG-1,9.698335647583008,6.715580940246582
CCAAGTGATCAAGC-1,10.755361557006836,5.912088871002197
CCAATGGAACAGCT-1,-2.5311269760131836,4.315664768218994
CCAATTTGAACGTC-1,-2.2834298610687256,5.585626602172852
CCACCATGAACGTC-1,11.3335542678833,6.525169849395752
CCACCATGATCGGT-1,10.79585075378418,6.315945625305176
CCACCATGGACGAG-1,-1.4796222448349,3.5280532836914062
CCACCATGGGGAGT-1,10.552480697631836,5.782748699188232
CCACCATGTCCTGC-1,10.509020805358887,3.0230677127838135
CCACTGACCCGCTT-1,-3.33733868598938,5.118860244750977
CCACTGTGGGAAGC-1,-3.3536441326141357,5.092240810394287
CCACTGTGTGTAGC-1,9.868569374084473,6.196858882904053
CCACTTCTCGGGAA-1,-1.76995050907135,4.541754245758057
CCAGAAACCCTGTC-1,10.675896644592285,11.463557243347168
CCAGAAACGAACTC-1,10.755939483642578,5.0162200927734375
CCAGAAACGGTCTA-1,10.431543350219727,6.05322790145874
CCAGACCTCTGAGT-1,-1.749779462814331,5.539656639099121
CCAGACCTTGTGGT-1,8.409070014953613,6.011776924133301
CCAGCACTGCGATT-1,-1.9182064533233643,2.8613102436065674
CCAGCGGAAAGGCG-1,-2.2585322856903076,5.183994770050049
CCAGCGGACGACTA-1,-2.847902297973633,4.9085469245910645
CCAGCGGATGGGAG-1,8.653894424438477,5.415948867797852
CCAGCTACACAGTC-1,10.024675369262695,5.1924614906311035
CCAGCTACCAGCTA-1,11.025298118591309,10.917360305786133
CCAGGTCTACACCA-1,10.115846633911133,11.340083122253418
CCAGGTCTAGCATC-1,-2.776197671890259,5.471625804901123
CCAGGTCTATGGTC-1,9.799077033996582,6.155613422393799
CCAGTCACACTGGT-1,-2.6684765815734863,6.304917812347412
CCAGTCACACTGTG-1,10.76428508758545,11.173328399658203
CCAGTCACGTTGTG-1,9.282132148742676,5.283622741699219
CCAGTCTGCGGAGA-1,8.691280364990234,2.6044280529022217
CCAGTGCTAACCAC-1,9.39310073852539,4.945687770843506
CCAGTGCTCGTAGT-1,9.177750587463379,6.639668941497803
CCATCCGAAAGCAA-1,8.943754196166992,5.422786712646484
CCATCCGAACGACT-1,11.18746566772461,2.966378688812256
CCATCCGAAGGTTC-1,9.776226043701172,11.826966285705566
CCATCCGATTCGCC-1,-3.294924259185791,5.16754674911499
CCATCGTGAACGGG-1,9.605789184570312,3.807262420654297
CCATCGTGCTAGAC-1,-2.369133949279785,2.7066290378570557
CCCAACACCTCGCT-1,10.179424285888672,10.601371765136719
CCCAACACGCATCA-1,9.328878402709961,5.89614200592041
CCCAACACTTTGTC-1,-1.9069478511810303,5.58195161819458
CCCAACTGCAATCG-1,-2.4720547199249268,3.830173969268799
CCCAGACTGCCTTC-1,-1.7048285007476807,5.260657787322998
CCCAGACTGGTTTG-1,10.168578147888184,11.034615516662598
CCCAGACTTTCGCC-1,-1.6362636089324951,3.5551040172576904
CCCAGTTGCAGTTG-1,-1.9717156887054443,4.040277481079102
CCCAGTTGGGTACT-1,11.083388328552246,3.7504234313964844
CCCAGTTGTCTATC-1,10.150666236877441,11.760300636291504
CCCGATTGTGTTTC-1,11.04029369354248,5.519744873046875
CCCGGAGAAGGGTG-1,-3.3486196994781494,4.761577606201172
CCCTACGAATTGGC-1,-2.7006399631500244,5.062472820281982
CCCTAGTGCAAAGA-1,9.656912803649902,3.9140512943267822
CCCTCAGACACTTT-1,10.536484718322754,11.094442367553711
CCCTCAGACGAGAG-1,10.85350227355957,5.563181400299072
CCCTCAGAGGTCAT-1,12.099339485168457,6.142575263977051
CCCTGAACTAAAGG-1,10.068659782409668,10.854321479797363
CCCTGATGCAACCA-1,8.59882926940918,6.397087097167969
CCCTGATGCAAGCT-1,10.21003246307373,11.770285606384277
CCCTTACTAACCAC-1,-2.028107166290283,5.952194690704346
CCCTTACTGCAGTT-1,10.679963111877441,7.5736403465271
CCGAAAACCTTGTT-1,-1.9466357231140137,3.9815306663513184
CCGACACTGGTTTG-1,10.920206069946289,5.179266929626465
CCGACTACCCAGTA-1,-1.6452397108078003,5.086903095245361
CCGACTACCGTGTA-1,12.005021095275879,6.028325080871582
CCGACTACTGAGGG-1,11.065077781677246,4.113391876220703
CCGATAGACCTAAG-1,11.32947063446045,6.537997245788574
CCGATAGAGTTGGT-1,-1.723541259765625,4.091179847717285
CCGCGAGACACACA-1,-2.4655609130859375,5.962141036987305
CCGCGAGAGGTTCA-1,9.653328895568848,4.43390417098999
CCGCTATGGGACGA-1,10.946650505065918,10.834127426147461
CCGCTATGTGCAAC-1,-1.8862910270690918,5.660953044891357
CCGCTATGTGCACA-1,-2.6782443523406982,6.233928680419922
CCGGTACTGTCCTC-1,9.161896705627441,6.012850761413574
CCGTACACAAGCAA-1,10.338240623474121,6.170609951019287
CCGTACACAGCGTT-1,10.52112865447998,11.520472526550293
CCGTACACGTCATG-1,11.53168773651123,2.640443801879883
CCGTACACGTTGGT-1,-2.0058069229125977,6.114705562591553
CCGTACACTAACGC-1,9.401261329650879,3.899345874786377
CCTAAACTTTCGTT-1,11.233222961425781,6.024237155914307
CCTAAGGACCCAAA-1,10.205924987792969,6.386952877044678
CCTAAGGACTAGCA-1,-2.507965326309204,4.313520908355713
CCTAAGGAGGGCAA-1,10.91024398803711,3.175386667251587
CCTAAGGATGATGC-1,10.385416984558105,5.984305381774902
CCTAAGGATGTCAG-1,10.548295974731445,5.614645481109619
CCTACCGACTCTTA-1,9.829461097717285,6.549759387969971
CCTACCGAGGGATG-1,9.591094970703125,10.961370468139648
CCTAGAGAGGTGAG-1,10.98592758178711,10.387153625488281
CCTATAACCAAAGA-1,9.884119033813477,6.351079940795898
CCTATAACGAGACG-1,-2.582667827606201,2.897976875305176
CCTATAACTCAGAC-1,10.050494194030762,6.460165500640869
CCTATAACTGCATG-1,-3.0416154861450195,3.3172881603240967
CCTCGAACACTTTC-1,11.708793640136719,0.901142954826355
CCTCGAACCCGTAA-1,-2.706064224243164,3.083077907562256
CCTCGAACGTATCG-1,10.008066177368164,4.611911296844482
CCTCGAACTTACTC-1,8.789748191833496,6.553041934967041
CCTCTACTCTTCGC-1,-1.7606287002563477,5.192496299743652
CCTCTACTGGCATT-1,12.057584762573242,6.287716388702393
CCTGACTGAAGTAG-1,9.699911117553711,6.260848045349121
CCTGACTGGGGAGT-1,10.341049194335938,6.304046154022217
CCTGACTGTGTCTT-1,10.584586143493652,11.577431678771973
CCTGCAACACGTTG-1,-1.5953212976455688,4.974205493927002
CCTGGACTCGTGAT-1,8.570840835571289,4.4027910232543945
CCTTAATGCCCAAA-1,10.29794979095459,11.491547584533691
CCTTAATGTTCTAC-1,-1.427739143371582,3.5107502937316895
CCTTCACTACGACT-1,9.992368698120117,5.701479434967041
CCTTCACTCAGTCA-1,9.894423484802246,10.65489387512207
CCTTCACTGGAGTG-1,-3.227273941040039,5.69915246963501
CCTTTAGATTCATC-1,-2.663295269012451,6.269708633422852
CGAACATGCCCTAC-1,-1.7359455823898315,4.091686248779297
CGAACATGTCAGAC-1,10.748431205749512,3.7984378337860107
CGAAGACTGGAACG-1,10.911900520324707,3.7929179668426514
CGAAGACTGTTACG-1,9.648530960083008,2.9976534843444824
CGAAGGGAAACCTG-1,10.993206977844238,2.3108699321746826
CGAAGGGATCCGAA-1,10.387167930603027,10.978547096252441
CGAAGTACCAACTG-1,9.78265380859375,11.3397798538208
CGAATCGAGGAGCA-1,-2.597277879714966,3.1944072246551514
CGAATCGAGGAGGT-1,11.089468002319336,5.421752452850342
CGACAAACCCATAG-1,9.955167770385742,7.134646415710449
CGACAAACCGACAT-1,10.45451831817627,11.002190589904785
CGACCACTAAAGTG-1,12.078092575073242,1.1201612949371338
CGACCACTGCCAAT-1,11.630293846130371,1.217426061630249
CGACCGGAAGGTCT-1,9.9413423538208,6.369965553283691
CGACCGGATGGAAA-1,8.731280326843262,4.717597961425781
CGACCTTGCTAGTG-1,9.955707550048828,4.244659900665283
CGACCTTGGCAAGG-1,12.771583557128906,4.714938640594482
CGACGTCTATCGTG-1,10.13353157043457,4.7315473556518555
CGACGTCTCGTGTA-1,8.671309471130371,4.790874004364014
CGACGTCTGAGGCA-1,10.494352340698242,6.130007743835449
CGACTCACGTCGTA-1,9.626153945922852,5.213885307312012
CGACTCACGTTGCA-1,11.040727615356445,4.418528079986572
CGACTCTGTGTGAC-1,8.788777351379395,5.296722412109375
CGACTGCTTCCTCG-1,-2.755436658859253,3.9716737270355225
CGAGAACTAAGGCG-1,11.544251441955566,3.8367748260498047
CGAGAACTACGTTG-1,11.559449195861816,5.83516263961792
CGAGAACTTGTTCT-1,-3.498443603515625,5.833728790283203
CGAGATTGGACACT-1,11.97719669342041,2.0182065963745117
CGAGATTGGCCATA-1,13.830973625183105,4.504423141479492
CGAGCCGAACACCA-1,9.230497360229492,4.813713073730469
CGAGCCGACGACAT-1,12.461417198181152,4.146450519561768
CGAGCCGAGGCGAA-1,8.75949764251709,6.153738975524902
CGAGCGTGCTCCAC-1,9.348199844360352,5.715827941894531
CGAGCGTGGATACC-1,8.391892433166504,5.802286624908447
CGAGCGTGTATGCG-1,-2.5095295906066895,3.206573963165283
CGAGGAGACCTCCA-1,10.391179084777832,11.193921089172363
CGAGGAGATGTCGA-1,12.716464042663574,5.242846965789795
CGAGGCACCTATGG-1,11.270967483520508,2.5493714809417725
CGAGGCACTATGCG-1,-1.401009202003479,5.9203200340271
CGAGGCACTCTTCA-1,11.235176086425781,3.716036796569824
CGAGGCTGACGCTA-1,13.122093200683594,3.9623422622680664
CGAGGCTGGCAGTT-1,-2.5934057235717773,2.868250846862793
CGAGGGCTACGACT-1,9.778717994689941,11.112316131591797
CGAGGGCTCGAATC-1,12.192407608032227,5.194913387298584
CGAGTATGTCACCC-1,-3.0000593662261963,3.260261297225952
CGATACGAACAGTC-1,-1.6850402355194092,4.247292995452881
CGATACGACAGGAG-1,8.797871589660645,2.527003765106201
CGATACGATTCACT-1,10.39473819732666,11.177733421325684
CGATAGACCCGTAA-1,-2.8494958877563477,3.4902873039245605
CGATAGACCGTACA-1,11.135431289672852,3.247218370437622
CGATAGACGTAGGG-1,-2.13240909576416,5.469116687774658
CGATAGACTGTTCT-1,8.533185005187988,5.790592193603516
CGATCAGAAGAACA-1,10.948760032653809,2.804722547531128
CGATCAGAGAGGGT-1,11.606328010559082,5.161111354827881
CGATCAGAGGTACT-1,9.882464408874512,6.648054122924805
CGATCAGATGTGAC-1,-0.5072466135025024,6.418517112731934
CGATCCACCGGGAA-1,9.801661491394043,3.3759987354278564
CGATCCACTTCCAT-1,9.899208068847656,11.85544204711914
CGCAAATGCTCGAA-1,13.40595531463623,4.582888126373291
CGCAACCTCCTTGC-1,9.969648361206055,4.931816101074219
CGCAACCTGGACGA-1,9.3660249710083,5.751020908355713
CGCACGGAGGACGA-1,10.589951515197754,11.298298835754395
CGCACGGATCTTTG-1,11.684989929199219,6.4616923332214355
CGCACTACAGAATG-1,10.922903060913086,5.8938093185424805
CGCACTACAGCCAT-1,9.01186466217041,5.536599636077881
CGCACTACATTGGC-1,12.57460880279541,5.6350884437561035
CGCACTACTCGCCT-1,10.4107666015625,11.651850700378418
CGCACTACTCGTGA-1,10.197946548461914,3.3337831497192383
CGCACTTGTCACGA-1,-2.1655848026275635,5.673760414123535
CGCAGGACAGATCC-1,10.793307304382324,3.669175863265991
CGCAGGACCTACTT-1,11.868931770324707,5.14927339553833
CGCAGGACTTGTCT-1,-1.8233044147491455,3.9642715454101562
CGCAGGTGCACTGA-1,10.583834648132324,6.646668910980225
CGCAGGTGCCATAG-1,-2.773437976837158,3.2805700302124023
CGCAGGTGGGAACG-1,9.412008285522461,2.979886531829834
CGCATAGATCACGA-1,-2.468761444091797,5.347167015075684
CGCCATACTGCAAC-1,9.60582160949707,5.441134452819824
CGCCATTGAGAGGC-1,11.23117446899414,5.982385635375977
CGCCATTGCTATGG-1,11.744935989379883,4.909806728363037
CGCCATTGGAGACG-1,8.714811325073242,5.482054710388184
CGCCATTGGAGCAG-1,12.8019437789917,5.146317958831787
CGCCATTGTACTGG-1,10.405579566955566,11.046330451965332
CGCCGAGAGCTTAG-1,11.936382293701172,0.9938926696777344
CGCCTAACGAATGA-1,-1.216407060623169,5.992752552032471
CGCCTAACTGCTCC-1,8.669366836547852,5.83222770690918
CGCGAGACACAGCT-1,11.021089553833008,4.038181781768799
CGCGAGACAGGTCT-1,9.432644844055176,11.113895416259766
CGCGAGACGCTACA-1,10.991223335266113,4.05333137512207
CGCGATCTCAGTCA-1,-1.6592175960540771,5.223351955413818
CGCGATCTGTTGAC-1,-3.1879961490631104,5.763001441955566
CGCGATCTTTCTTG-1,9.763925552368164,10.968242645263672
CGCGGATGGCCAAT-1,9.628400802612305,3.9707388877868652
CGCTAAGAATGTCG-1,8.811333656311035,4.553023815155029
CGCTAAGACAACTG-1,9.90207576751709,5.375281810760498
CGCTAAGACCCTTG-1,9.321809768676758,4.171493053436279
CGCTACTGAACAGA-1,-1.6382856369018555,5.339742183685303
CGCTACTGAGAACA-1,10.764488220214844,5.7175397872924805
CGCTACTGTGAGCT-1,9.065040588378906,4.266392230987549
CGCTACTGTTCCCG-1,10.96079158782959,2.279991388320923
CGCTCATGCATTTC-1,-1.8104393482208252,5.044427394866943
CGGAATTGCACTAG-1,13.566171646118164,4.527185916900635
CGGAATTGGTTTGG-1,10.733413696289062,4.000845909118652
CGGAATTGTGGAGG-1,11.348663330078125,4.164653778076172
CGGACCGATGCGTA-1,11.657038688659668,2.538759469985962
CGGACCGATGGGAG-1,12.90311336517334,4.855715751647949
CGGACTCTAAACAG-1,10.324702262878418,11.673701286315918
CGGACTCTCCAATG-1,8.81179428100586,5.953912734985352
CGGACTCTCCTCGT-1,11.618490219116211,1.3950074911117554
CGGAGGCTATTCCT-1,8.819991111755371,3.6015639305114746
CGGAGGCTTGGATC-1,11.586974143981934,6.661954402923584
CGGATAACAACGAA-1,-2.798262119293213,4.2898759841918945
CGGATAACAGCTCA-1,8.296404838562012,5.478282451629639
CGGATAACTCAGTG-1,-3.1987991333007812,4.658801078796387
CGGCACGAACTCAG-1,10.371145248413086,4.114152431488037
CGGCACGAAGGGTG-1,10.68547534942627,7.522472858428955
CGGCACGACTACGA-1,-1.6686758995056152,3.1748743057250977
CGGCATCTTAGAAG-1,11.204514503479004,4.649674415588379
CGGCATCTTCGTAG-1,-3.2563579082489014,5.2979207038879395
CGGCCAGAAAGGTA-1,9.627328872680664,6.292947292327881
CGGCCAGAGAGGCA-1,11.045710563659668,3.1158645153045654
CGGCGAACCAGTCA-1,-2.066718101501465,3.8160433769226074
CGGCGAACGACAAA-1,11.891008377075195,1.077758550643921
CGGCGAACGGTCTA-1,9.261959075927734,4.282461166381836
CGGCGAACTACTTC-1,12.149420738220215,1.1136928796768188
CGGGACTGCGTGTA-1,9.792046546936035,6.735693454742432
CGGGACTGGAATAG-1,11.424114227294922,3.319429636001587
CGGGCATGACCCAA-1,13.178010940551758,4.21307373046875
CGGGCATGTCTCTA-1,10.301387786865234,1.8929598331451416
CGGGCATGTTGTGG-1,11.405712127685547,6.748232841491699
CGGTAAACTCGCAA-1,9.981398582458496,5.124548435211182
CGGTCACTGTTTGG-1,8.976408958435059,5.28907585144043
CGGTCACTTACTTC-1,9.1112642288208,4.3843770027160645
CGTAACGAATCAGC-1,11.526658058166504,5.931089878082275
CGTAACGATCGCCT-1,9.107178688049316,5.798643112182617
CGTACCACACACAC-1,9.79456901550293,7.455160617828369
CGTACCACACGTTG-1,9.602267265319824,6.012657165527344
CGTACCACCTCATT-1,10.788835525512695,6.202845096588135
CGTACCACGCTACA-1,10.649547576904297,5.349454402923584
CGTACCACGGAGCA-1,11.766108512878418,6.726293563842773
CGTACCTGGACGAG-1,13.282822608947754,4.213319778442383
CGTACCTGGCATCA-1,11.676290512084961,0.9715390205383301
CGTAGCCTCTCTCG-1,-2.3917407989501953,5.942954063415527
CGTAGCCTGCGAAG-1,9.283349990844727,4.172458648681641
CGTAGCCTGTATGC-1,-1.739865779876709,3.753358840942383
CGTCAAGAAAGGTA-1,-2.8194756507873535,3.840958595275879
CGTCAAGAACGTGT-1,9.050975799560547,6.377386569976807
CGTCAAGACAGAGG-1,9.18199634552002,4.523465156555176
CGTCAAGACAGGAG-1,11.240072250366211,1.3526430130004883
CGTCCATGCTCTTA-1,8.831263542175293,5.542966365814209
CGTCGACTTTCCGC-1,10.39451789855957,2.9819085597991943
CGTGATGACGCTAA-1,9.278438568115234,3.59153413772583
CGTGATGAGGTTCA-1,11.503479957580566,4.146173477172852
CGTGCACTTATGGC-1,-1.98017418384552,4.546128749847412
CGTGTAGAAAAACG-1,9.12703800201416,4.391226291656494
CGTGTAGACGATAC-1,10.93339729309082,4.3243842124938965
CGTGTAGAGTTACG-1,11.291150093078613,1.4310598373413086
CGTGTAGAGTTCAG-1,-2.984646797180176,5.141997814178467
CGTGTAGATTCGGA-1,12.176336288452148,1.5340502262115479
CGTTAGGAAACCAC-1,10.146909713745117,4.600419521331787
CGTTAGGATCATTC-1,-2.1532771587371826,3.9069390296936035
CGTTATACCCTGAA-1,11.121697425842285,2.3083865642547607
CGTTTAACTGGTCA-1,9.569465637207031,5.522090911865234
CTAAACCTCTGACA-1,11.53700065612793,0.7811948657035828
CTAAACCTGTGCAT-1,10.863093376159668,11.254840850830078
CTAACACTAACGTC-1,8.458980560302734,5.925327301025391
CTAACACTAGTGCT-1,-2.368422508239746,4.942267417907715
CTAACGGAACCGAT-1,11.849723815917969,1.243129014968872
CTAACGGATTTCTG-1,10.116786003112793,6.49483585357666
CTAACTACGGCAAG-1,12.181609153747559,4.8415117263793945
CTAAGGACACCATG-1,9.661253929138184,6.23544454574585
CTAAGGACCGTTAG-1,9.021199226379395,6.46391487121582
CTAAGGACGCCATA-1,-3.0103554725646973,5.749210834503174
CTAAGGTGCCTAAG-1,9.622101783752441,11.717228889465332
CTAAGGTGTTGCAG-1,11.118257522583008,5.8797125816345215
CTAAGGTGTTTCTG-1,12.646835327148438,5.597705364227295
CTAATAGAGCTATG-1,10.266087532043457,6.762420177459717
CTAATGCTTGTGGT-1,-2.2701940536499023,4.610411643981934
CTACAACTCCCGTT-1,10.998634338378906,2.176267623901367
CTACCTCTCAACCA-1,10.114222526550293,5.44733190536499
CTACGCACACCTAG-1,-2.2844879627227783,2.8160781860351562
CTACGCACTCTCCG-1,9.664286613464355,7.454395771026611
CTACGCACTGGTCA-1,11.712021827697754,1.3891209363937378
CTACGGCTTTCTTG-1,-1.9124833345413208,5.492163181304932
CTACTATGAACCAC-1,-1.5445114374160767,5.80684757232666
CTACTATGATGTGC-1,-2.552696943283081,4.480315685272217
CTACTATGCTAAGC-1,8.947555541992188,6.484355449676514
CTACTATGTAAAGG-1,10.611403465270996,10.793120384216309
CTACTCCTATGTCG-1,11.638423919677734,1.2060348987579346
CTACTCCTGCCATA-1,-3.0543782711029053,4.6013946533203125
CTAGAGACACTTTC-1,11.921957969665527,5.062651634216309
CTAGAGACAGCATC-1,10.464775085449219,3.141353130340576
CTAGAGACTTTGGG-1,-1.5267363786697388,3.310776710510254
CTAGATCTCTCTAT-1,11.054022789001465,4.544045448303223
CTAGATCTTCGACA-1,9.461200714111328,5.40820837020874
CTAGGATGAGCCTA-1,9.342836380004883,10.604900360107422
CTAGGATGATCGTG-1,12.790634155273438,4.866272926330566
CTAGGCCTCTCAGA-1,9.334391593933105,5.916494846343994
CTAGGTGATGGTTG-1,-1.4962644577026367,2.6976420879364014
CTAGTTACCAGAGG-1,8.953261375427246,6.225902557373047
CTAGTTACCGCATA-1,9.758589744567871,4.645562648773193
CTAGTTACGAAACA-1,11.873489379882812,1.2441890239715576
CTAGTTTGAGTACC-1,11.960737228393555,2.5818185806274414
CTATAAGATCGTTT-1,9.36122989654541,11.624571800231934
CTATACTGAGGTTC-1,-2.1139092445373535,5.247279167175293
CTATACTGCCAGTA-1,9.83110237121582,6.405888080596924
CTATACTGCGCTAA-1,-3.248159170150757,5.46730899810791
CTATACTGCTACGA-1,11.376250267028809,0.8666360378265381
CTATACTGTCTCAT-1,12.10778522491455,1.3509684801101685
CTATACTGTTCGTT-1,8.444838523864746,6.837821006774902
CTATAGCTGTCACA-1,12.441312789916992,5.9296417236328125
CTATAGCTTCGCTC-1,-2.402935028076172,4.8845601081848145
CTATAGCTTGCCTC-1,-1.752359390258789,4.80480432510376
CTATCAACGAACTC-1,9.418153762817383,6.219568729400635
CTATCAACGCAGAG-1,9.459551811218262,4.887517929077148
CTATCAACTTTGGG-1,9.64181900024414,6.688366889953613
CTATCCCTCCACCT-1,-2.75799560546875,4.918601989746094
CTATGTACGAGAGC-1,9.87657356262207,5.709702968597412
CTATGTACGCTTAG-1,9.290581703186035,5.854443550109863
CTATGTACTGTTTC-1,9.219672203063965,6.700505256652832
CTATGTTGAAAGCA-1,9.284557342529297,5.785991668701172
CTATGTTGTCCTCG-1,10.88401985168457,5.90242862701416
CTATGTTGTCTCGC-1,8.517840385437012,5.391933917999268
CTATTGACAAACGA-1,-2.771458387374878,4.549010276794434
CTATTGACACTGGT-1,-2.0755274295806885,3.5868418216705322
CTATTGACGGTGAG-1,-2.163418769836426,3.6527187824249268
CTATTGTGGCAAGG-1,11.119505882263184,4.388248920440674
CTCAATTGGTTCAG-1,9.460728645324707,5.99948787689209
CTCAATTGGTTGCA-1,-2.436187982559204,4.924812316894531
CTCAGAGATAGAAG-1,10.335384368896484,6.258387088775635
CTCAGCACTCTAGG-1,11.01801872253418,4.745159149169922
CTCAGCACTGAACC-1,-1.7818821668624878,2.825173854827881
CTCAGCACTTGCAG-1,10.22186279296875,6.701411247253418
CTCAGCTGAACCTG-1,-2.3250463008880615,4.932878017425537
CTCAGCTGCAGTTG-1,9.022002220153809,4.998475074768066
CTCAGCTGTTTCTG-1,9.194591522216797,6.439826488494873
CTCAGGCTCGTTGA-1,-2.06708025932312,2.9208195209503174
CTCAGGCTGCTAAC-1,11.800859451293945,2.9872844219207764
CTCATTGACCTTAT-1,8.89231014251709,4.240706920623779
CTCATTGATGCTTT-1,-2.4673192501068115,2.771629810333252
CTCATTGATTGCTT-1,13.421147346496582,4.370667457580566
CTCCACGAGAGATA-1,-0.6143569350242615,6.3619303703308105
CTCCATCTCTTAGG-1,9.568380355834961,6.605698108673096
CTCCATCTGACGAG-1,8.685118675231934,4.602030277252197
CTCCGAACAAGTGA-1,-1.3752293586730957,2.9630839824676514
CTCCTACTGCCTTC-1,-2.459014892578125,3.1172595024108887
CTCGAAGATGTGGT-1,9.821619033813477,6.056370258331299
CTCGAAGATTAGGC-1,-2.422999620437622,6.158145904541016
CTCGACTGCTCTAT-1,8.878186225891113,3.896458864212036
CTCGACTGGGTGAG-1,12.301100730895996,5.767427921295166
CTCGACTGGTTGAC-1,12.028319358825684,1.0957621335983276
CTCGAGCTCTGGAT-1,11.328065872192383,1.2756423950195312
CTCGCATGACTTTC-1,10.254549026489258,3.549758195877075
CTCGCATGCTTAGG-1,9.941336631774902,3.6119558811187744
CTCTAAACCTCGAA-1,11.018290519714355,5.792483806610107
CTCTAAACGGCGAA-1,12.829708099365234,5.423367023468018
CTCTAATGTCCAAG-1,-2.0557637214660645,5.600376129150391
CTGAACGACAGTCA-1,8.477584838867188,4.9779791831970215
CTGAACGATGAGGG-1,11.842188835144043,3.0375773906707764
CTGAAGACCCAACA-1,8.452079772949219,6.204502582550049
CTGAAGACGTGCAT-1,9.969801902770996,10.573762893676758
CTGAAGTGAAGCCT-1,-1.491437315940857,2.906839370727539
CTGAAGTGCAGCTA-1,9.782272338867188,11.567632675170898
CTGAAGTGGCTATG-1,12.780379295349121,5.3999152183532715
CTGAAGTGTCCAGA-1,9.494810104370117,6.003988742828369
CTGAATCTGAATAG-1,11.781137466430664,3.167802095413208
CTGACAGAATCGTG-1,10.993132591247559,2.098172664642334
CTGACCACAGCAAA-1,10.574337005615234,6.358757495880127
CTGAGAACCGGGAA-1,9.479798316955566,5.120586395263672
CTGAGAACGTAAAG-1,12.245685577392578,1.2794266939163208
CTGATACTAGTAGA-1,12.58237075805664,5.468873977661133
CTGATTTGGTGTTG-1,-2.4797041416168213,6.14801025390625
CTGCAGCTAACCGT-1,10.010429382324219,6.324887275695801
CTGCAGCTGACACT-1,10.398361206054688,6.5334906578063965
CTGCAGCTGGATTC-1,-2.2356367111206055,3.7039945125579834
CTGCAGCTTGGCAT-1,10.825279235839844,3.940762519836426
CTGCCAACAGGAGC-1,10.740055084228516,5.972471237182617
CTGCCAACCAGCTA-1,11.350224494934082,5.459871292114258
CTGCCAACTAACCG-1,-2.44724702835083,3.4653801918029785
CTGCCAACTGCTCC-1,10.778939247131348,2.787932872772217
CTGCCAACTTGCAG-1,9.686396598815918,6.432302474975586
CTGCCAACTTGCTT-1,10.50058364868164,3.925208330154419
CTGCGACTCCACCT-1,9.876070976257324,3.862720251083374
CTGGAAACAAACGA-1,10.99625015258789,2.1552653312683105
CTGGAAACATCGAC-1,11.703399658203125,4.853581428527832
CTGGATGACTGGAT-1,10.804383277893066,2.8698811531066895
CTGGATGACTTGTT-1,11.880099296569824,2.8467819690704346
CTGGATGATGTGAC-1,9.928017616271973,10.876696586608887
CTGGCACTCAAGCT-1,-3.10261607170105,5.65496301651001
CTGGCACTGGACAG-1,12.087891578674316,3.852717876434326
CTGTAACTAACCAC-1,9.74937629699707,3.8875045776367188
CTGTAACTAGCGTT-1,8.980236053466797,4.26046895980835
CTGTATACGTAAAG-1,10.579259872436523,5.211847305297852
CTGTATACGTACGT-1,-2.6744396686553955,2.8942675590515137
CTGTATACGTTGGT-1,11.865409851074219,5.26165246963501
CTGTGAGACAACCA-1,-1.4532238245010376,2.570812940597534
CTGTGAGACCTTGC-1,11.595976829528809,3.288166046142578
CTGTGAGACGAACT-1,-2.859417676925659,5.551672458648682
CTGTGAGACTGTAG-1,-2.157262086868286,6.153165817260742
CTTAAAGAACCTGA-1,12.411070823669434,5.945513725280762
CTTAACACCTGTAG-1,9.177295684814453,4.431478500366211
CTTAACACGAGCTT-1,9.516914367675781,4.299433708190918
CTTAACACTATCGG-1,10.469115257263184,11.679211616516113
CTTAAGCTACCTAG-1,11.555991172790527,6.3263468742370605
CTTAAGCTAGTACC-1,10.763724327087402,4.608070373535156
CTTAAGCTCATCAG-1,10.662373542785645,5.5684590339660645
CTTAAGCTCCGCTT-1,10.053956985473633,10.967799186706543
CTTAAGCTTCCTCG-1,11.006701469421387,2.3724212646484375
CTTACAACTAACGC-1,10.695415496826172,6.046440601348877
CTTACAACTCCCGT-1,-2.979652166366577,5.245205879211426
CTTACTGACGTACA-1,10.203575134277344,5.7803168296813965
CTTAGACTAAACGA-1,9.339664459228516,3.486466407775879
CTTAGGGACTTGCC-1,8.651834487915039,4.229104042053223
CTTAGGGAGAATCC-1,11.69563102722168,6.2724432945251465
CTTATCGACTCATT-1,9.020174980163574,5.234642028808594
CTTCACCTACCTGA-1,-2.2099764347076416,2.9536173343658447
CTTCATGAAGCATC-1,9.700895309448242,11.658031463623047
CTTCATGAAGTACC-1,12.777220726013184,5.184770584106445
CTTCATGACCGAAT-1,9.032417297363281,5.908393383026123
CTTGAACTACGCAT-1,10.227143287658691,5.910673141479492
CTTGATTGAGGTTC-1,12.158554077148438,1.9375728368759155
CTTGATTGATCTTC-1,-2.4383645057678223,4.015328884124756
CTTGATTGCATTCT-1,9.482332229614258,3.12691593170166
CTTGATTGTTTCGT-1,9.75321102142334,6.191664695739746
CTTGTATGACACCA-1,10.234092712402344,11.188704490661621
CTTGTATGCGCAAT-1,10.74196720123291,10.76870059967041
CTTTACGAGCGAAG-1,11.331527709960938,6.0963850021362305
CTTTAGACCGTGAT-1,12.277946472167969,6.1179046630859375
CTTTAGACGAGACG-1,8.86169719696045,6.67029333114624
CTTTAGACGATACC-1,11.095585823059082,6.385624408721924
CTTTAGACGTTGGT-1,9.031813621520996,5.275328159332275
CTTTAGACTCATTC-1,11.09157943725586,4.5146355628967285
CTTTAGTGACGGGA-1,11.650322914123535,1.197874903678894
CTTTAGTGGGTGGA-1,10.07380199432373,6.462451934814453
CTTTCAGAGAAACA-1,9.460932731628418,5.350538730621338
CTTTGATGAGCACT-1,9.198896408081055,5.884952545166016
CTTTGATGTCTAGG-1,9.77479076385498,3.6615307331085205
CTTTGATGTGTCCC-1,8.626394271850586,6.460549831390381
CTTTGATGTGTGGT-1,10.729305267333984,5.831068515777588
GAAACAGAACTACG-1,8.497038841247559,5.752655506134033
GAAACAGAATCACG-1,11.737090110778809,5.026671886444092
GAAACAGACATTCT-1,11.988445281982422,5.974592685699463
GAAACCTGATCGTG-1,11.142656326293945,6.139125823974609
GAAACCTGATGCCA-1,8.97747802734375,4.513171195983887
GAAACCTGCTTATC-1,8.87989330291748,5.977667331695557
GAAACCTGGACTAC-1,-1.8235646486282349,3.2211828231811523
GAAACCTGTGCTAG-1,9.7310209274292,4.49202823638916
GAAAGATGATTTCC-1,11.096473693847656,4.589751720428467
GAAAGATGCTGATG-1,-1.7623634338378906,3.1139512062072754
GAAAGATGCTTCGC-1,-1.6845133304595947,6.18729829788208
GAAAGATGTAAGGA-1,13.851730346679688,4.499032020568848
GAAAGATGTTTGCT-1,10.813080787658691,3.913902521133423
GAAAGCCTACGTTG-1,12.167603492736816,6.8341193199157715
GAAAGTGAAAGTGA-1,-0.44561007618904114,6.476792335510254
GAAAGTGACCACAA-1,-1.7830785512924194,4.680586814880371
GAAAGTGACTCAAG-1,10.14776611328125,4.965181827545166
GAAATACTACCAAC-1,-2.4085023403167725,4.918394565582275
GAAATACTCTTAGG-1,10.58053970336914,11.385295867919922
GAAATACTTCCTCG-1,11.141597747802734,1.9258623123168945
GAACACACGTGCAT-1,-2.0246918201446533,5.971927165985107
GAACACACTGCCTC-1,9.711008071899414,4.481359004974365
GAACAGCTAACTGC-1,-1.528857707977295,3.3608388900756836
GAACAGCTCTCAGA-1,-1.4502787590026855,2.8482375144958496
GAACCAACCACAAC-1,10.060117721557617,5.772339344024658
GAACCAACTTCCGC-1,12.010226249694824,0.9950547218322754
GAACCTGAACGTGT-1,8.960826873779297,4.179941177368164
GAACCTGAGAGACG-1,11.564785957336426,5.477645397186279
GAACCTGATGAACC-1,9.309709548950195,5.627161026000977
GAACGGGATACTTC-1,13.261868476867676,4.667707443237305
GAACGTTGACGGAG-1,10.100234031677246,2.7711868286132812
GAACTGTGACCTGA-1,-2.2085325717926025,3.2008891105651855
GAACTGTGCCAGTA-1,-2.379908561706543,5.416683673858643
GAAGAATGCAATCG-1,11.993813514709473,5.921121120452881
GAAGCGGACCTATT-1,-1.3354275226593018,4.3076558113098145
GAAGCTACGAATGA-1,-1.9128915071487427,4.141129493713379
GAAGCTACGGTTTG-1,10.685685157775879,2.485602617263794
GAAGGGTGAAAGTG-1,9.47841739654541,4.743216037750244
GAAGGGTGCTTAGG-1,-2.412907838821411,5.6468682289123535
GAAGGTCTGAAAGT-1,10.608248710632324,2.768569231033325
GAAGGTCTGTTGCA-1,10.246814727783203,6.707197666168213
GAAGGTCTTAAAGG-1,-0.4537964165210724,6.4872612953186035
GAAGTAGACTCCCA-1,10.625138282775879,1.8290773630142212
GAAGTAGATCCAAG-1,-1.6566798686981201,2.595137357711792
GAAGTCACCCTCGT-1,-2.1440136432647705,5.442164421081543
GAAGTCACCCTGTC-1,10.360112190246582,10.151106834411621
GAAGTCTGTCGCAA-1,9.941911697387695,11.093113899230957
GAAGTCTGTTCTGT-1,9.673542022705078,4.255847454071045
GAAGTGCTAAACGA-1,11.39724349975586,0.7178278565406799
GAAGTGCTCCGCTT-1,-2.0646021366119385,5.502285957336426
GAAGTGCTTAACCG-1,8.516158103942871,4.860815525054932
GAATGCACCCTAAG-1,8.524845123291016,5.841612815856934
GAATGCACCTTCGC-1,12.253461837768555,1.2155383825302124
GAATGCTGCGGTAT-1,12.010665893554688,6.260787487030029
GAATGGCTAAGATG-1,13.732171058654785,4.525463581085205
GAATTAACGATAAG-1,12.129884719848633,5.489881992340088
GAATTAACGGTCAT-1,13.319402694702148,4.5270891189575195
GAATTAACGTCGTA-1,12.300884246826172,1.6465322971343994
GAATTAACTGAAGA-1,10.70910930633545,10.908683776855469
GACAACACAGGCGA-1,12.097328186035156,6.333359718322754
GACAACACATCGTG-1,10.96272087097168,5.970004081726074
GACAACACTCGCCT-1,10.51683235168457,5.93911075592041
GACAACTGAGGTTC-1,9.764823913574219,4.118378639221191
GACAGGGAAGAGTA-1,10.367624282836914,10.615829467773438
GACAGGGAATGCCA-1,9.164828300476074,5.649884223937988
GACAGTACGAGCTT-1,-1.5409843921661377,3.1642980575561523
GACAGTACTTCGGA-1,-1.322666883468628,3.165673017501831
GACAGTTGAGTAGA-1,10.93131160736084,11.150716781616211
GACATTCTCCACCT-1,-0.41887831687927246,6.48658561706543
GACCAAACGACTAC-1,-2.536259889602661,4.549740314483643
GACCAAACGTATCG-1,-2.133577823638916,5.208345413208008
GACCATGACTCTCG-1,-2.6678311824798584,2.917869806289673
GACCCTACTAAAGG-1,10.014739990234375,10.485548973083496
GACCTAGACCTCAC-1,9.74055290222168,5.437370777130127
GACCTAGACGAGAG-1,9.670220375061035,4.9197001457214355
GACCTCACAAGGTA-1,12.425677299499512,5.4549641609191895
GACCTCACGTACGT-1,-1.5640937089920044,4.623977184295654
GACCTCTGCATCAG-1,9.6157865524292,6.613168239593506
GACGAACTCCCACT-1,10.803776741027832,7.407119274139404
GACGATTGCCAATG-1,10.304479598999023,11.83706283569336
GACGCCGACCTTCG-1,9.619458198547363,3.1358907222747803
GACGCTCTCTCTCG-1,10.064555168151855,-0.06749768555164337
GACGGCACACGGGA-1,12.314806938171387,1.6782845258712769
GACGGCACGAGATA-1,-2.196885585784912,5.433717727661133
GACGTAACCTATGG-1,9.162336349487305,4.758663654327393
GACGTAACCTGTGA-1,9.089462280273438,4.957667350769043
GACGTAACTATGGC-1,8.967718124389648,3.7219862937927246
GACGTATGTTGACG-1,9.4207124710083,5.55412483215332
GACGTATGTTTGCT-1,10.08652400970459,5.954808712005615
GACGTCCTACGGAG-1,10.927511215209961,4.227901935577393
GACGTCCTCTCAAG-1,-1.8777590990066528,5.019200325012207
GACGTCCTGATAAG-1,10.273188591003418,10.735641479492188
GACTACGATGGTCA-1,9.801751136779785,11.402308464050293
GACTCCTGCTCGCT-1,9.888908386230469,6.490730285644531
GACTCCTGGGTTAC-1,10.35333251953125,6.203223705291748
GACTCCTGTTATCC-1,10.579835891723633,3.472221851348877
GACTCCTGTTGGTG-1,-2.8292510509490967,6.336174964904785
GACTGAACAACCGT-1,13.264052391052246,4.57387113571167
GACTGAACCAATCG-1,-2.1605634689331055,6.188875675201416
GACTGATGTGATGC-1,9.612475395202637,6.107172966003418
GACTTTACATGCCA-1,10.87202262878418,6.66972541809082
GACTTTACGACAGG-1,9.685705184936523,11.243879318237305
GAGAAATGTTCTCA-1,12.18152904510498,6.698863506317139
GAGATAGAAAAAGC-1,-1.5258299112319946,4.942395210266113
GAGATCACGACAAA-1,-1.357521891593933,2.6096858978271484
GAGATGCTCTGGAT-1,9.379608154296875,3.39068341255188
GAGATGCTGAATGA-1,9.296751976013184,3.47371244430542
GAGCAGGATTCCCG-1,10.488937377929688,3.164140462875366
GAGCATACTTTGCT-1,9.116191864013672,3.649049997329712
GAGCGCACGCGTAT-1,-2.672001361846924,5.533003807067871
GAGCGCACGGTGAG-1,9.458298683166504,3.891136646270752
GAGCGCTGAAGATG-1,12.220141410827637,1.1996610164642334
GAGCGCTGTCTTAC-1,-3.2294554710388184,5.242191314697266
GAGCGGCTGGGAGT-1,10.345375061035156,11.226459503173828
GAGGACGACTCAGA-1,11.018491744995117,5.6139750480651855
GAGGATCTGAAAGT-1,10.634061813354492,11.430774688720703
GAGGCAGACTTGCC-1,11.054435729980469,2.302567958831787
GAGGGAACACCAGT-1,10.714340209960938,3.448352336883545
GAGGGAACGAGGGT-1,10.428481101989746,3.234104871749878
GAGGGATGGGAAAT-1,10.811747550964355,4.408536911010742
GAGGGCCTTCACCC-1,9.54773235321045,3.190889835357666
GAGGGTGAAGAGTA-1,9.383399963378906,4.395153999328613
GAGGTACTACGGTT-1,11.72465705871582,6.392950534820557
GAGGTACTACTCAG-1,-3.4831080436706543,5.838122844696045
GAGGTACTGACACT-1,10.545002937316895,3.1922802925109863
GAGGTACTGGGAGT-1,8.823905944824219,5.473799705505371
GAGGTACTTAGCGT-1,-2.572129487991333,3.362920045852661
GAGGTGGAGTACGT-1,10.818443298339844,7.418811798095703
GAGGTGGATCCTCG-1,11.92798137664795,1.082269549369812
GAGGTTACTCGTTT-1,-1.6518834829330444,4.739547252655029
GAGGTTTGTAAGCC-1,-2.720707654953003,3.1046462059020996
GAGTCAACCATTCT-1,10.186062812805176,6.925278186798096
GAGTCAACGGGAGT-1,11.07404613494873,6.8336944580078125
GAGTCTGATCGTGA-1,12.10563850402832,5.523219585418701
GAGTCTGATTTGGG-1,10.718856811523438,10.742836952209473
GAGTGACTCAGCTA-1,9.994709014892578,2.731370449066162
GAGTGACTCGGTAT-1,11.290628433227539,3.5967118740081787
GAGTGACTCTTGCC-1,9.809464454650879,11.61586856842041
GAGTGACTGACTAC-1,11.243431091308594,10.098014831542969
GAGTGACTGTCTAG-1,9.291259765625,6.315560340881348
GAGTGGGAGTCTTT-1,10.567529678344727,10.853483200073242
GAGTGGGATGCCCT-1,9.833704948425293,6.67087459564209
GAGTGGGATGCTGA-1,9.944692611694336,11.766697883605957
GAGTGTTGCTGTAG-1,9.01113510131836,4.432857990264893
GAGTGTTGTGGTCA-1,11.014704704284668,5.861153602600098
GAGTTGTGCATGGT-1,-2.8689775466918945,3.638709306716919
GAGTTGTGCTGAGT-1,10.458806991577148,3.56947660446167
GAGTTGTGGCGAGA-1,-1.8232214450836182,6.013960361480713
GAGTTGTGGTAGCT-1,10.269062995910645,0.17010211944580078
GAGTTGTGTATGCG-1,-1.241124153137207,2.9806101322174072
GATAAGGAGAAACA-1,-3.2843196392059326,5.2368388175964355
GATAAGGATTCACT-1,-1.9061402082443237,5.671615123748779
GATACTCTATCGGT-1,10.605650901794434,6.615778923034668
GATACTCTTACTTC-1,9.543689727783203,6.651319980621338
GATACTCTTGACTG-1,-2.417301654815674,6.131978988647461
GATAGAGAAGGGTG-1,12.023829460144043,2.8226821422576904
GATAGAGACTGTGA-1,9.014022827148438,6.023110389709473
GATAGAGATCACGA-1,-1.4570293426513672,6.093693256378174
GATAGCACCCATAG-1,8.675251960754395,6.404842853546143
GATAGCACGAAGGC-1,-1.5787147283554077,5.200555801391602
GATAGCACTTGTCT-1,10.167363166809082,6.574871063232422
GATATAACAAGGTA-1,8.523959159851074,4.835815906524658
GATATAACACGCAT-1,12.876103401184082,5.7035064697265625
GATATATGCTGGAT-1,10.631673812866211,6.092910289764404
GATATATGTCCGTC-1,11.2186918258667,2.8058083057403564
GATATATGTGGAGG-1,-1.7168577909469604,6.223412990570068
GATATCCTAGAAGT-1,12.119786262512207,5.232100963592529
GATATCCTCCCGTT-1,-3.329376459121704,4.447511672973633
GATATTGACAGGAG-1,11.922746658325195,2.5150957107543945
GATATTGACGAGTT-1,-1.5476562976837158,2.7250115871429443
GATATTGAGCCAAT-1,11.484119415283203,6.470905780792236
GATCCCTGACCTTT-1,11.734735488891602,1.1616483926773071
GATCCCTGTGTAGC-1,11.634675979614258,3.4835898876190186
GATCCGCTGGTCAT-1,-2.2193615436553955,5.986806869506836
GATCGAACCGAGAG-1,9.18517780303955,4.114083766937256
GATCGATGACTAGC-1,11.081869125366211,10.750911712646484
GATCGATGGTAAAG-1,11.124300003051758,10.275693893432617
GATCGATGTAAGGA-1,-3.361006259918213,5.8202714920043945
GATCGTGACACTAG-1,9.131407737731934,4.848780632019043
GATCGTGATTCACT-1,9.268607139587402,3.700913667678833
GATCTACTGGTGAG-1,13.07719612121582,4.445064544677734
GATCTACTTTGCAG-1,10.605297088623047,11.332956314086914
GATCTTACACCCAA-1,-2.191044569015503,2.9467451572418213
GATCTTACCCTACC-1,8.224400520324707,5.756213665008545
GATCTTACGAATAG-1,-2.399693250656128,3.761500358581543
GATCTTACGAGATA-1,-3.074824333190918,5.832899570465088
GATGCAACTCCAGA-1,8.543634414672852,5.178478240966797
GATGCCCTACGTAC-1,8.818795204162598,5.085092544555664
GATGCCCTCTCATT-1,8.674949645996094,5.587691783905029
GATGCCCTGGCAAG-1,-2.3741562366485596,6.196961879730225
GATGCCCTTTTGCT-1,8.555351257324219,5.304906845092773
GATTACCTTGTTCT-1,9.924514770507812,5.656183242797852
GATTCGGAACGACT-1,10.605066299438477,6.361332893371582
GATTCGGACAGGAG-1,-1.8473347425460815,4.898541450500488
GATTCGGAGAAGGC-1,-1.6312671899795532,3.1934609413146973
GATTCTTGATTCGG-1,-1.5475670099258423,5.961172103881836
GATTCTTGCCGATA-1,9.889129638671875,5.506270408630371
GATTCTTGCGAGTT-1,10.593815803527832,10.732179641723633
GATTGGACCCGTTC-1,10.468875885009766,5.456865310668945
GATTGGACGGTGTT-1,10.319422721862793,11.238224983215332
GATTGGACTTTCGT-1,10.064308166503906,11.687183380126953
GATTGGTGTGTCAG-1,9.746688842773438,5.680124282836914
GATTTAGACACTCC-1,-2.4569785594940186,3.2973134517669678
GATTTAGACTAAGC-1,9.889452934265137,10.237777709960938
GATTTAGATTCGTT-1,-2.9136178493499756,3.469541072845459
GATTTGCTAACGAA-1,10.530948638916016,6.411252975463867
GATTTGCTAACGGG-1,-2.3914289474487305,4.641137599945068
GCAACCCTCCTCGT-1,-2.9404637813568115,4.056368350982666
GCAACTGATTGCGA-1,10.220237731933594,6.433476448059082
GCAAGACTACTGGT-1,10.400386810302734,3.487499952316284
GCAAGACTAGGTCT-1,9.008026123046875,4.148693084716797
GCAAGACTCCCTTG-1,9.367415428161621,6.357825756072998
GCAATCGACTGCAA-1,10.398996353149414,4.643593788146973
GCAATCGAGACGTT-1,-1.5917202234268188,4.696093559265137
GCAATCGATCCTTA-1,-2.4751956462860107,3.73644757270813
GCAATTCTCGTGTA-1,9.618941307067871,5.021330833435059
GCAATTCTTCTCCG-1,8.918586730957031,6.293035507202148
GCACAAACAATGCC-1,10.136018753051758,5.461784839630127
GCACAAACGGTACT-1,9.53641128540039,5.233648300170898
GCACAATGGTGCAT-1,-0.8595489859580994,6.328605651855469
GCACACCTGTGCTA-1,12.249396324157715,1.7619519233703613
GCACCACTCATGAC-1,-1.6696882247924805,6.263950347900391
GCACCACTGTTTGG-1,-3.166214942932129,4.65069055557251
GCACCACTTCCTTA-1,11.54990291595459,0.913582444190979
GCACCACTTTCGGA-1,-2.5640852451324463,6.088274955749512
GCACCTACGCGATT-1,9.584747314453125,5.869121074676514
GCACCTTGGCTGTA-1,10.143310546875,6.573554039001465
GCACCTTGGGGAGT-1,-2.0360031127929688,2.9829416275024414
GCACGGACCAGCTA-1,8.795098304748535,6.229545593261719
GCACGGTGACCTCC-1,10.778443336486816,7.099179744720459
GCACGGTGCTATGG-1,-2.1985671520233154,5.558098793029785
GCACTAGAACGGGA-1,10.454566955566406,5.55197811126709
GCACTAGAAGATGA-1,10.11354923248291,11.734306335449219
GCACTAGACCTTTA-1,-2.0337696075439453,3.108023166656494
GCACTAGACGTAAC-1,10.500656127929688,11.604530334472656
GCACTAGAGTCGTA-1,11.292274475097656,1.087499976158142
GCACTAGATGCAAC-1,8.941400527954102,5.6964030265808105
GCACTGCTGAGGCA-1,9.149558067321777,5.117977142333984
GCAGATACAGCGTT-1,11.206910133361816,4.034926414489746
GCAGATACGACGGA-1,11.774977684020996,6.720639705657959
GCAGATACGCAGAG-1,11.868992805480957,6.747197151184082
GCAGCCGACAGTCA-1,10.270392417907715,5.89348840713501
GCAGCGTGCACTCC-1,12.038373947143555,6.0955657958984375
GCAGCTCTCAATCG-1,10.17090892791748,6.851991653442383
GCAGCTCTGTTTCT-1,9.70250129699707,4.068456649780273
GCAGGGCTAAGAAC-1,10.009766578674316,6.177591323852539
GCAGGGCTAAGGGC-1,9.534082412719727,4.024550437927246
GCAGGGCTATCGAC-1,11.854157447814941,1.1271789073944092
GCAGGGCTTGGGAG-1,10.411651611328125,3.2944414615631104
GCAGTCCTAACTGC-1,9.54306697845459,4.629994869232178
GCAGTCCTCTCTTA-1,10.692253112792969,5.71069860458374
GCATCAGATGCGTA-1,10.890838623046875,3.618950605392456
GCATGTGACAAGCT-1,11.784638404846191,6.399307727813721
GCATTGGAGAAGGC-1,9.843905448913574,5.577843189239502
GCCAAAACGAGGCA-1,11.129446029663086,3.7605068683624268
GCCAAATGATCGAC-1,8.899404525756836,4.481270790100098
GCCAACCTACGGTT-1,9.88791561126709,5.924062728881836
GCCAACCTCGCCTT-1,11.208404541015625,6.798181056976318
GCCACGGAGGCGAA-1,-2.637409210205078,3.0157828330993652
GCCACGGATACTGG-1,10.161880493164062,7.236552715301514
GCCACTACCTACTT-1,10.078954696655273,11.732738494873047
GCCACTACGTCTTT-1,11.357950210571289,6.783688068389893
GCCCAACTACCGAT-1,8.982759475708008,6.659500598907471
GCCCAACTATGGTC-1,12.969813346862793,4.5433735847473145
GCCCATACAGCGTT-1,8.703569412231445,2.7073960304260254
GCCGACGAACTCTT-1,-2.3039066791534424,3.923166513442993
GCCGAGTGCGTTGA-1,8.917253494262695,6.209764003753662
GCCGGAACGAACTC-1,10.694144248962402,2.8904335498809814
GCCGGAACGTTCTT-1,11.94420051574707,1.043041467666626
GCCGGAACTGCACA-1,12.17265796661377,3.5219433307647705
GCCGGAACTTACTC-1,9.978606224060059,5.848373889923096
GCCGTACTACCTGA-1,11.928364753723145,6.702044486999512
GCCGTACTGGCAAG-1,-2.864687204360962,5.285161972045898
GCCTACACAGTTCG-1,11.711856842041016,0.8822566270828247
GCCTACACCACTGA-1,-1.4993574619293213,4.080268383026123
GCCTACACCTTGAG-1,9.887889862060547,6.692751884460449
GCCTAGCTACGGAG-1,9.364106178283691,11.654438018798828
GCCTAGCTCTATTC-1,8.946792602539062,5.692833423614502
GCCTAGCTTCTCAT-1,9.279704093933105,4.773910045623779
GCCTAGCTTCTCTA-1,-1.2635926008224487,2.599299907684326
GCCTCAACCATGGT-1,10.750136375427246,6.603907585144043
GCCTCAACTCTTTG-1,8.711799621582031,2.5984861850738525
GCCTCATGTCTTAC-1,9.938652038574219,5.133861541748047
GCCTGACTCTCAAG-1,-2.0525197982788086,6.175060272216797
GCGAAGGAACTCTT-1,10.323299407958984,3.88631272315979
GCGAAGGAGAGCTT-1,8.70198917388916,2.5826430320739746
GCGAAGGATGCCAA-1,12.700745582580566,5.486262798309326
GCGAGAGAGGGACA-1,10.173627853393555,5.867805480957031
GCGAGCACTGTCGA-1,9.521220207214355,11.150049209594727
GCGAGCACTTGACG-1,9.554455757141113,5.517873764038086
GCGAGCACTTGCTT-1,-1.6827187538146973,3.92744517326355
GCGATATGGTACGT-1,10.28427791595459,4.052020072937012
GCGATATGGTGTTG-1,12.799222946166992,5.091459274291992
GCGCACGAAGTCGT-1,11.491361618041992,6.304728984832764
GCGCACGACTTTAC-1,-3.109635829925537,5.749495029449463
GCGCATCTAGGTCT-1,11.2484769821167,5.412446022033691
GCGCATCTGGTTAC-1,8.665030479431152,2.611325263977051
GCGCATCTTCGATG-1,9.5289306640625,6.672711372375488
GCGCATCTTGCTCC-1,10.967110633850098,2.179412841796875
GCGCATCTTTCTAC-1,11.830699920654297,6.339059829711914
GCGCGAACGTTCTT-1,10.24072265625,11.192010879516602
GCGCGATGAACGGG-1,10.547859191894531,6.662954330444336
GCGCGATGGTGCAT-1,11.265189170837402,0.7934722304344177
GCGGAGCTCCTGAA-1,10.135529518127441,4.218934059143066
GCGGCAACCCGATA-1,8.778162956237793,6.577051639556885
GCGGCAACGGAGGT-1,9.720649719238281,11.078222274780273
GCGGCAACTGTCGA-1,-2.6895575523376465,4.962548732757568
GCGTAAACACGGTT-1,-0.4552350640296936,6.463406085968018
GCGTAATGCACCAA-1,-1.4247795343399048,3.4655916690826416
GCGTATGAACACCA-1,8.515909194946289,6.284820079803467
GCGTATGATGAGAA-1,-2.408914089202881,4.70125675201416
GCTACAGAAAGGTA-1,10.893631935119629,5.9555253982543945
GCTACAGAATCTTC-1,10.340424537658691,10.841163635253906
GCTACAGATCTTAC-1,9.165838241577148,4.210808753967285
GCTACCTGAGAAGT-1,-2.7821507453918457,6.294167518615723
GCTACCTGATCACG-1,9.234832763671875,5.06048583984375
GCTACGCTAGAATG-1,10.89953327178955,6.286298751831055
GCTACGCTAGCTAC-1,9.799910545349121,4.4954633712768555
GCTACGCTCCCTAC-1,12.737297058105469,4.491187572479248
GCTAGAACAGAGGC-1,11.172106742858887,10.339324951171875
GCTAGAACGGATCT-1,10.313436508178711,3.6822099685668945
GCTAGAACTCCCGT-1,10.799202919006348,7.357220649719238
GCTAGATGAGCTCA-1,-2.3549952507019043,4.5115485191345215
GCTAGATGGCGATT-1,11.832569122314453,3.749058961868286
GCTATACTAAGGCG-1,11.7162446975708,6.1093292236328125
GCTATACTAGCGTT-1,13.10180950164795,4.103321075439453
GCTATACTCTCTTA-1,9.553869247436523,4.708545207977295
GCTATACTGGACGA-1,8.855064392089844,4.877674579620361
GCTCAAGAACCATG-1,-2.0303263664245605,3.749112367630005
GCTCAAGAAGTCAC-1,-1.8911116123199463,4.397749900817871
GCTCAGCTGTCTAG-1,10.82664966583252,6.395847320556641
GCTCCATGAGAAGT-1,11.749579429626465,2.170306921005249
GCTCCATGCCGAAT-1,11.543066024780273,6.099907875061035
GCTCGACTCTAGTG-1,-3.354764461517334,5.244440078735352
GCTGATGAGGTATC-1,-1.7407968044281006,4.997633934020996
GCTTAACTACAGTC-1,-3.05338191986084,4.068768501281738
GCTTAACTACTGGT-1,11.045823097229004,2.109388589859009
GCTTAACTGCTGAT-1,9.533815383911133,6.79182243347168
GCTTAACTTAGACC-1,-2.589751720428467,4.360864639282227
GCTTAACTTCAGTG-1,9.132087707519531,6.379438400268555
GGAACACTCACTTT-1,-1.9760074615478516,5.365269660949707
GGAACACTTCAGAC-1,10.068071365356445,-0.06137934699654579
GGAACTACTACTTC-1,9.994414329528809,7.469242095947266
GGAACTTGAAGGTA-1,-2.350104570388794,6.058658123016357
GGAACTTGAGAATG-1,10.03569507598877,5.696631908416748
GGAACTTGCTCCAC-1,-2.272146224975586,4.742352485656738
GGAACTTGGGTAGG-1,9.753839492797852,11.774681091308594
GGAAGGACATCGGT-1,-1.9669119119644165,6.070339679718018
GGAAGGACCACTAG-1,9.076410293579102,3.6171185970306396
GGAAGGACGAGGGT-1,9.860493659973145,3.8588545322418213
GGAAGGACGCGAAG-1,10.734325408935547,3.63767409324646
GGAAGGTGGCGAGA-1,12.244338035583496,1.4966357946395874
GGAATCTGAAGGGC-1,12.932619094848633,4.517806529998779
GGAATCTGAGGAGC-1,9.375324249267578,3.529916524887085
GGAATCTGCTTAGG-1,9.447713851928711,11.522491455078125
GGAATCTGCTTGTT-1,-2.6159980297088623,5.769168376922607
GGAATCTGGGAGGT-1,9.3400297164917,5.33499002456665
GGAATGCTTTCTAC-1,11.188488960266113,5.603884220123291
GGACAGGAAAGGGC-1,10.104957580566406,7.350523948669434
GGACAGGAGTGCTA-1,10.575302124023438,11.448655128479004
GGACAGGATCTCGC-1,9.75478458404541,4.0914177894592285
GGACCCGAAGCTAC-1,-1.8195436000823975,5.616064071655273
GGACCGTGCTTACT-1,-2.206616163253784,5.9301228523254395
GGACCGTGGGAACG-1,-0.5207372307777405,6.43660306930542
GGACCGTGTAACGC-1,8.739740371704102,5.66192626953125
GGACCTCTGTAAGA-1,-2.4026830196380615,4.871585369110107
GGACCTCTTTTCTG-1,10.566641807556152,2.6630566120147705
GGACGAGAGTGTCA-1,-2.67210054397583,5.019329071044922
GGACGCTGACGCAT-1,9.351104736328125,3.7006611824035645
GGACGCTGCTAGCA-1,10.6368989944458,6.562007904052734
GGACGCTGTCCTCG-1,12.198134422302246,1.2120341062545776
GGAGAGACGTGAGG-1,9.442801475524902,10.852808952331543
GGAGCAGATTCAGG-1,10.245824813842773,11.070783615112305
GGAGCCACCTTCTA-1,9.693365097045898,10.643692970275879
GGAGCGCTACGCAT-1,-2.3800899982452393,3.805110454559326
GGAGCGCTCCGAAT-1,8.789995193481445,5.911855220794678
GGAGGATGCCACCT-1,12.84093189239502,5.455111980438232
GGAGGATGGTTGAC-1,-2.0441157817840576,5.39158821105957
GGAGGATGTCAGTG-1,-2.4546756744384766,5.159590721130371
GGAGGCCTCGTTGA-1,11.899425506591797,1.742647647857666
GGAGGCCTTTCTTG-1,10.344396591186523,6.231013774871826
GGAGGTGATACGCA-1,9.61458969116211,7.2567362785339355
GGAGGTGATCGCTC-1,11.812176704406738,4.750397682189941
GGATACTGCAGCTA-1,8.987580299377441,6.326464653015137
GGATACTGTCTAGG-1,8.737929344177246,5.666927814483643
GGATAGCTCGTCTC-1,8.848811149597168,3.9120874404907227
GGATAGCTCTGAAC-1,9.484980583190918,3.919796943664551
GGATGTACCAAAGA-1,9.486467361450195,11.280738830566406
GGATGTACGCGAAG-1,12.04850959777832,5.850633144378662
GGATGTACGTCTTT-1,-2.8390073776245117,4.3937458992004395
GGATGTACGTGTCA-1,11.41650390625,3.335296154022217
GGATTTCTAGGTTC-1,10.769098281860352,5.062492847442627
GGATTTCTTTGTCT-1,-1.329163670539856,5.177892684936523
GGCAAGGAAAAAGC-1,11.764042854309082,0.8553850054740906
GGCAAGGAAGAAGT-1,10.728923797607422,5.571308612823486
GGCAAGGACTTGGA-1,-1.8249505758285522,5.5647873878479
GGCAAGGAGGACTT-1,8.866539001464844,6.534489631652832
GGCAATACGCTAAC-1,11.216487884521484,10.226633071899414
GGCAATACGGCATT-1,11.29069709777832,3.8651766777038574
GGCAATACGTTTCT-1,10.536836624145508,11.23574447631836
GGCACGTGGCTTAG-1,-2.0858919620513916,3.142606496810913
GGCACGTGTGAGAA-1,8.663125038146973,2.5965511798858643
GGCACTCTTTTGTC-1,10.90114974975586,3.3920414447784424
GGCATATGCTTATC-1,10.812004089355469,1.6527682542800903
GGCATATGGGGAGT-1,10.064804077148438,-0.06698625534772873
GGCATATGTGTGAC-1,8.85334300994873,3.099874973297119
GGCCACGACAGAGG-1,13.751776695251465,4.521104335784912
GGCCAGACTGGTTG-1,9.640512466430664,6.067732334136963
GGCCCAGAAAGTAG-1,-2.459028482437134,5.817020416259766
GGCCGAACAACGAA-1,11.842080116271973,5.950188636779785
GGCCGAACGCAGAG-1,13.6532621383667,4.562313079833984
GGCCGAACGTAGGG-1,12.500941276550293,5.342535972595215
GGCCGAACTCTAGG-1,12.139449119567871,1.7332028150558472
GGCCGATGCAGGAG-1,8.613117218017578,5.323569297790527
GGCCGATGCCGAAT-1,8.71327018737793,4.603264808654785
GGCCGATGTACTCT-1,8.690999031066895,5.686761856079102
GGCGACACTGCCCT-1,10.069974899291992,2.2698793411254883
GGCGACTGCGTAAC-1,10.072005271911621,4.395326137542725
GGCGCATGCCTAAG-1,-1.41348397731781,2.9261131286621094
GGCGCATGCTCCAC-1,10.173274040222168,4.749293804168701
GGCGCATGTGGAAA-1,10.357279777526855,4.962772846221924
GGCGGACTAGAGGC-1,11.212885856628418,3.5034589767456055
GGCGGACTAGGAGC-1,10.735095977783203,3.3524765968322754
GGCGGACTCTGACA-1,11.947938919067383,6.2014923095703125
GGCGGACTCTTGGA-1,12.012807846069336,2.9589991569519043
GGCGGACTTACTGG-1,10.054705619812012,6.568601131439209
GGCGGACTTGAACC-1,8.938617706298828,5.222915172576904
GGCTAAACACCTGA-1,10.35564136505127,1.8858753442764282
GGCTAAACTCTTAC-1,12.161685943603516,5.718469619750977
GGCTAATGAGCACT-1,11.469074249267578,2.9043452739715576
GGCTAATGGTCTAG-1,11.994646072387695,6.347820281982422
GGCTCACTACTCAG-1,-2.6824963092803955,6.32624626159668
GGGAACGAAGCTCA-1,-1.2216575145721436,2.92387318611145
GGGAACGACACAAC-1,10.2305908203125,11.437560081481934
GGGAACGAGTGTCA-1,-2.5355005264282227,4.406644821166992
GGGAAGTGTTGAGC-1,-2.5460124015808105,2.782985210418701
GGGACCACACGTTG-1,11.054441452026367,2.037302255630493
GGGACCACAGAACA-1,10.802234649658203,6.353404521942139
GGGACCACGAATAG-1,9.49948501586914,5.614257335662842
GGGACCACGTCATG-1,11.960098266601562,6.21256685256958
GGGACCACTCAAGC-1,11.954998970031738,5.316762924194336
GGGACCACTCGTGA-1,12.7088623046875,5.564372539520264
GGGACCACTGCATG-1,12.248000144958496,6.029223442077637
GGGACCTGACCCTC-1,-2.5014913082122803,6.157313823699951
GGGACCTGCTTGCC-1,10.4096097946167,6.34102201461792
GGGACCTGTGGAGG-1,10.150799751281738,11.386946678161621
GGGATGGACGACAT-1,9.897146224975586,11.266027450561523
GGGATGGATACTTC-1,9.427445411682129,3.274336814880371
GGGATGGATGGTTG-1,-2.092688798904419,4.649590015411377
GGGATTACGTCTAG-1,11.27519416809082,5.83112096786499
GGGCAAGATGCATG-1,-3.3452041149139404,5.678854465484619
GGGCACACGGTGAG-1,-1.4708062410354614,3.8395729064941406
GGGCACACGTTGCA-1,10.932191848754883,5.846160888671875
GGGCAGCTTGGGAG-1,11.032271385192871,3.6842305660247803
GGGCAGCTTTTCTG-1,9.06740951538086,6.623604774475098
GGGCCAACCTTGGA-1,-0.4207829236984253,6.491250514984131
GGGCCAACGCGTTA-1,9.971860885620117,11.09299087524414
GGGCCAACTACGCA-1,-2.068528890609741,5.702017307281494
GGGCCAACTCCAAG-1,9.735031127929688,11.66530990600586
GGGCCATGATGGTC-1,8.993632316589355,4.47961950302124
GGGCCATGTTGACG-1,10.867103576660156,3.5272786617279053
GGGTAACTCAGCTA-1,9.47709846496582,6.140953063964844
GGGTAACTCTAGTG-1,11.048237800598145,10.587937355041504
GGGTAACTCTGGAT-1,9.479950904846191,5.426910400390625
GGGTTAACGTGCAT-1,11.718107223510742,1.0108108520507812
GGTAAAGAGCTAAC-1,11.849223136901855,1.9774413108825684
GGTACAACTGCAAC-1,9.395869255065918,5.297230243682861
GGTACATGAAAGCA-1,9.522970199584961,11.312207221984863
GGTACATGAGCTCA-1,10.251684188842773,3.8797073364257812
GGTACATGCGGTAT-1,10.471837997436523,7.528207302093506
GGTACATGGTTACG-1,9.071027755737305,6.495029449462891
GGTACATGTGGGAG-1,8.849377632141113,4.369906425476074
GGTACTGAACTCTT-1,-3.1474051475524902,5.756015300750732
GGTAGTACACCACA-1,9.859235763549805,7.325461387634277
GGTAGTACACTAGC-1,-2.034600019454956,4.3180460929870605
GGTAGTACCCTGTC-1,10.21453857421875,5.705819606781006
GGTAGTACGCCATA-1,-3.1994686126708984,5.358321189880371
GGTAGTACTGTCTT-1,9.697955131530762,4.778263092041016
GGTATCGAGACAAA-1,-1.6791558265686035,6.246242523193359
GGTATCGATGAACC-1,10.327240943908691,9.974946022033691
GGTCAAACCAAAGA-1,9.312292098999023,4.947689056396484
GGTCTAGAGAAACA-1,-3.427640438079834,5.780272483825684
GGTCTAGATAGCGT-1,-1.4440500736236572,4.8182597160339355
GGTGATACCGACTA-1,10.272581100463867,11.779617309570312
GGTGATACGACTAC-1,-3.1823301315307617,5.797287940979004
GGTGATACTGTTTC-1,11.337388038635254,5.35056209564209
GGTGGAGAAACGGG-1,10.373024940490723,1.863684058189392
GGTGGAGAAGTAGA-1,11.654582023620605,3.1036198139190674
GGTGGAGACAGATC-1,12.072432518005371,1.1104785203933716
GGTGGAGATCGATG-1,9.864434242248535,5.304521083831787
GGTGGAGATCTCTA-1,-3.17482852935791,5.3349199295043945
GGTGGAGATTACTC-1,10.865161895751953,2.6298279762268066
GGTTTACTACGCAT-1,10.698480606079102,3.1926803588867188
GTAACGTGACCTCC-1,-2.1041598320007324,5.131041049957275
GTAACGTGATCGGT-1,10.049683570861816,11.530506134033203
GTAACGTGCAGCTA-1,9.90616512298584,11.689244270324707
GTAACGTGGTTGAC-1,10.981000900268555,10.323220252990723
GTAAGCACAACGGG-1,11.865185737609863,5.795360565185547
GTAAGCACTCATTC-1,9.43191909790039,11.75438117980957
GTAAGCTGGTACCA-1,-2.363375186920166,5.760391712188721
GTAATAACCTTCTA-1,-2.0174591541290283,5.003146648406982
GTAATAACGTTGTG-1,12.21973991394043,6.075800895690918
GTACCCTGACAGTC-1,-1.8749699592590332,3.1751179695129395
GTACCCTGGAGCTT-1,9.304122924804688,6.244653701782227
GTACCCTGTCCTTA-1,13.116064071655273,4.0509514808654785
GTACCCTGTGAACC-1,10.545048713684082,5.774785995483398
GTACGTGAACGTTG-1,11.035364151000977,3.7172763347625732
GTACTTTGTCGACA-1,11.690412521362305,4.024438381195068
GTAGACTGAGATGA-1,-2.273949384689331,4.53123140335083
GTAGACTGTATTCC-1,10.741640090942383,6.679863452911377
GTAGCAACAGTCGT-1,-1.8433200120925903,4.8441619873046875
GTAGCAACCATTTC-1,11.952497482299805,2.491342544555664
GTAGCAACGGTAGG-1,-3.226576805114746,5.183170318603516
GTAGCATGCACTCC-1,9.459627151489258,11.666629791259766
GTAGCATGTAAGCC-1,-3.325260877609253,5.291172981262207
GTAGCCCTGACGTT-1,11.12999439239502,6.090245723724365
GTAGCTGAAGCTAC-1,-1.3811402320861816,3.2954602241516113
GTAGCTGAATTCGG-1,10.195683479309082,5.483860969543457
GTAGGTACACGGGA-1,-3.187035322189331,4.8412933349609375
GTAGTGACCTCATT-1,12.362581253051758,6.039083957672119
GTAGTGTGAGCGGA-1,11.837145805358887,1.7968788146972656
GTAGTGTGAGGCGA-1,-2.905226945877075,5.350656509399414
GTAGTGTGTGGTTG-1,10.556339263916016,6.7046427726745605
GTATCACTGGTAGG-1,-1.7918494939804077,5.614855766296387
GTATCTACAGAAGT-1,10.97889232635498,2.119886636734009
GTATCTACGACGAG-1,11.530900001525879,3.461068630218506
GTATCTACGTTACG-1,9.81190013885498,7.505997657775879
GTATTAGAAACAGA-1,10.876324653625488,1.2926902770996094
GTATTAGAGGTCTA-1,12.101422309875488,5.711998462677002
GTATTCACACAGCT-1,11.761242866516113,5.069425106048584
GTATTCACGGGTGA-1,12.072794914245605,2.6546478271484375
GTCAACGACACTGA-1,11.00144100189209,5.63139009475708
GTCAACGAGTGTAC-1,-2.394559383392334,4.632218837738037
GTCAACGATCAGGT-1,13.879802703857422,4.499894142150879
GTCAATCTACACCA-1,12.937488555908203,4.681341648101807
GTCAATCTGTAGCT-1,10.054985046386719,3.0684070587158203
GTCAATCTTGTGGT-1,10.205557823181152,6.290370941162109
GTCACCTGCCTCCA-1,8.607475280761719,6.011338233947754
GTCACCTGTCCCGT-1,9.323366165161133,6.531685829162598
GTCATACTAATCGC-1,9.782812118530273,11.545777320861816
GTCATACTGCGATT-1,11.902286529541016,2.0569040775299072
GTCATACTTCGCCT-1,10.065247535705566,-0.0676080733537674
GTCATACTTTACCT-1,11.913900375366211,2.9335665702819824
GTCATACTTTGACG-1,10.946784973144531,6.0032429695129395
GTCCAAGAAAAACG-1,9.6388578414917,5.893179893493652
GTCCACTGACCTCC-1,11.502276420593262,6.455355167388916
GTCCACTGGGTACT-1,-2.0170795917510986,3.311964988708496
GTCCAGCTACGGGA-1,10.938504219055176,5.989109992980957
GTCCCATGTGGTGT-1,-1.4051810503005981,5.326726913452148
GTCGAATGAAGGCG-1,-1.7478200197219849,5.319394111633301
GTCGACCTGAATGA-1,11.832677841186523,0.9479917287826538
GTCGACCTGTTCAG-1,9.955364227294922,7.2537078857421875
GTCGCACTTGAGAA-1,9.893837928771973,10.551905632019043
GTCTAACTGGTCTA-1,-2.0701544284820557,2.6997761726379395
GTCTAGGAGCTTCC-1,-2.282014846801758,6.059566974639893
GTGAACACACTCTT-1,12.730344772338867,5.463244438171387
GTGAACACAGATCC-1,10.126002311706543,3.0534887313842773
GTGAACACTCAGGT-1,8.968696594238281,5.453658580780029
GTGACCCTTAAGCC-1,13.013066291809082,4.5574774742126465
GTGATGACAAGTGA-1,8.55440616607666,5.772629737854004
GTGATGACCTGAGT-1,9.797283172607422,11.54296588897705
GTGATGACGGTTTG-1,11.191680908203125,3.803496837615967
GTGATTCTCATTTC-1,9.462658882141113,5.649096965789795
GTGATTCTCTCTCG-1,-2.7218992710113525,6.292717456817627
GTGATTCTGGTTCA-1,12.301772117614746,1.3015706539154053
GTGATTCTGTCGAT-1,12.685908317565918,5.414237022399902
GTGATTCTTAGCGT-1,10.816954612731934,11.310599327087402
GTGCCACTCAGGAG-1,11.940969467163086,6.267049789428711
GTGGATTGCACTAG-1,-1.416629672050476,3.136340856552124
GTGGATTGCGGAGA-1,10.004958152770996,4.191295146942139
GTGGATTGTAACGC-1,9.746710777282715,6.53479528427124
GTGTACGATCAGTG-1,11.217992782592773,5.60327672958374
GTGTAGTGGGTACT-1,9.163999557495117,4.523608207702637
GTGTATCTAGCCTA-1,10.205781936645508,10.542633056640625
GTGTATCTAGTAGA-1,10.140096664428711,3.4970781803131104
GTGTATCTGTTACG-1,9.882547378540039,10.542630195617676
GTGTCAGAAGCGTT-1,10.99311637878418,3.441575050354004
GTGTCAGAATGCTG-1,13.704435348510742,4.555787086486816
GTTAAAACCGAGAG-1,12.070845603942871,1.52738356590271
GTTAAAACTTCGCC-1,10.558328628540039,5.465524673461914
GTTAAATGCTCGAA-1,10.640881538391113,7.440863132476807
GTTAAATGTCGACA-1,9.999234199523926,11.353020668029785
GTTAACCTAGCTAC-1,8.595215797424316,5.540507793426514
GTTAACCTTGCTTT-1,-0.455936998128891,6.4625773429870605
GTTAGGTGCACTCC-1,9.341035842895508,6.379830360412598
GTTAGGTGCCAGTA-1,-2.8057401180267334,6.315230846405029
GTTAGGTGCCCAAA-1,-1.6443296670913696,3.057662010192871
GTTAGGTGGAACTC-1,10.689300537109375,10.716757774353027
GTTAGTCTAAGAAC-1,12.797595977783203,4.710824012756348
GTTATAGAGGACAG-1,9.619610786437988,4.846890449523926
GTTATGCTTTCATC-1,11.975909233093262,6.317724704742432
GTTCAACTGGGACA-1,12.07841968536377,1.119368076324463
GTTCAACTTATGCG-1,11.431906700134277,5.260958194732666
GTTGACGAGCCCTT-1,11.018562316894531,2.0972702503204346
GTTGACGATATCGG-1,11.428784370422363,0.7226231694221497
GTTGAGTGGTCTTT-1,-2.6214513778686523,6.308828353881836
GTTGAGTGTGCTTT-1,8.587433815002441,6.341076374053955
GTTGATCTGGGACA-1,12.809469223022461,5.282055377960205
GTTGATCTTTTCAC-1,10.915060997009277,2.1086199283599854
GTTGGATGTTTACC-1,-2.4453561305999756,3.174133062362671
GTTGTACTATTCCT-1,-2.0257647037506104,5.768431663513184
GTTGTACTTTTGGG-1,9.725093841552734,6.039859771728516
GTTTAAGACCATGA-1,-2.3309309482574463,5.5970354080200195
GTTTAAGACTGTCC-1,10.420552253723145,2.885989189147949
TAAACAACCAACCA-1,8.883874893188477,5.288214683532715
TAAACAACGAATCC-1,9.604098320007324,11.667181015014648
TAAAGACTCAGGAG-1,10.482490539550781,7.546372890472412
TAAATCGATGAGGG-1,11.95567512512207,5.0099029541015625
TAACAATGTGCCCT-1,10.62653636932373,11.422539710998535
TAACACCTTCGCTC-1,-1.9661893844604492,5.455955982208252
TAACACCTTCGTAG-1,-1.9505696296691895,4.984473705291748
TAACACCTTGTTTC-1,10.063148498535156,-0.06864196807146072
TAACATGACACTAG-1,8.984006881713867,4.792090892791748
TAACCGGACTTACT-1,11.91161823272705,6.172263145446777
TAACGTCTCAACCA-1,-2.873950481414795,5.277113437652588
TAACGTCTCATTGG-1,9.86547565460205,3.876225233078003
TAACTAGAATTTCC-1,11.59817123413086,4.580333232879639
TAACTAGACTTAGG-1,8.51256275177002,5.892960548400879
TAACTAGATCTGGA-1,9.955269813537598,6.290234565734863
TAACTCACGAGGAC-1,-2.4746410846710205,5.1448235511779785
TAACTCACGTACAC-1,10.05579948425293,11.01356315612793
TAACTCACGTATCG-1,-2.255263566970825,5.921328067779541
TAACTCACTCTACT-1,11.274469375610352,1.2229238748550415
TAAGAACTGTGTCA-1,-2.7641072273254395,5.858933448791504
TAAGAGGACTAAGC-1,10.324178695678711,10.58232307434082
TAAGAGGACTTGTT-1,12.261659622192383,1.7155261039733887
TAAGATACCCACAA-1,13.356454849243164,4.6082539558410645
TAAGATACGGTTCA-1,-2.6904940605163574,3.5011632442474365
TAAGATTGCGTAGT-1,11.385087013244629,5.545183181762695
TAAGATTGTTGCTT-1,9.339550971984863,5.488183498382568
TAAGCGTGAGGTTC-1,-2.2627806663513184,5.880331516265869
TAAGCGTGGACAAA-1,-1.556575894355774,4.68475341796875
TAAGCGTGGGAAAT-1,10.402937889099121,5.592854022979736
TAAGCGTGTGCTCC-1,-1.9918701648712158,3.5069191455841064
TAAGGCTGCCATGA-1,10.481451988220215,4.280686378479004
TAAGGCTGCTGCTC-1,10.964417457580566,6.6157073974609375
TAAGGCTGTCTCGC-1,-2.103282928466797,5.686121940612793
TAAGGGCTGCTGTA-1,10.668957710266113,2.194326639175415
TAAGGGCTTTACTC-1,9.933253288269043,4.35283088684082
TAAGTAACCGAGAG-1,10.714373588562012,11.355971336364746
TAAGTAACCTCCAC-1,9.899881362915039,11.520344734191895
TAAGTAACCTGTAG-1,8.522197723388672,4.936108112335205
TAAGTAACTTGTCT-1,12.9492769241333,4.584392547607422
TAATGATGAGCGGA-1,9.262022018432617,6.440120697021484
TAATGCCTCATGAC-1,8.5944185256958,6.11771297454834
TAATGCCTCGTCTC-1,11.374916076660156,0.7028897404670715
TAATGTGAAGATGA-1,11.99897575378418,5.773923873901367
TAATGTGACTGCAA-1,-1.8578063249588013,4.537685871124268
TAATGTGATTACTC-1,10.620701789855957,3.8709359169006348
TACAAATGGGTACT-1,8.287355422973633,5.554974555969238
TACAATGAAAACAG-1,-3.0851171016693115,5.004755020141602
TACAATGACTTAGG-1,8.690762519836426,4.943859100341797
TACAATGATGCTAG-1,10.516129493713379,3.466123104095459
TACACACTCACACA-1,9.101624488830566,6.216069221496582
TACACACTCTTACT-1,9.625887870788574,3.602141857147217
TACATAGAACGCAT-1,11.41620922088623,3.6857471466064453
TACATCACACGGGA-1,12.004361152648926,6.241596221923828
TACATCACCTGTTT-1,-1.5603580474853516,2.771975517272949
TACATCACGCTAAC-1,9.881290435791016,11.49196720123291
TACATCACTGAACC-1,-1.4704827070236206,2.6982624530792236
TACCATTGAGGTTC-1,11.34009838104248,2.39245867729187
TACCATTGCGGGAA-1,-2.4844350814819336,3.159219741821289
TACCATTGGGGATG-1,-2.278615951538086,5.925972938537598
TACCATTGTGAGGG-1,-1.4552419185638428,4.656651973724365
TACCGGCTGTTGGT-1,9.124731063842773,6.56567907333374
TACGAGTGATCTCT-1,9.180852890014648,5.541198253631592
TACGAGTGATGCTG-1,-1.7986947298049927,4.265499591827393
TACGAGTGCGGAGA-1,10.89087963104248,3.978266716003418
TACGAGTGGTTGGT-1,9.589948654174805,5.037511825561523
TACGATCTAGTGTC-1,9.578449249267578,4.373802185058594
TACGATCTCACTGA-1,-1.7144538164138794,4.0663604736328125
TACGATCTTACGAC-1,10.447991371154785,2.9534990787506104
TACGCAGACGTCTC-1,13.672351837158203,4.46254825592041
TACGCAGAGAATCC-1,10.099749565124512,3.7593495845794678
TACGCCACATTCCT-1,9.270873069763184,4.2160162925720215
TACGCCACTCCCAC-1,-1.946854829788208,2.843446969985962
TACGCCACTCCGAA-1,10.811741828918457,10.728252410888672
TACGCGCTCTTCTA-1,9.807703971862793,3.005345106124878
TACGGAACGCGTTA-1,10.421716690063477,11.403155326843262
TACGGCCTGGGACA-1,11.90404224395752,0.9136027097702026
TACGGCCTGTCCTC-1,13.601128578186035,4.588105201721191
TACGTACTACGGAG-1,8.835652351379395,5.5584330558776855
TACGTACTCAGTTG-1,8.833417892456055,5.851113319396973
TACGTACTCCCGTT-1,9.83687686920166,11.647076606750488
TACGTTACAGAAGT-1,8.390558242797852,5.832547664642334
TACGTTACCAAGCT-1,-3.250756025314331,5.709961414337158
TACTAAGAAAGGTA-1,10.866056442260742,11.170791625976562
TACTAAGAATCACG-1,12.719198226928711,5.250753879547119
TACTAAGATGATGC-1,-2.7248640060424805,5.073843479156494
TACTAAGATTGCGA-1,9.798677444458008,5.631389617919922
TACTACACGAGAGC-1,8.890955924987793,5.670603275299072
TACTACACTTACCT-1,9.194103240966797,11.387612342834473
TACTACTGAACCTG-1,-3.2861642837524414,4.5481977462768555
TACTACTGATGTCG-1,11.287104606628418,0.9706756472587585
TACTACTGATTCTC-1,10.075787544250488,6.894348621368408
TACTACTGTATGGC-1,9.657421112060547,6.328348636627197
TACTCAACGGTCTA-1,-2.52286696434021,6.159511089324951
TACTCAACTGCTAG-1,10.021743774414062,10.4674654006958
TACTCCCTCAGTTG-1,11.738726615905762,5.333490371704102
TACTCTGAATCGAC-1,12.350046157836914,1.7075262069702148
TACTCTGACGAGTT-1,10.653908729553223,4.399505138397217
TACTCTGATTGACG-1,10.988238334655762,11.076822280883789
TACTGGGATCGATG-1,11.134864807128906,5.9063262939453125
TACTGTTGAAAGCA-1,9.557229042053223,5.713902473449707
TACTGTTGAGGCGA-1,12.18507194519043,1.196008563041687
TACTGTTGCTGAAC-1,9.358569145202637,10.536773681640625
TACTTGACTCCTCG-1,11.210055351257324,2.9652602672576904
TACTTGACTGGTGT-1,10.631168365478516,10.579703330993652
TACTTTCTTTTGGG-1,10.594860076904297,2.964437246322632
TAGAAACTAATCGC-1,12.633387565612793,5.5235137939453125
TAGAAACTGCTTCC-1,-1.8120099306106567,6.131906509399414
TAGAAACTGGGATG-1,13.149998664855957,4.058250427246094
TAGAATTGCGACAT-1,10.306160926818848,6.685987949371338
TAGAATTGTATCGG-1,9.907212257385254,6.57009744644165
TAGACGTGCTTGAG-1,9.43327522277832,6.302579402923584
TAGACGTGTCGCTC-1,10.291898727416992,6.629629135131836
TAGAGCACCTTACT-1,10.337857246398926,11.574033737182617
TAGATTGACTTGTT-1,9.846976280212402,11.6393461227417
TAGATTGAGGCATT-1,12.032084465026855,4.021460056304932
TAGCATCTCAGCTA-1,12.147459983825684,1.2241222858428955
TAGCATCTCCCTCA-1,9.596890449523926,5.972090244293213
TAGCATCTGCTGTA-1,-1.841010332107544,2.8672709465026855
TAGCATCTGGGACA-1,12.244426727294922,6.082151889801025
TAGCATCTTGTCGA-1,10.656781196594238,7.4548211097717285
TAGCCCACAAAAGC-1,8.767029762268066,5.620690822601318
TAGCCCACAGCCAT-1,10.763079643249512,3.123354196548462
TAGCCCACAGCTAC-1,11.375176429748535,1.0724835395812988
TAGCCCACCCACAA-1,9.92829418182373,6.660319805145264
TAGCCCTGCGGAGA-1,11.331957817077637,4.4947028160095215
TAGCCGCTTACGAC-1,8.961377143859863,4.354537010192871
TAGCCGCTTACTTC-1,11.722945213317871,3.097673177719116
TAGCCGCTTTCCAT-1,-1.715778112411499,4.419122695922852
TAGCTACTGAATAG-1,10.139699935913086,11.663865089416504
TAGCTACTGTAGCT-1,9.64300537109375,5.460480213165283
TAGCTACTTTTGCT-1,10.089934349060059,4.070418357849121
TAGGACTGTGCTGA-1,9.810297012329102,3.8781402111053467
TAGGAGCTAAGGCG-1,9.722302436828613,11.588122367858887
TAGGAGCTGAGGGT-1,11.355866432189941,4.396045207977295
TAGGAGCTTGCATG-1,10.913989067077637,11.013508796691895
TAGGCAACCGTCTC-1,10.025842666625977,11.753379821777344
TAGGCATGCTCTCG-1,10.030396461486816,10.4757661819458
TAGGCATGGCGAGA-1,9.974790573120117,3.4267821311950684
TAGGCTGATGCCTC-1,-2.332254648208618,4.494161128997803
TAGGGACTGAACTC-1,11.621997833251953,1.4198808670043945
TAGGTCGACACTGA-1,10.439026832580566,6.076007843017578
TAGGTCGAGGATCT-1,10.269566535949707,11.089619636535645
TAGGTGACACACTG-1,9.692686080932617,3.992161750793457
TAGGTGACACGTTG-1,10.446622848510742,11.238046646118164
TAGGTGTGTTCTGT-1,11.371318817138672,3.078432559967041
TAGGTTCTGAAGGC-1,9.12314224243164,5.2209062576293945
TAGGTTCTTCTTAC-1,-2.724501848220825,3.1527297496795654
TAGGTTCTTGCTGA-1,-2.7663557529449463,6.262149333953857
TAGTAAACCTCGCT-1,12.06343936920166,6.153037071228027
TAGTAAACGTCACA-1,9.3152437210083,6.019166946411133
TAGTAATGAGATCC-1,11.429850578308105,5.590108871459961
TAGTACCTAAGAAC-1,-3.381120443344116,4.628175258636475
TAGTATGATCTTAC-1,9.596885681152344,11.656031608581543
TAGTATGATTCTCA-1,8.587447166442871,5.8642072677612305
TAGTCTTGGCTGTA-1,11.626058578491211,6.6587042808532715
TAGTCTTGGGACTT-1,10.713363647460938,5.2221808433532715
TAGTCTTGTGGAAA-1,10.101961135864258,3.2032008171081543
TAGTGGTGAAGTGA-1,11.726348876953125,0.7369102835655212
TAGTTAGAACCACA-1,12.056293487548828,1.4699578285217285
TAGTTAGATGAACC-1,11.779881477355957,4.714085578918457
TATAAGACAACAGA-1,12.564535140991211,5.224428653717041
TATAAGACAGCTCA-1,-1.3658753633499146,2.920931816101074
TATAAGTGACACCA-1,-1.4321736097335815,2.7475454807281494
TATAAGTGTATCGG-1,-2.516666889190674,5.6823811531066895
TATAAGTGTGGTGT-1,-1.8150452375411987,3.1752467155456543
TATACAGAACCCTC-1,10.709646224975586,2.828608274459839
TATACAGAAGAACA-1,12.52361011505127,5.70721960067749
TATACAGATCCAGA-1,9.736722946166992,4.360225200653076
TATACCACCTGATG-1,10.26366901397705,11.073331832885742
TATACGCTACCAAC-1,9.409786224365234,3.940476894378662
TATAGATGGACGGA-1,11.229741096496582,3.825533628463745
TATAGATGTTCCGC-1,-1.7479732036590576,3.314666748046875
TATCACTGACTGTG-1,-3.2190001010894775,5.4774298667907715
TATCCAACCAGCTA-1,-3.3183674812316895,5.156863689422607
TATCCAACTCTCTA-1,9.297920227050781,5.045411586761475
TATCGACTACTAGC-1,10.179953575134277,2.102813959121704
TATCGACTCGATAC-1,-2.028228282928467,2.6265745162963867
TATCGTACAGATGA-1,11.941451072692871,2.734848976135254
TATCGTACATTCCT-1,-2.4157724380493164,4.315844535827637
TATCTCGAGAGATA-1,12.525251388549805,5.291286468505859
TATCTGACAGGTTC-1,11.122770309448242,2.425968885421753
TATCTGACTGTTTC-1,11.297426223754883,5.948739051818848
TATCTTCTAAACAG-1,9.942559242248535,6.450713157653809
TATGAATGGAGGAC-1,11.719799995422363,1.560349702835083
TATGAATGTTTGCT-1,-1.4812676906585693,2.767897129058838
TATGCGGATAACCG-1,9.831259727478027,2.751070022583008
TATGGGTGCATCAG-1,11.303004264831543,0.7768418788909912
TATGGGTGCTAGCA-1,9.99935245513916,10.435344696044922
TATGGTCTCTACCC-1,9.571486473083496,6.652878284454346
TATGTCACGGAACG-1,9.382257461547852,11.435833930969238
TATGTCACTAACCG-1,-1.6270413398742676,3.6020009517669678
TATGTCACTTCTCA-1,10.616342544555664,11.667738914489746
TATGTGCTCCGATA-1,-3.026318073272705,5.101076126098633
TATGTGCTGGATTC-1,11.63227653503418,5.517404556274414
TATTGCTGAAGAAC-1,-2.962707281112671,4.30958890914917
TATTGCTGCCGTTC-1,9.624110221862793,11.649809837341309
TATTGCTGTCTGGA-1,11.531580924987793,6.683146953582764
TATTGCTGTGCACA-1,11.627771377563477,4.172203540802002
TATTTCCTATTGGC-1,-1.7090325355529785,4.648459434509277
TATTTCCTGGAGGT-1,11.209036827087402,1.30733060836792
TATTTCCTGGTGTT-1,10.741706848144531,7.592700958251953
TCAACACTGTTTGG-1,11.489143371582031,0.851783275604248
TCAAGGACAGCGTT-1,9.617420196533203,6.447639465332031
TCAAGGACATTCTC-1,11.677762031555176,2.485956907272339
TCAAGGACGGTGTT-1,-2.1182658672332764,6.2238945960998535
TCAATCACACTCTT-1,10.717692375183105,2.7727625370025635
TCAATCACAGTCGT-1,-1.755096673965454,2.5978338718414307
TCACAACTATGTGC-1,9.1180419921875,6.275511264801025
TCACAACTTTGCTT-1,-3.3078713417053223,5.689854621887207
TCACATACACTTTC-1,8.85183048248291,4.551732063293457
TCACATACAGGGTG-1,10.522584915161133,7.582892417907715
TCACCCGAGACGGA-1,-2.1160879135131836,4.996920108795166
TCACCGTGCTCGCT-1,-1.3053762912750244,2.9755501747131348
TCACCTCTACGACT-1,12.701384544372559,4.927179336547852
TCACCTCTTCCAAG-1,-1.3362226486206055,2.9475226402282715
TCACGAGAGGAGGT-1,10.319531440734863,10.844352722167969
TCACTATGGGGCAA-1,13.2198486328125,4.493633270263672
TCACTATGGTTGTG-1,9.30855655670166,10.982157707214355
TCAGACGACGCTAA-1,8.98070240020752,4.786375522613525
TCAGACGACGTTAG-1,11.793869018554688,1.3465086221694946
TCAGAGACTCCAGA-1,11.72140884399414,6.710183143615723
TCAGCAGACTCCAC-1,8.937919616699219,5.716278076171875
TCAGCGCTCTAGTG-1,10.643599510192871,3.084650754928589
TCAGCGCTGGATCT-1,10.642383575439453,11.295021057128906
TCAGCGCTGGTATC-1,10.644269943237305,3.665287971496582
TCAGGATGAAGTAG-1,11.909294128417969,5.5150299072265625
TCAGGATGCCTTTA-1,-1.522120475769043,3.103644371032715
TCAGTGGAAGATCC-1,10.854899406433105,2.731435537338257
TCAGTTACCTACGA-1,-3.262085199356079,5.930688381195068
TCAGTTACTAGAAG-1,8.564867973327637,5.245138645172119
TCATCAACCCGATA-1,12.942578315734863,5.66358757019043
TCATCAACTGTTCT-1,-2.528942823410034,3.2940804958343506
TCATCATGCAGTTG-1,9.309691429138184,5.096072673797607
TCATCCCTTACTGG-1,8.825459480285645,4.368474960327148
TCATTCGATACAGC-1,-1.6627103090286255,2.719815492630005
TCCACGTGGAAACA-1,10.417296409606934,6.636687278747559
TCCACTCTACACTG-1,11.464029312133789,3.7514405250549316
TCCACTCTGAGCTT-1,-2.3063042163848877,4.675580978393555
TCCACTCTTACTTC-1,9.875561714172363,11.57938003540039
TCCATAACAAAGTG-1,11.185598373413086,6.042074203491211
TCCATAACCGTAGT-1,10.717351913452148,11.151193618774414
TCCATAACGATGAA-1,9.546011924743652,4.548490524291992
TCCATAACTACGCA-1,10.852397918701172,5.491756916046143
TCCATCCTCCCTAC-1,11.064949989318848,1.7731236219406128
TCCCACGATCATTC-1,9.275477409362793,6.024096965789795
TCCCATCTCAAAGA-1,-3.4239747524261475,5.887927532196045
TCCCGAACACAGTC-1,11.40761947631836,1.1283750534057617
TCCCGAACTTCGCC-1,-2.430438995361328,3.0310757160186768
TCCCGATGAGATCC-1,8.665176391601562,4.207564353942871
TCCCGATGCCTGAA-1,-2.8168816566467285,3.9778993129730225
TCCCGATGCTGTGA-1,10.463790893554688,5.182588577270508
TCCCTACTCAACTG-1,9.923564910888672,11.676297187805176
TCCGAAGACAATCG-1,-2.536194086074829,5.138363361358643
TCCGAAGACGTTAG-1,9.153579711914062,5.457670211791992
TCCGGACTGAGGTG-1,8.788402557373047,4.6152215003967285
TCCGGACTGTACGT-1,11.43886661529541,4.8999810218811035
TCCTAAACATCGAC-1,9.995409965515137,5.383399486541748
TCCTAAACCGAGAG-1,8.698708534240723,4.911879062652588
TCCTAAACCGCATA-1,11.702268600463867,0.9409486055374146
TCCTAATGGTTTGG-1,11.280125617980957,1.364382028579712
TCCTACCTGTCGTA-1,8.701757431030273,5.1680474281311035
TCCTATGAAAAGCA-1,11.406225204467773,3.399714231491089
TCGAATCTCTGGTA-1,11.784624099731445,2.1854963302612305
TCGACCTGCCGATA-1,-1.710685133934021,2.7541985511779785
TCGACGCTTCTATC-1,-2.18345308303833,4.813888072967529
TCGACGCTTTGACG-1,11.748885154724121,5.018453598022461
TCGAGAACGACAGG-1,9.0537748336792,6.233436107635498
TCGAGAACGTTAGC-1,9.374902725219727,2.94242787361145
TCGAGCCTATCAGC-1,10.625396728515625,11.009686470031738
TCGAGCCTGCGAGA-1,9.847177505493164,4.547880172729492
TCGAGCCTTGTGAC-1,9.670784950256348,6.523990631103516
TCGATACTATTCCT-1,10.70340347290039,7.557536602020264
TCGATACTTGCACA-1,10.775594711303711,4.005706787109375
TCGATTTGATGCCA-1,-2.845773458480835,6.33473539352417
TCGATTTGCACTCC-1,9.483685493469238,6.349681377410889
TCGATTTGCAGCTA-1,12.23409652709961,1.1834511756896973
TCGATTTGCCTACC-1,-2.5044500827789307,4.608264446258545
TCGATTTGTCGTGA-1,9.349934577941895,11.423809051513672
TCGCACACCATCAG-1,-2.4163599014282227,4.932057857513428
TCGCAGCTAGATCC-1,10.023707389831543,4.84165096282959
TCGCCATGAGACTC-1,12.395251274108887,6.018705368041992
TCGCCATGTGGTCA-1,10.408929824829102,11.061064720153809
TCGGACCTAACAGA-1,9.694491386413574,5.513847827911377
TCGGACCTATAAGG-1,11.049947738647461,11.011205673217773
TCGGACCTGTACAC-1,9.465574264526367,6.056193828582764
TCGGTAGAGTAGGG-1,10.194950103759766,6.090552806854248
TCGGTAGATCCCAC-1,9.492733001708984,11.586705207824707
TCGTAGGATCGACA-1,9.577812194824219,4.496789932250977
TCGTGAGAACTGTG-1,13.412220001220703,4.42087459564209
TCGTTATGGACAAA-1,11.167093276977539,4.195499420166016
TCTAACACCAGTTG-1,11.1651029586792,3.360407590866089
TCTAACACGAGCAG-1,-0.6065600514411926,6.418630123138428
TCTAACTGAACCAC-1,9.094677925109863,4.428954601287842
TCTAAGCTAATGCC-1,9.008792877197266,4.776330471038818
TCTAAGCTTAGTCG-1,10.992962837219238,1.9717988967895508
TCTAAGCTTCTAGG-1,-2.1732592582702637,3.2156293392181396
TCTAAGCTTGTTCT-1,-2.358154535293579,6.0048828125
TCTAAGCTTTCGCC-1,10.956573486328125,11.143593788146973
TCTACAACGACTAC-1,-2.121168613433838,5.074020862579346
TCTAGACTTAGAAG-1,-3.03635835647583,5.16455602645874
TCTAGTTGCACCAA-1,-2.4917004108428955,3.6676831245422363
TCTATGTGAAGAGT-1,-3.006377935409546,3.4051594734191895
TCTATGTGAGTCTG-1,10.351496696472168,3.6232402324676514
TCTCAAACCTAAGC-1,9.646224975585938,11.490346908569336
TCTCTAGAATTTCC-1,9.605926513671875,5.201910018920898
TCTGATACACGTGT-1,12.022018432617188,5.9744391441345215
TCTGATACTCGCCT-1,10.61811637878418,6.7035417556762695
TCTTACGAACCTGA-1,-2.463956117630005,5.450669765472412
TCTTCAGAGCTACA-1,-1.5464022159576416,5.192877769470215
TCTTGATGCGGAGA-1,10.946948051452637,3.7952497005462646
TGAAATTGGTGAGG-1,-1.7810008525848389,6.107630729675293
TGAACCGAAAACGA-1,10.309774398803711,6.2838873863220215
TGAACCGACTACTT-1,-1.7343242168426514,3.3307154178619385
TGAACCGATTCGGA-1,-2.2779314517974854,3.2942185401916504
TGAAGCACTCACGA-1,9.556435585021973,5.492028713226318
TGAAGCTGAACGAA-1,10.238449096679688,6.0952839851379395
TGAAGCTGAGACTC-1,11.0953369140625,5.391331195831299
TGAAGCTGCATGGT-1,10.604578018188477,11.466586112976074
TGAAGCTGCGTAAC-1,11.193355560302734,5.602863311767578
TGAATAACCACTTT-1,10.632875442504883,6.711060047149658
TGAATAACTCCCAC-1,11.554306030273438,1.2738972902297974
TGACACGACCTTAT-1,9.767338752746582,11.536005973815918
TGACCAGACAACCA-1,11.689824104309082,5.153237342834473
TGACCAGAGGATTC-1,9.4357271194458,5.906232833862305
TGACCGCTAAAAGC-1,8.984760284423828,5.066196918487549
TGACCGCTCTGCAA-1,12.33443546295166,6.121261119842529
TGACGATGCAAAGA-1,-3.0148446559906006,5.9423508644104
TGACGCCTGTACCA-1,8.803105354309082,2.8016273975372314
TGACGCCTTTACTC-1,10.728092193603516,2.305098533630371
TGACTGGAAGAGAT-1,-3.3010618686676025,5.1169538497924805
TGACTGGACCGTAA-1,10.406476020812988,4.488318920135498
TGACTGGACGCAAT-1,11.48937702178955,6.595434665679932
TGACTGGAGGACAG-1,10.72338581085205,11.309025764465332
TGACTGGATTCTCA-1,8.295090675354004,5.86734676361084
TGACTTACACACCA-1,9.457420349121094,5.324087142944336
TGACTTACAGTCTG-1,-2.387795925140381,5.48214054107666
TGACTTTGCGCATA-1,12.922126770019531,5.326943397521973
TGACTTTGTTTGTC-1,10.399065017700195,4.346664905548096
TGAGACACAAGGTA-1,8.881787300109863,5.321704864501953
TGAGACACTCAAGC-1,10.91229248046875,3.7560553550720215
TGAGACACTGTGCA-1,13.049919128417969,4.340114116668701
TGAGCTGAATGCTG-1,-1.8320505619049072,2.9543263912200928
TGAGCTGACTGGAT-1,-3.555111885070801,5.858110427856445
TGAGCTGAGCGAGA-1,13.687064170837402,4.5558905601501465
TGAGCTGATGCTAG-1,-2.6426262855529785,3.070040702819824
TGAGGACTCTCATT-1,-2.8815877437591553,6.305140972137451
TGAGGACTTCATTC-1,9.063246726989746,5.904782772064209
TGAGGTACGAACCT-1,-1.7376779317855835,3.211052656173706
TGAGTCGAGTTACG-1,10.240065574645996,11.648903846740723
TGAGTGACTGAGCT-1,10.622318267822266,5.808826923370361
TGATAAACGAATCC-1,11.509716033935547,5.12495231628418
TGATAAACTCCGTC-1,11.528732299804688,0.9110140204429626
TGATAAACTTTCAC-1,11.20470142364502,5.815892219543457
TGATACCTCACTAG-1,-3.3269011974334717,5.604564189910889
TGATACCTGTTGGT-1,11.331252098083496,3.524958848953247
TGATACCTTATGCG-1,10.437070846557617,5.833408832550049
TGATACCTTGAAGA-1,9.451598167419434,6.335514068603516
TGATATGAACCTTT-1,9.844390869140625,6.62436580657959
TGATCACTAGCATC-1,10.277580261230469,3.061795473098755
TGATCACTCTCGCT-1,11.889182090759277,4.91173791885376
TGATCACTTCTACT-1,9.769654273986816,10.772181510925293
TGATCGGACTGACA-1,-1.3354429006576538,3.0419671535491943
TGATCGGAGGAGCA-1,10.012009620666504,11.784120559692383
TGATCGGATATGCG-1,-2.355070114135742,2.911043405532837
TGATTAGACATTGG-1,10.619295120239258,3.9365413188934326
TGATTAGATGACTG-1,10.64342975616455,10.514755249023438
TGATTAGATGCTAG-1,9.825078010559082,6.229071140289307
TGATTCACTATGCG-1,12.74787425994873,5.519742965698242
TGATTCACTGTCAG-1,9.361597061157227,11.011165618896484
TGATTCTGCCGAAT-1,8.864221572875977,5.369471073150635
TGATTCTGCTCTTA-1,8.9805908203125,3.933197259902954
TGCAAGTGAGAACA-1,11.048848152160645,3.7267720699310303
TGCAAGTGGGTAGG-1,-1.9066340923309326,6.023224353790283
TGCAATCTTCAGGT-1,-0.5810791254043579,6.388970851898193
TGCACAGACGACAT-1,11.386283874511719,0.7799554467201233
TGCCAAGAGCAGTT-1,-1.4996963739395142,3.8625376224517822
TGCCAAGATCTCTA-1,8.567712783813477,6.253618240356445
TGCCACTGAACGTC-1,9.111617088317871,4.975747108459473
TGCCACTGCGATAC-1,11.260988235473633,1.267937421798706
TGCCAGCTTGGCAT-1,9.95040225982666,5.8647260665893555
TGCCCAACAGCAAA-1,9.13718318939209,6.20705509185791
TGCCCAACCGCATA-1,-1.590590000152588,3.2780978679656982
TGCCGACTCTCCCA-1,9.896845817565918,10.637699127197266
TGCGAAACAGTCAC-1,10.065956115722656,11.331632614135742
TGCGAAACGTTGCA-1,10.153582572937012,11.453428268432617
TGCGATGAACGGTT-1,9.562679290771484,5.181229591369629
TGCGATGACCTCGT-1,11.283751487731934,5.543101787567139
TGCGATGACTAGTG-1,9.762967109680176,11.371478080749512
TGCGATGACTGCTC-1,9.557583808898926,11.272831916809082
TGCGATGACTTGCC-1,10.430182456970215,10.854925155639648
TGCGATGAGTGCTA-1,-2.530897378921509,4.696051120758057
TGCGCACTCTTGAG-1,-2.114241600036621,4.172959804534912
TGCGTAGAATAAGG-1,-3.255347967147827,4.853538990020752
TGCGTAGACGGGAA-1,10.311098098754883,11.64095687866211
TGCGTAGATGGTCA-1,-1.5271366834640503,3.4527289867401123
TGCTAGGAAACCGT-1,11.708830833435059,3.677980422973633
TGCTAGGATAGTCG-1,8.534631729125977,6.310458660125732
TGCTATACGGTTCA-1,-0.7711542248725891,6.161647319793701
TGCTATACTGCTGA-1,9.821846008300781,3.320966958999634
TGCTGAGAGAGCAG-1,11.481196403503418,0.7402614951133728
TGCTGAGATTATCC-1,8.795071601867676,5.573397636413574
TGGAAAGACTCTCG-1,11.063636779785156,10.706096649169922
TGGAAAGAGCGATT-1,11.379188537597656,4.139121055603027
TGGAAAGAGGTCAT-1,-1.3031694889068604,2.682575225830078
TGGAAAGATATGGC-1,12.212997436523438,6.172432899475098
TGGAACACAAACAG-1,11.919559478759766,1.2218722105026245
TGGAACACGCTAAC-1,11.181550025939941,4.176975250244141
TGGAAGCTCAGATC-1,10.07484245300293,3.548262357711792
TGGACCCTACACTG-1,-2.72403883934021,3.1451292037963867
TGGACCCTCATGGT-1,10.621878623962402,3.451218366622925
TGGACCCTGGTACT-1,-1.5561721324920654,3.77976655960083
TGGACTGAGTATGC-1,9.032572746276855,4.117827892303467
TGGAGACTATCAGC-1,-2.258419990539551,5.850024223327637
TGGAGACTGAAACA-1,13.835136413574219,4.486589431762695
TGGAGACTTCAAGC-1,10.780935287475586,6.658936500549316
TGGAGACTTGACCA-1,10.703483581542969,3.842902183532715
TGGAGGGACGGAGA-1,-2.758807420730591,2.9726402759552
TGGAGGGAGCTATG-1,10.776668548583984,5.242936134338379
TGGATCGATAAAGG-1,9.576064109802246,6.729761123657227
TGGATGTGACCTAG-1,10.649964332580566,10.715660095214844
TGGATGTGATGTCG-1,9.18157958984375,4.151604175567627
TGGATGTGTGAAGA-1,9.570313453674316,11.208629608154297
TGGATTCTCATACG-1,9.665363311767578,3.4752535820007324
TGGCAATGCTTGTT-1,10.297223091125488,11.613153457641602
TGGCAATGGAGGGT-1,10.040556907653809,7.4318766593933105
TGGCACCTTCACGA-1,9.627422332763672,5.591064453125
TGGCACCTTCAGTG-1,-2.0523667335510254,5.974191188812256
TGGGTATGAAGAGT-1,9.618900299072266,5.598474979400635
TGGGTATGCACAAC-1,9.333098411560059,4.159117698669434
TGGGTATGGTACGT-1,10.683722496032715,7.771641731262207
TGGGTATGTTTGGG-1,-2.345486640930176,2.993671417236328
TGGTAGACATGCCA-1,8.465895652770996,6.344823360443115
TGGTAGACCCTCAC-1,11.29594612121582,1.2800683975219727
TGGTAGACCTGATG-1,9.534688949584961,3.234992742538452
TGGTAGTGCACTGA-1,-2.2900829315185547,3.246518850326538
TGGTATCTAAACAG-1,11.977828025817871,6.045898914337158
TGGTATCTCTTCCG-1,9.446531295776367,6.3704400062561035
TGGTCAGACCCAAA-1,8.456306457519531,6.836310386657715
TGGTCAGACCGTTC-1,13.119257926940918,3.8817431926727295
TGGTTACTGACGTT-1,-2.141632318496704,6.000644683837891
TGGTTACTGTTCTT-1,9.19243335723877,5.5409321784973145
TGTAACCTAGAGGC-1,10.907928466796875,2.4786758422851562
TGTAACCTTGCCTC-1,-1.5763217210769653,4.650716781616211
TGTAATGACACAAC-1,12.009769439697266,1.3801157474517822
TGTAATGAGGTAAA-1,13.099919319152832,3.891340732574463
TGTACTTGCTCTAT-1,-1.1835744380950928,2.83498215675354
TGTAGGTGCGAGAG-1,10.62817096710205,11.539712905883789
TGTAGGTGCTATGG-1,8.721172332763672,6.40313196182251
TGTAGGTGCTCTAT-1,-0.5408755540847778,6.412744045257568
TGTAGGTGTGCTGA-1,9.538684844970703,6.48947286605835
TGTAGTCTTCCAGA-1,8.474750518798828,6.693393230438232
TGTAGTCTTGCACA-1,9.39417839050293,3.371793508529663
TGTATCTGTTAGGC-1,9.586905479431152,5.039316177368164
TGTATGCTCATGGT-1,10.206880569458008,11.567768096923828
TGTATGCTGTAGGG-1,11.462654113769531,2.4118261337280273
TGTATGCTTTCATC-1,9.4478178024292,4.1783270835876465
TGTCAGGAATACCG-1,11.008910179138184,5.931896209716797
TGTCAGGAGATGAA-1,-1.2816659212112427,2.608818769454956
TGTCTAACCCCTTG-1,11.561829566955566,6.295167446136475
TGTGACGATTCTCA-1,10.994935035705566,2.930217742919922
TGTGAGACTGTCAG-1,-2.205504894256592,3.1561803817749023
TGTGAGACTTGAGC-1,9.492607116699219,4.995725154876709
TGTGAGTGACCACA-1,11.080448150634766,6.213296890258789
TGTGAGTGAGTGCT-1,-1.895859718322754,3.5748467445373535
TGTGAGTGGAGATA-1,10.979362487792969,2.297680616378784
TGTGATCTCTCTAT-1,9.679332733154297,11.108195304870605
TGTGATCTGACACT-1,11.098383903503418,3.7283880710601807
TGTGGATGGCCAAT-1,10.019112586975098,11.248987197875977
TGTTAAGACAAAGA-1,-2.657836437225342,4.779851913452148
TGTTAAGATAAGGA-1,-2.4667372703552246,5.541182041168213
TGTTAAGATTGGCA-1,-3.1586151123046875,4.472446918487549
TGTTACACCGCATA-1,-1.3829435110092163,4.284618377685547
TGTTACACGACTAC-1,-2.475054979324341,2.7409000396728516
TGTTACTGGCTACA-1,10.17077922821045,2.9585015773773193
TGTTACTGTAGTCG-1,10.999528884887695,2.0303385257720947
TTAACCACCGTAAC-1,9.661206245422363,4.6689605712890625
TTAACCACTAAGGA-1,12.919038772583008,4.6402764320373535
TTAACCACTCAGAC-1,9.936728477478027,4.5631537437438965
TTACACACGTGTTG-1,8.333438873291016,6.12044095993042
TTACACACTCCTAT-1,9.557315826416016,6.268491744995117
TTACCATGAATCGC-1,-2.357909679412842,5.0018486976623535
TTACCATGGTTGAC-1,9.40427303314209,6.452794075012207
TTACCATGTGTCTT-1,11.258983612060547,2.906343936920166
TTACCATGTTGTGG-1,10.779889106750488,10.894051551818848
TTACGACTGAGAGC-1,8.710005760192871,4.253390312194824
TTACGACTTGACAC-1,-3.3818774223327637,5.929647922515869
TTACGTACGTTCAG-1,10.053269386291504,-0.0806233286857605
TTACTCGAACGTTG-1,8.669774055480957,2.6154704093933105
TTACTCGAAGAATG-1,-2.392878532409668,6.048854351043701
TTACTCGACGCAAT-1,-0.576256513595581,6.382397651672363
TTACTCGAGGGTGA-1,10.120329856872559,4.870245456695557
TTACTCGATCTACT-1,11.997678756713867,1.0451855659484863
TTAGAATGTGGTGT-1,10.995240211486816,5.798317909240723
TTAGAATGTGTAGC-1,13.848875045776367,4.523855209350586
TTAGACCTCCTACC-1,12.867053031921387,5.447643280029297
TTAGACCTCCTTTA-1,-3.26430082321167,5.516239643096924
TTAGCTACAACCGT-1,9.855677604675293,6.524524211883545
TTAGCTACTGTCCC-1,-1.5109975337982178,4.315672397613525
TTAGCTACTTTCGT-1,10.487147331237793,5.387981414794922
TTAGGGACGCGAAG-1,11.054361343383789,3.859276294708252
TTAGGGTGCTGGAT-1,9.360983848571777,11.70145320892334
TTAGGGTGTCCTGC-1,-1.8265668153762817,3.6639864444732666
TTAGGTCTACTTTC-1,-3.1302497386932373,5.198650360107422
TTAGTCACCAGTTG-1,9.464241981506348,3.2253472805023193
TTAGTCTGAAAGCA-1,10.368253707885742,11.01469898223877
TTAGTCTGCCAACA-1,11.573016166687012,1.1848362684249878
TTAGTCTGTGCACA-1,9.211008071899414,4.571001052856445
TTATCCGACTAGTG-1,10.097552299499512,11.528007507324219
TTATCCGAGAAAGT-1,-2.366577625274658,4.20285701751709
TTATGAGAGATAAG-1,10.42613410949707,5.666807651519775
TTATGCACGTCACA-1,10.120333671569824,11.636517524719238
TTATGGCTTATGGC-1,-0.5423563122749329,6.415511131286621
TTATTCCTATGCTG-1,-1.6308934688568115,3.9504427909851074
TTATTCCTGGACAG-1,9.46802806854248,11.227594375610352
TTATTCCTGGTACT-1,9.404101371765137,11.692157745361328
TTATTCCTTCGTGA-1,10.586803436279297,5.541240215301514
TTCAAAGATAAAGG-1,11.288125991821289,4.10386848449707
TTCAACACAACAGA-1,11.896764755249023,5.945741176605225
TTCAACACCCCAAA-1,-3.1264307498931885,5.963525772094727
TTCAACACGGACGA-1,-2.3140532970428467,2.667142391204834
TTCAAGCTAAGAAC-1,-1.627962350845337,4.595955848693848
TTCAAGCTAGATGA-1,11.303476333618164,5.077492713928223
TTCAAGCTGTTGAC-1,9.808347702026367,5.646452903747559
TTCAAGCTTCCAAG-1,13.413278579711914,4.4172682762146
TTCAAGCTTGATGC-1,9.964364051818848,6.226820468902588
TTCAAGCTTTCGCC-1,10.252446174621582,6.396215915679932
TTCACAACCCGTTC-1,-2.1969246864318848,4.5101637840271
TTCACAACGTCTGA-1,-1.4260315895080566,2.645984649658203
TTCAGACTACCCAA-1,13.878142356872559,4.515040397644043
TTCAGACTCTCGAA-1,9.594066619873047,5.835672855377197
TTCAGTACCGACTA-1,9.421475410461426,5.133387088775635
TTCAGTACTCAAGC-1,8.895437240600586,6.5635457038879395
TTCAGTACTCCTAT-1,-3.3661692142486572,4.965570449829102
TTCAGTTGCCAAGT-1,8.579394340515137,4.7019829750061035
TTCAGTTGTCCTTA-1,-0.7938938736915588,6.329719543457031
TTCAGTTGTCTAGG-1,11.7103910446167,3.7163305282592773
TTCAGTTGTCTCGC-1,10.280961990356445,10.139399528503418
TTCATCGAGGTGGA-1,-1.988499641418457,5.7511091232299805
TTCATGTGTGGTGT-1,8.489910125732422,6.314373016357422
TTCATTCTATGTCG-1,-2.757007598876953,2.921701192855835
TTCATTCTTCTCTA-1,11.794851303100586,6.334497451782227
TTCCAAACCTATGG-1,-2.1362462043762207,4.723525524139404
TTCCAAACCTCCCA-1,9.358621597290039,11.63502025604248
TTCCAAACTCCCAC-1,11.666651725769043,0.9611196517944336
TTCCAAACTTGACG-1,11.741591453552246,1.9708703756332397
TTCCATGACGAGAG-1,-2.0549826622009277,5.72921895980835
TTCCATGACTGTCC-1,12.396657943725586,5.867031574249268
TTCCCACTTGAGGG-1,12.293562889099121,1.6669143438339233
TTCCCACTTGTCTT-1,-2.401211977005005,4.863432884216309
TTCCTAGAAAGTGA-1,10.617103576660156,6.445706844329834
TTCCTAGACTAGTG-1,-1.7763010263442993,3.3141963481903076
TTCGAGGACTCTAT-1,9.525020599365234,4.310642242431641
TTCGAGGAGGGCAA-1,11.030997276306152,2.385655164718628
TTCGAGGATAGAAG-1,-1.4805876016616821,3.4721975326538086
TTCGATTGAGCATC-1,9.40552806854248,5.1220927238464355
TTCGGAGAATGCCA-1,-3.2705612182617188,5.830250263214111
TTCGGAGATGTGCA-1,9.814430236816406,5.999381065368652
TTCGTATGAAAAGC-1,12.020200729370117,1.9568169116973877
TTCGTATGGATAGA-1,10.884328842163086,3.094449996948242
TTCGTATGGTCTGA-1,11.656545639038086,4.8400444984436035
TTCGTATGTCCTTA-1,-1.7095978260040283,4.6919355392456055
TTCTACGAACGTAC-1,10.469264030456543,6.1787872314453125
TTCTACGAGTTGGT-1,8.877206802368164,4.59395170211792
TTCTAGTGACACGT-1,9.617230415344238,5.051391124725342
TTCTAGTGCATGAC-1,-2.4522297382354736,4.995232582092285
TTCTAGTGGAGAGC-1,12.21632194519043,1.4052759408950806
TTCTAGTGGTCACA-1,-1.9752050638198853,3.855473041534424
TTCTCAGAAGAGAT-1,9.697154998779297,4.626759052276611
TTCTCAGAAGCATC-1,9.546623229980469,10.900290489196777
TTCTCAGATGGAGG-1,10.523397445678711,3.5886571407318115
TTCTGATGGAGACG-1,11.479084968566895,1.0427411794662476
TTCTTACTCTGGAT-1,-1.4667531251907349,3.2545266151428223
TTGAACCTCCTTGC-1,9.662857055664062,11.71760368347168
TTGAATGAACTACG-1,-2.216587781906128,2.7791967391967773
TTGAATGACTTACT-1,10.527034759521484,6.715191841125488
TTGAATGATCTCAT-1,9.928096771240234,11.021690368652344
TTGACACTCTGTAG-1,9.840326309204102,6.874428749084473
TTGACACTGATAAG-1,10.173022270202637,10.880560874938965
TTGAGGACAGAACA-1,-2.40997052192688,6.1857757568359375
TTGAGGACTACGCA-1,-0.49502116441726685,6.440145015716553
TTGAGGTGGACGGA-1,12.633420944213867,5.508782386779785
TTGCATTGAGCTAC-1,11.38347339630127,3.777608871459961
TTGCATTGCTAAGC-1,-2.5755488872528076,5.05933141708374
TTGCATTGTGACTG-1,9.196815490722656,5.501564979553223
TTGCTAACACCAAC-1,10.581328392028809,3.3968098163604736
TTGCTAACACGCTA-1,-2.9057064056396484,3.3955347537994385
TTGCTAACCACTCC-1,10.297127723693848,6.764901161193848
TTGCTATGGTACGT-1,-1.8832905292510986,5.578724384307861
TTGCTATGGTAGGG-1,-1.4981529712677002,2.620873212814331
TTGGAGACCAATCG-1,9.769194602966309,4.649812698364258
TTGGAGACGCTATG-1,-3.4719746112823486,5.927649974822998
TTGGAGACTATGGC-1,10.173042297363281,10.922141075134277
TTGGGAACTGAACC-1,9.774455070495605,6.4861860275268555
TTGGTACTACTGGT-1,-2.1498425006866455,3.8088247776031494
TTGGTACTCTTAGG-1,9.0011568069458,6.757119178771973
TTGGTACTGAATCC-1,10.127410888671875,10.929326057434082
TTGGTACTGGATTC-1,9.930923461914062,11.13957691192627
TTGTACACGTTGTG-1,10.483528137207031,10.789087295532227
TTGTACACTTGCAG-1,8.741557121276855,4.7901482582092285
TTGTAGCTAGCTCA-1,9.606396675109863,3.962082862854004
TTGTAGCTCTCTTA-1,10.252605438232422,11.612028121948242
TTGTCATGGACGGA-1,12.016992568969727,1.0590033531188965
TTTAGAGATCCTCG-1,9.420093536376953,11.686543464660645
TTTAGCTGATACCG-1,8.596576690673828,6.131884574890137
TTTAGCTGGATACC-1,-2.9417483806610107,4.54113245010376
TTTAGCTGTACTCT-1,-0.7113298177719116,6.396233081817627
TTTAGGCTCCTTTA-1,-3.0650856494903564,5.600951194763184
TTTATCCTGTTGTG-1,-2.2715935707092285,3.7016119956970215
TTTCACGAGGTTCA-1,12.115806579589844,6.076507091522217
TTTCAGTGGAAGGC-1,9.9386568069458,7.429245948791504
TTTCAGTGTCACGA-1,10.53510570526123,11.341229438781738
TTTCAGTGTCTATC-1,-2.928579092025757,3.264878273010254
TTTCAGTGTGCAGT-1,10.609460830688477,10.659130096435547
TTTCCAGAGGTGAG-1,9.034841537475586,4.05681848526001
TTTCGAACACCTGA-1,10.482992172241211,11.081335067749023
TTTCGAACTCTCAT-1,-2.436084032058716,6.027921676635742
TTTCTACTGAGGCA-1,9.368700981140137,10.615924835205078
TTTCTACTTCCTCG-1,10.125244140625,11.32943344116211
TTTGCATGAGAGGC-1,13.451770782470703,4.449653625488281
TTTGCATGCCTCAC-1,10.112034797668457,6.040074348449707
